{"v":"5.6.6","fr":"2","ip":0,"op":"6","w":1080,"h":2340,"nm":"03","ddd":0,"assets":[{"id":"image_0","w":534,"h":300,"u":"images/","p":"img_0.jpg","e":0},{"id":"image_1","w":534,"h":300,"u":"images/","p":"img_1.jpg","e":0},{"id":"image_2","w":534,"h":300,"u":"images/","p":"img_2.jpg","e":0},{"id":"image_3","w":534,"h":300,"u":"images/","p":"img_3.jpg","e":0},{"id":"image_4","w":534,"h":300,"u":"images/","p":"img_4.jpg","e":0},{"id":"image_5","w":534,"h":300,"u":"images/","p":"img_5.jpg","e":0},{"id":"image_6","w":1080,"h":2340,"u":"images/","p":"02.png","e":0},{"id":"comp_0","layers":[{"ddd":0,"ind":1,"ty":2,"nm":"img_0.jpg","cl":"jpg","refId":"image_0","sr":1,"ks":{"o":{"a":0,"k":100,"ix":11},"r":{"a":0,"k":0,"ix":10},"p":{"a":0,"k":[267,150,0],"ix":2},"a":{"a":0,"k":[267,150,0],"ix":1},"s":{"a":0,"k":[100,100,100],"ix":6}},"ao":0,"ip":0,"op":1,"st":0,"bm":0},{"ddd":0,"ind":2,"ty":2,"nm":"img_1.jpg","cl":"jpg","refId":"image_1","sr":1,"ks":{"o":{"a":0,"k":100,"ix":11},"r":{"a":0,"k":0,"ix":10},"p":{"a":0,"k":[267,150,0],"ix":2},"a":{"a":0,"k":[267,150,0],"ix":1},"s":{"a":0,"k":[100,100,100],"ix":6}},"ao":0,"ip":1,"op":2,"st":1,"bm":0},{"ddd":0,"ind":3,"ty":2,"nm":"img_2.jpg","cl":"jpg","refId":"image_2","sr":1,"ks":{"o":{"a":0,"k":100,"ix":11},"r":{"a":0,"k":0,"ix":10},"p":{"a":0,"k":[267,150,0],"ix":2},"a":{"a":0,"k":[267,150,0],"ix":1},"s":{"a":0,"k":[100,100,100],"ix":6}},"ao":0,"ip":2,"op":3,"st":2,"bm":0},{"ddd":0,"ind":4,"ty":2,"nm":"img_3.jpg","cl":"jpg","refId":"image_3","sr":1,"ks":{"o":{"a":0,"k":100,"ix":11},"r":{"a":0,"k":0,"ix":10},"p":{"a":0,"k":[267,150,0],"ix":2},"a":{"a":0,"k":[267,150,0],"ix":1},"s":{"a":0,"k":[100,100,100],"ix":6}},"ao":0,"ip":3,"op":4,"st":3,"bm":0},{"ddd":0,"ind":5,"ty":2,"nm":"img_4.jpg","cl":"jpg","refId":"image_4","sr":1,"ks":{"o":{"a":0,"k":100,"ix":11},"r":{"a":0,"k":0,"ix":10},"p":{"a":0,"k":[267,150,0],"ix":2},"a":{"a":0,"k":[267,150,0],"ix":1},"s":{"a":0,"k":[100,100,100],"ix":6}},"ao":0,"ip":4,"op":5,"st":4,"bm":0},{"ddd":0,"ind":6,"ty":2,"nm":"img_5.jpg","cl":"jpg","refId":"image_5","sr":1,"ks":{"o":{"a":0,"k":100,"ix":11},"r":{"a":0,"k":0,"ix":10},"p":{"a":0,"k":[267,150,0],"ix":2},"a":{"a":0,"k":[267,150,0],"ix":1},"s":{"a":0,"k":[100,100,100],"ix":6}},"ao":0,"ip":5,"op":6,"st":5,"bm":0}]},{"id":"comp_1","layers":[{"ddd":0,"ind":1,"ty":4,"nm":"R contornos","sr":1,"ks":{"o":{"a":1,"k":[{"i":{"x":[0.667],"y":[1]},"o":{"x":[0.333],"y":[0]},"t":30.5,"s":[0]},{"i":{"x":[0.667],"y":[1]},"o":{"x":[0.167],"y":[0]},"t":69,"s":[100]},{"i":{"x":[0.833],"y":[1]},"o":{"x":[0.167],"y":[0]},"t":120.5,"s":[100]},{"t":155,"s":[0]}],"ix":11},"r":{"a":0,"k":0,"ix":10},"p":{"a":0,"k":[408.227,505.816,0],"ix":2},"a":{"a":0,"k":[43.828,52.638,0],"ix":1},"s":{"a":0,"k":[100,100,100],"ix":6}},"ao":0,"shapes":[{"ty":"gr","it":[{"ind":0,"ty":"sh","ix":1,"ks":{"a":0,"k":{"i":[[-4.777,3.917],[0,7.262],[4.777,3.865],[9.066,0],[0,0],[0,0],[0,0]],"o":[[4.777,-3.913],[0,-7.253],[-4.777,-3.869],[0,0],[0,0],[0,0],[9.066,0]],"v":[[18.122,1.574],[25.284,-15.185],[18.122,-31.872],[-2.647,-37.674],[-27.005,-37.674],[-27.005,7.448],[-2.647,7.448]],"c":true},"ix":2},"nm":"\u8def\u5f84 1","mn":"ADBE Vector Shape - Group","hd":false},{"ind":1,"ty":"sh","ix":2,"ks":{"a":0,"k":{"i":[[5.624,8.012],[0,0],[4.048,-0.002],[0,0],[0,0],[0,0],[7.91,0],[0,0],[0,0],[-7.449,-6.205],[0,-10.886],[3.825,-5.441],[7.074,-2.481],[0,0]],"o":[[0,0],[-2.326,-3.314],[0,0],[0,0],[0,0],[0,7.911],[0,0],[0,0],[12.986,0],[7.451,6.21],[0,7.738],[-3.817,5.445],[0,0],[-9.789,0]],"v":[[16.739,37.357],[7.998,24.909],[-2.172,19.626],[-2.218,19.626],[-27.005,19.626],[-27.005,35.815],[-41.328,50.138],[-41.328,-50.138],[-2.218,-50.138],[28.436,-40.828],[39.607,-15.185],[33.878,4.583],[17.546,16.474],[41.328,50.138]],"c":true},"ix":2},"nm":"\u8def\u5f84 2","mn":"ADBE Vector Shape - Group","hd":false},{"ty":"st","c":{"a":0,"k":[0.00526107708,0.006264721975,0.011091979221,1],"ix":3},"o":{"a":0,"k":100,"ix":4},"w":{"a":0,"k":2,"ix":5},"lc":1,"lj":1,"ml":10,"bm":0,"nm":"Trazo 1","mn":"ADBE Vector Graphic - Stroke","hd":false},{"ty":"fl","c":{"a":0,"k":[0.00526107708,0.006264721975,0.011091979221,1],"ix":4},"o":{"a":0,"k":100,"ix":5},"r":1,"bm":0,"nm":"Relleno 1","mn":"ADBE Vector Graphic - Fill","hd":false},{"ty":"tr","p":{"a":0,"k":[43.828,52.638],"ix":2},"a":{"a":0,"k":[0,0],"ix":1},"s":{"a":0,"k":[100,100],"ix":3},"r":{"a":0,"k":0,"ix":6},"o":{"a":0,"k":100,"ix":7},"sk":{"a":0,"k":0,"ix":4},"sa":{"a":0,"k":0,"ix":5},"nm":"\u53d8\u6362"}],"nm":"Grupo 1","np":4,"cix":2,"bm":0,"ix":1,"mn":"ADBE Vector Group","hd":false}],"ip":13.5,"op":110,"st":13.5,"bm":0},{"ddd":0,"ind":2,"ty":4,"nm":"E contornos","sr":1,"ks":{"o":{"a":1,"k":[{"i":{"x":[0.667],"y":[1]},"o":{"x":[0.333],"y":[0]},"t":54.5,"s":[0]},{"i":{"x":[0.667],"y":[1]},"o":{"x":[0.167],"y":[0]},"t":93,"s":[100]},{"i":{"x":[0.833],"y":[1]},"o":{"x":[0.167],"y":[0]},"t":141,"s":[100]},{"t":176,"s":[0]}],"ix":11},"r":{"a":0,"k":0,"ix":10},"p":{"a":0,"k":[574.752,505.816,0],"ix":2},"a":{"a":0,"k":[38.884,52.638,0],"ix":1},"s":{"a":0,"k":[100,100,100],"ix":6}},"ao":0,"shapes":[{"ty":"gr","it":[{"ind":0,"ty":"sh","ix":1,"ks":{"a":0,"k":{"i":[[0,-6.883],[0,0],[0,0],[0,0],[0,0],[6.883,0],[0,0],[0,0],[0,0],[0,0],[0,0],[0,0],[0,0]],"o":[[0,0],[0,0],[0,0],[0,0],[0,6.883],[0,0],[0,0],[0,0],[0,0],[0,0],[0,0],[0,0],[6.883,0]],"v":[[36.385,50.138],[36.385,50.138],[-36.385,50.138],[-36.385,-50.138],[34.385,-50.138],[21.922,-37.675],[-22.062,-37.675],[-22.062,-6.875],[28.227,-6.875],[28.227,5.299],[-22.062,5.299],[-22.062,37.675],[23.922,37.675]],"c":true},"ix":2},"nm":"\u8def\u5f84 1","mn":"ADBE Vector Shape - Group","hd":false},{"ty":"st","c":{"a":0,"k":[0.00526107708,0.006264721975,0.011091979221,1],"ix":3},"o":{"a":0,"k":100,"ix":4},"w":{"a":0,"k":2,"ix":5},"lc":1,"lj":1,"ml":10,"bm":0,"nm":"Trazo 1","mn":"ADBE Vector Graphic - Stroke","hd":false},{"ty":"fl","c":{"a":0,"k":[0.00526107708,0.006264721975,0.011091979221,1],"ix":4},"o":{"a":0,"k":100,"ix":5},"r":1,"bm":0,"nm":"Relleno 1","mn":"ADBE Vector Graphic - Fill","hd":false},{"ty":"tr","p":{"a":0,"k":[38.884,52.638],"ix":2},"a":{"a":0,"k":[0,0],"ix":1},"s":{"a":0,"k":[100,100],"ix":3},"r":{"a":0,"k":0,"ix":6},"o":{"a":0,"k":100,"ix":7},"sk":{"a":0,"k":0,"ix":4},"sa":{"a":0,"k":0,"ix":5},"nm":"\u53d8\u6362"}],"nm":"Grupo 1","np":3,"cix":2,"bm":0,"ix":1,"mn":"ADBE Vector Group","hd":false}],"ip":39,"op":110,"st":39,"bm":0},{"ddd":0,"ind":3,"ty":4,"nm":"L contornos","sr":1,"ks":{"o":{"a":1,"k":[{"i":{"x":[0.667],"y":[1]},"o":{"x":[0.333],"y":[0]},"t":36,"s":[0]},{"i":{"x":[0.667],"y":[1]},"o":{"x":[0.167],"y":[0]},"t":74.5,"s":[100]},{"i":{"x":[0.833],"y":[1]},"o":{"x":[0.167],"y":[0]},"t":124,"s":[100]},{"t":160,"s":[0]}],"ix":11},"r":{"a":0,"k":0,"ix":10},"p":{"a":0,"k":[735.98,505.816,0],"ix":2},"a":{"a":0,"k":[36.811,52.638,0],"ix":1},"s":{"a":0,"k":[100,100,100],"ix":6}},"ao":0,"shapes":[{"ty":"gr","it":[{"ind":0,"ty":"sh","ix":1,"ks":{"a":0,"k":{"i":[[0,0],[0,0],[0,-7.91],[0,0],[0,0],[0,-6.883],[0,0]],"o":[[0,0],[7.911,0],[0,0],[0,0],[6.883,0],[0,0],[0,0]],"v":[[-34.31,-50.138],[-34.31,-50.138],[-19.987,-35.815],[-19.987,37.675],[21.847,37.675],[34.31,50.138],[-34.31,50.138]],"c":true},"ix":2},"nm":"\u8def\u5f84 1","mn":"ADBE Vector Shape - Group","hd":false},{"ty":"st","c":{"a":0,"k":[0.00526107708,0.006264721975,0.011091979221,1],"ix":3},"o":{"a":0,"k":100,"ix":4},"w":{"a":0,"k":2,"ix":5},"lc":1,"lj":1,"ml":10,"bm":0,"nm":"Trazo 1","mn":"ADBE Vector Graphic - Stroke","hd":false},{"ty":"fl","c":{"a":0,"k":[0.00526107708,0.006264721975,0.011091979221,1],"ix":4},"o":{"a":0,"k":100,"ix":5},"r":1,"bm":0,"nm":"Relleno 1","mn":"ADBE Vector Graphic - Fill","hd":false},{"ty":"tr","p":{"a":0,"k":[36.81,52.638],"ix":2},"a":{"a":0,"k":[0,0],"ix":1},"s":{"a":0,"k":[100,100],"ix":3},"r":{"a":0,"k":0,"ix":6},"o":{"a":0,"k":100,"ix":7},"sk":{"a":0,"k":0,"ix":4},"sa":{"a":0,"k":0,"ix":5},"nm":"\u53d8\u6362"}],"nm":"Grupo 1","np":3,"cix":2,"bm":0,"ix":1,"mn":"ADBE Vector Group","hd":false}],"ip":22.5,"op":110,"st":22.5,"bm":0},{"ddd":0,"ind":4,"ty":4,"nm":"I contornos","sr":1,"ks":{"o":{"a":1,"k":[{"i":{"x":[0.667],"y":[1]},"o":{"x":[0.333],"y":[0]},"t":60,"s":[0]},{"i":{"x":[0.667],"y":[1]},"o":{"x":[0.167],"y":[0]},"t":98.5,"s":[100]},{"i":{"x":[0.833],"y":[1]},"o":{"x":[0.167],"y":[0]},"t":146.5,"s":[100]},{"t":179.5,"s":[0]}],"ix":11},"r":{"a":0,"k":0,"ix":10},"p":{"a":0,"k":[861.251,505.816,0],"ix":2},"a":{"a":0,"k":[9.661,52.638,0],"ix":1},"s":{"a":0,"k":[100,100,100],"ix":6}},"ao":0,"shapes":[{"ty":"gr","it":[{"ind":0,"ty":"sh","ix":1,"ks":{"a":0,"k":{"i":[[0,0],[0,0],[0,-7.91],[0,0],[0,7.911]],"o":[[0,0],[7.911,0],[0,0],[-7.91,0],[0,0]],"v":[[-7.161,-50.138],[-7.161,-50.138],[7.161,-35.815],[7.161,50.138],[-7.161,35.814]],"c":true},"ix":2},"nm":"\u8def\u5f84 1","mn":"ADBE Vector Shape - Group","hd":false},{"ty":"st","c":{"a":0,"k":[0.00526107708,0.006264721975,0.011091979221,1],"ix":3},"o":{"a":0,"k":100,"ix":4},"w":{"a":0,"k":2,"ix":5},"lc":1,"lj":1,"ml":10,"bm":0,"nm":"Trazo 1","mn":"ADBE Vector Graphic - Stroke","hd":false},{"ty":"fl","c":{"a":0,"k":[0.00526107708,0.006264721975,0.011091979221,1],"ix":4},"o":{"a":0,"k":100,"ix":5},"r":1,"bm":0,"nm":"Relleno 1","mn":"ADBE Vector Graphic - Fill","hd":false},{"ty":"tr","p":{"a":0,"k":[9.661,52.638],"ix":2},"a":{"a":0,"k":[0,0],"ix":1},"s":{"a":0,"k":[100,100],"ix":3},"r":{"a":0,"k":0,"ix":6},"o":{"a":0,"k":100,"ix":7},"sk":{"a":0,"k":0,"ix":4},"sa":{"a":0,"k":0,"ix":5},"nm":"\u53d8\u6362"}],"nm":"Grupo 1","np":3,"cix":2,"bm":0,"ix":1,"mn":"ADBE Vector Group","hd":false}],"ip":48.5,"op":110,"st":48.5,"bm":0},{"ddd":0,"ind":5,"ty":0,"nm":"Q","refId":"comp_2","sr":1,"ks":{"o":{"a":0,"k":100,"ix":11},"r":{"a":0,"k":0,"ix":10},"p":{"a":0,"k":[960,540,0],"ix":2},"a":{"a":0,"k":[960,540,0],"ix":1},"s":{"a":0,"k":[100,100,100],"ix":6}},"ao":0,"w":1920,"h":1080,"ip":1,"op":241,"st":1,"bm":0},{"ddd":0,"ind":6,"ty":4,"nm":"I contornos","sr":1,"ks":{"o":{"a":1,"k":[{"i":{"x":[0.667],"y":[1]},"o":{"x":[0.333],"y":[0]},"t":42.5,"s":[0]},{"i":{"x":[0.667],"y":[1]},"o":{"x":[0.167],"y":[0]},"t":81,"s":[100]},{"i":{"x":[0.833],"y":[1]},"o":{"x":[0.167],"y":[0]},"t":129,"s":[100]},{"t":162,"s":[0]}],"ix":11},"r":{"a":0,"k":0,"ix":10},"p":{"a":0,"k":[1160.642,505.816,0],"ix":2},"a":{"a":0,"k":[9.662,52.638,0],"ix":1},"s":{"a":0,"k":[100,100,100],"ix":6}},"ao":0,"shapes":[{"ty":"gr","it":[{"ind":0,"ty":"sh","ix":1,"ks":{"a":0,"k":{"i":[[0,0],[0,0],[0,-7.91],[0,0],[0,7.911]],"o":[[0,0],[7.91,0],[0,0],[-7.91,0],[0,0]],"v":[[-7.161,-50.138],[-7.161,-50.138],[7.161,-35.815],[7.161,50.138],[-7.161,35.814]],"c":true},"ix":2},"nm":"\u8def\u5f84 1","mn":"ADBE Vector Shape - Group","hd":false},{"ty":"st","c":{"a":0,"k":[0.00526107708,0.006264721975,0.011091979221,1],"ix":3},"o":{"a":0,"k":100,"ix":4},"w":{"a":0,"k":2,"ix":5},"lc":1,"lj":1,"ml":10,"bm":0,"nm":"Trazo 1","mn":"ADBE Vector Graphic - Stroke","hd":false},{"ty":"fl","c":{"a":0,"k":[0.00526107708,0.006264721975,0.011091979221,1],"ix":4},"o":{"a":0,"k":100,"ix":5},"r":1,"bm":0,"nm":"Relleno 1","mn":"ADBE Vector Graphic - Fill","hd":false},{"ty":"tr","p":{"a":0,"k":[9.662,52.638],"ix":2},"a":{"a":0,"k":[0,0],"ix":1},"s":{"a":0,"k":[100,100],"ix":3},"r":{"a":0,"k":0,"ix":6},"o":{"a":0,"k":100,"ix":7},"sk":{"a":0,"k":0,"ix":4},"sa":{"a":0,"k":0,"ix":5},"nm":"\u53d8\u6362"}],"nm":"Grupo 1","np":3,"cix":2,"bm":0,"ix":1,"mn":"ADBE Vector Group","hd":false}],"ip":31,"op":110,"st":31,"bm":0},{"ddd":0,"ind":7,"ty":4,"nm":"U contornos","sr":1,"ks":{"o":{"a":1,"k":[{"i":{"x":[0.667],"y":[1]},"o":{"x":[0.333],"y":[0]},"t":68,"s":[0]},{"i":{"x":[0.667],"y":[1]},"o":{"x":[0.167],"y":[0]},"t":106.5,"s":[100]},{"i":{"x":[0.833],"y":[1]},"o":{"x":[0.167],"y":[0]},"t":154.5,"s":[100]},{"t":179.5,"s":[0]}],"ix":11},"r":{"a":0,"k":0,"ix":10},"p":{"a":0,"k":[1306.765,506.388,0],"ix":2},"a":{"a":0,"k":[44.902,53.21,0],"ix":1},"s":{"a":0,"k":[100,100,100],"ix":6}},"ao":0,"shapes":[{"ty":"gr","it":[{"ind":0,"ty":"sh","ix":1,"ks":{"a":0,"k":{"i":[[7.45,7.642],[0,14.328],[0,0],[0,-7.91],[0,0],[-18.813,0],[-4.865,5.301],[0,10.887],[0,0],[-7.675,0],[0,0],[7.449,-7.594],[13.372,0]],"o":[[-7.45,-7.638],[0,0],[7.91,0],[0,0],[0,21.489],[9.17,0],[4.874,-5.302],[0,0],[0,-7.674],[0,0],[0,14.424],[-7.441,7.59],[-13.371,0]],"v":[[-31.232,39.251],[-42.402,6.303],[-42.402,-50.71],[-28.079,-36.387],[-28.079,5.732],[0.14,37.964],[21.196,30.012],[28.506,5.732],[28.506,-36.814],[42.402,-50.71],[42.402,6.303],[31.223,39.326],[-0.001,50.71]],"c":true},"ix":2},"nm":"\u8def\u5f84 1","mn":"ADBE Vector Shape - Group","hd":false},{"ty":"st","c":{"a":0,"k":[0.00526107708,0.006264721975,0.011091979221,1],"ix":3},"o":{"a":0,"k":100,"ix":4},"w":{"a":0,"k":2,"ix":5},"lc":1,"lj":1,"ml":10,"bm":0,"nm":"Trazo 1","mn":"ADBE Vector Graphic - Stroke","hd":false},{"ty":"fl","c":{"a":0,"k":[0.00526107708,0.006264721975,0.011091979221,1],"ix":4},"o":{"a":0,"k":100,"ix":5},"r":1,"bm":0,"nm":"Relleno 1","mn":"ADBE Vector Graphic - Fill","hd":false},{"ty":"tr","p":{"a":0,"k":[44.902,53.21],"ix":2},"a":{"a":0,"k":[0,0],"ix":1},"s":{"a":0,"k":[100,100],"ix":3},"r":{"a":0,"k":0,"ix":6},"o":{"a":0,"k":100,"ix":7},"sk":{"a":0,"k":0,"ix":4},"sa":{"a":0,"k":0,"ix":5},"nm":"\u53d8\u6362"}],"nm":"Grupo 1","np":3,"cix":2,"bm":0,"ix":1,"mn":"ADBE Vector Group","hd":false}],"ip":54.5,"op":110,"st":54.5,"bm":0},{"ddd":0,"ind":8,"ty":4,"nm":"M contornos","sr":1,"ks":{"o":{"a":1,"k":[{"i":{"x":[0.667],"y":[1]},"o":{"x":[0.333],"y":[0]},"t":49,"s":[0]},{"i":{"x":[0.667],"y":[1]},"o":{"x":[0.167],"y":[0]},"t":87.5,"s":[100]},{"i":{"x":[0.833],"y":[1]},"o":{"x":[0.167],"y":[0]},"t":136.5,"s":[100]},{"t":166.5,"s":[0]}],"ix":11},"r":{"a":0,"k":0,"ix":10},"p":{"a":0,"k":[1499.22,505.816,0],"ix":2},"a":{"a":0,"k":[55.863,52.637,0],"ix":1},"s":{"a":0,"k":[100,100,100],"ix":6}},"ao":0,"shapes":[{"ty":"gr","it":[{"ind":0,"ty":"sh","ix":1,"ks":{"a":0,"k":{"i":[[0.015,7.601],[0,0],[0,0],[0,0],[0,0],[0,0],[7.596,0],[0,0],[-3.717,-6.262],[0,0],[-1.996,3.411],[0,0],[-7.275,0],[0,0]],"o":[[0,0],[0,0],[0,0],[0,0],[0,0],[0,7.597],[0,0],[7.282,0],[0,0],[2.017,3.398],[0,0],[3.675,-6.279],[0,0],[-7.601,0]],"v":[[39.581,36.382],[39.468,-22.919],[3.223,37.964],[-3.363,37.964],[-39.608,-22.491],[-39.608,36.382],[-53.363,50.137],[-53.363,-50.137],[-35.62,-40.036],[-4.273,12.775],[4.663,12.748],[35.533,-39.999],[53.214,-50.137],[53.363,50.137]],"c":true},"ix":2},"nm":"\u8def\u5f84 1","mn":"ADBE Vector Shape - Group","hd":false},{"ty":"st","c":{"a":0,"k":[0.00526107708,0.006264721975,0.011091979221,1],"ix":3},"o":{"a":0,"k":100,"ix":4},"w":{"a":0,"k":2,"ix":5},"lc":1,"lj":1,"ml":10,"bm":0,"nm":"Trazo 1","mn":"ADBE Vector Graphic - Stroke","hd":false},{"ty":"fl","c":{"a":0,"k":[0.00526107708,0.006264721975,0.011091979221,1],"ix":4},"o":{"a":0,"k":100,"ix":5},"r":1,"bm":0,"nm":"Relleno 1","mn":"ADBE Vector Graphic - Fill","hd":false},{"ty":"tr","p":{"a":0,"k":[55.862,52.638],"ix":2},"a":{"a":0,"k":[0,0],"ix":1},"s":{"a":0,"k":[100,100],"ix":3},"r":{"a":0,"k":0,"ix":6},"o":{"a":0,"k":100,"ix":7},"sk":{"a":0,"k":0,"ix":4},"sa":{"a":0,"k":0,"ix":5},"nm":"\u53d8\u6362"}],"nm":"Grupo 1","np":3,"cix":2,"bm":0,"ix":1,"mn":"ADBE Vector Group","hd":false}],"ip":33.5,"op":110,"st":33.5,"bm":0}]},{"id":"comp_2","layers":[{"ddd":0,"ind":1,"ty":4,"nm":"Q 2 contornos","sr":1,"ks":{"o":{"a":1,"k":[{"i":{"x":[0.409],"y":[1]},"o":{"x":[0.333],"y":[0]},"t":4,"s":[0]},{"i":{"x":[0.409],"y":[1]},"o":{"x":[0.167],"y":[0]},"t":36.5,"s":[100]},{"i":{"x":[0.667],"y":[1]},"o":{"x":[0.637],"y":[0]},"t":161,"s":[100]},{"t":205,"s":[0]}],"ix":11},"r":{"a":1,"k":[{"i":{"x":[0.323],"y":[1]},"o":{"x":[0.333],"y":[0]},"t":4,"s":[-180]},{"i":{"x":[0.323],"y":[1]},"o":{"x":[0.225],"y":[0]},"t":36.5,"s":[0]},{"i":{"x":[0.667],"y":[1]},"o":{"x":[0.803],"y":[0]},"t":161,"s":[0]},{"t":205,"s":[-180]}],"ix":10},"p":{"a":0,"k":[1011.579,506.063,0],"ix":2},"a":{"a":0,"k":[54.597,53.098,0],"ix":1},"s":{"a":1,"k":[{"i":{"x":[0.667,0.667,0.667],"y":[1,1,1]},"o":{"x":[0.333,0.333,0.333],"y":[0,0,0]},"t":4,"s":[90,90,100]},{"i":{"x":[0.667,0.667,0.667],"y":[1,1,1]},"o":{"x":[0.167,0.167,0.167],"y":[0,0,0]},"t":36.5,"s":[100,100,100]},{"i":{"x":[0.667,0.667,0.667],"y":[1,1,1]},"o":{"x":[0.637,0.637,0.167],"y":[0,0,0]},"t":161,"s":[100,100,100]},{"t":205,"s":[90,90,100]}],"ix":6}},"ao":0,"hasMask":true,"masksProperties":[{"inv":false,"mode":"a","pt":{"a":0,"k":{"i":[[0,0],[0,0],[0,0]],"o":[[0,0],[0,0],[0,0]],"v":[[0.424,-0.963],[0.423,1.708],[4.34,0.503]],"c":true},"ix":1},"o":{"a":0,"k":100,"ix":3},"x":{"a":0,"k":0,"ix":4},"nm":"\u8499\u7248 1"}],"shapes":[{"ty":"gr","it":[{"ind":0,"ty":"sh","ix":1,"ks":{"a":0,"k":{"i":[[-0.858,18.789],[28.96,0],[0,0],[0,-27.848],[-16.786,-8.15],[0,0],[0,0],[1.131,11.103],[-22.321,0],[0,0],[-1.961,-19.482],[22.306,0],[0,0],[2.082,0.344],[0,0],[0,0],[0,3.053],[-10.096,5.03]],"o":[[1.322,-28.93],[0,0],[-27.729,0],[0,19.877],[0,0],[0,0],[-8.558,-6.116],[-2.308,-22.67],[0,0],[19.581,0],[2.279,22.651],[0,0],[-2.165,0],[0,0],[0,0],[3.053,0],[0,-11.28],[15.889,-7.916]],"v":[[50.776,-11.216],[-0.368,-63.849],[-1.8,-63.849],[-52.097,-13.438],[-23.707,31.789],[-23.707,17.044],[-23.707,17.043],[-39.376,-9.678],[-1.019,-51.324],[-0.327,-51.324],[38.112,-17.271],[-0.248,24.331],[-0.986,24.331],[-7.363,23.799],[-7.363,63.849],[1.001,63.849],[6.53,58.319],[22.888,31.573]],"c":true},"ix":2},"nm":"\u8def\u5f84 1","mn":"ADBE Vector Shape - Group","hd":false},{"ty":"st","c":{"a":0,"k":[0.00526107708,0.006264721975,0.011091979221,1],"ix":3},"o":{"a":0,"k":100,"ix":4},"w":{"a":0,"k":2,"ix":5},"lc":1,"lj":1,"ml":10,"bm":0,"nm":"Trazo 1","mn":"ADBE Vector Graphic - Stroke","hd":false},{"ty":"fl","c":{"a":0,"k":[0.00526107708,0.006264721975,0.011091979221,1],"ix":4},"o":{"a":0,"k":100,"ix":5},"r":1,"bm":0,"nm":"Relleno 1","mn":"ADBE Vector Graphic - Fill","hd":false},{"ty":"tr","p":{"a":0,"k":[54.597,66.349],"ix":2},"a":{"a":0,"k":[0,0],"ix":1},"s":{"a":0,"k":[100,100],"ix":3},"r":{"a":0,"k":0,"ix":6},"o":{"a":0,"k":100,"ix":7},"sk":{"a":0,"k":0,"ix":4},"sa":{"a":0,"k":0,"ix":5},"nm":"\u53d8\u6362"}],"nm":"Grupo 1","np":3,"cix":2,"bm":0,"ix":1,"mn":"ADBE Vector Group","hd":false}],"ip":0,"op":244,"st":0,"bm":0},{"ddd":0,"ind":2,"ty":4,"nm":"Q contornos","sr":1,"ks":{"o":{"a":1,"k":[{"i":{"x":[0.833],"y":[0.833]},"o":{"x":[0.333],"y":[0]},"t":4,"s":[0]},{"i":{"x":[0.833],"y":[0.833]},"o":{"x":[0.167],"y":[0.167]},"t":36.5,"s":[100]},{"i":{"x":[0.667],"y":[1]},"o":{"x":[0.167],"y":[0.167]},"t":161,"s":[100]},{"t":205,"s":[0]}],"ix":11},"r":{"a":1,"k":[{"i":{"x":[0.833],"y":[0.833]},"o":{"x":[0.333],"y":[0]},"t":4,"s":[-180]},{"i":{"x":[0.833],"y":[0.833]},"o":{"x":[0.167],"y":[0.167]},"t":36.5,"s":[0]},{"i":{"x":[0.667],"y":[1]},"o":{"x":[0.167],"y":[0.167]},"t":161,"s":[0]},{"t":205,"s":[-180]}],"ix":10},"p":{"a":0,"k":[1011.579,506.063,0],"ix":2},"a":{"a":0,"k":[54.597,53.098,0],"ix":1},"s":{"a":1,"k":[{"i":{"x":[0.667,0.667,0.667],"y":[1,1,1]},"o":{"x":[0.333,0.333,0.333],"y":[0,0,0]},"t":4,"s":[90,90,100]},{"i":{"x":[0.667,0.667,0.667],"y":[1,1,1]},"o":{"x":[0.167,0.167,0.167],"y":[0,0,0]},"t":36.5,"s":[100,100,100]},{"i":{"x":[0.667,0.667,0.667],"y":[1,1,1]},"o":{"x":[0.655,0.655,0.167],"y":[0,0,0]},"t":161,"s":[100,100,100]},{"t":205,"s":[90,90,100]}],"ix":6}},"ao":0,"shapes":[{"ty":"gr","it":[{"ind":0,"ty":"sh","ix":1,"ks":{"a":0,"k":{"i":[[-0.858,18.789],[28.96,0],[0,0],[0,-27.848],[-16.786,-8.15],[0,0],[0,0],[1.131,11.103],[-22.321,0],[0,0],[-1.961,-19.482],[22.306,0],[0,0],[2.082,0.344],[0,0],[0,0],[0,3.053],[-10.096,5.03]],"o":[[1.322,-28.93],[0,0],[-27.729,0],[0,19.877],[0,0],[0,0],[-8.558,-6.116],[-2.308,-22.67],[0,0],[19.581,0],[2.279,22.651],[0,0],[-2.165,0],[0,0],[0,0],[3.053,0],[0,-11.28],[15.889,-7.916]],"v":[[50.776,-11.216],[-0.368,-63.849],[-1.8,-63.849],[-52.097,-13.438],[-23.707,31.789],[-23.707,17.044],[-23.707,17.043],[-39.376,-9.678],[-1.019,-51.324],[-0.327,-51.324],[38.112,-17.271],[-0.248,24.331],[-0.986,24.331],[-7.363,23.799],[-7.363,63.849],[1.001,63.849],[6.53,58.319],[22.888,31.573]],"c":true},"ix":2},"nm":"\u8def\u5f84 1","mn":"ADBE Vector Shape - Group","hd":false},{"ty":"st","c":{"a":0,"k":[0.00526107708,0.006264721975,0.011091979221,1],"ix":3},"o":{"a":0,"k":100,"ix":4},"w":{"a":0,"k":2,"ix":5},"lc":1,"lj":1,"ml":10,"bm":0,"nm":"Trazo 1","mn":"ADBE Vector Graphic - Stroke","hd":false},{"ty":"fl","c":{"a":0,"k":[0.00526107708,0.006264721975,0.011091979221,1],"ix":4},"o":{"a":0,"k":100,"ix":5},"r":1,"bm":0,"nm":"Relleno 1","mn":"ADBE Vector Graphic - Fill","hd":false},{"ty":"tr","p":{"a":0,"k":[54.597,66.349],"ix":2},"a":{"a":0,"k":[0,0],"ix":1},"s":{"a":0,"k":[100,100],"ix":3},"r":{"a":0,"k":0,"ix":6},"o":{"a":0,"k":100,"ix":7},"sk":{"a":0,"k":0,"ix":4},"sa":{"a":0,"k":0,"ix":5},"nm":"\u53d8\u6362"}],"nm":"Grupo 1","np":3,"cix":2,"bm":0,"ix":1,"mn":"ADBE Vector Group","hd":false}],"ip":0,"op":244,"st":0,"bm":0}]},{"id":"comp_3","layers":[{"ddd":0,"ind":1,"ty":0,"nm":"Pre-comp 3","refId":"comp_4","sr":1,"ks":{"o":{"a":0,"k":100,"ix":11},"r":{"a":0,"k":0,"ix":10},"p":{"a":0,"k":[107.5,29,0],"ix":2},"a":{"a":0,"k":[112,35,0],"ix":1},"s":{"a":0,"k":[100,100,100],"ix":6}},"ao":0,"w":227,"h":71,"ip":0,"op":300,"st":0,"bm":0}]},{"id":"comp_4","layers":[{"ddd":0,"ind":1,"ty":0,"nm":"Pre-comp 2","refId":"comp_5","sr":1,"ks":{"o":{"a":0,"k":100,"ix":11},"r":{"a":0,"k":0,"ix":10},"p":{"a":0,"k":[113.75,35,0],"ix":2},"a":{"a":0,"k":[173,29,0],"ix":1},"s":{"a":0,"k":[-100,100,100],"ix":6}},"ao":0,"hasMask":true,"masksProperties":[{"inv":false,"mode":"a","pt":{"a":0,"k":{"i":[[0,0],[0,0],[0,0],[0,0]],"o":[[0,0],[0,0],[0,0],[0,0]],"v":[[170,0],[0,0],[0,60.5],[170,60.5]],"c":true},"ix":1},"o":{"a":0,"k":100,"ix":3},"x":{"a":0,"k":0,"ix":4},"nm":"\u8499\u7248 1"}],"w":171,"h":62,"ip":0,"op":300,"st":0,"bm":0},{"ddd":0,"ind":2,"ty":0,"nm":"Pre-comp 2","refId":"comp_5","sr":1,"ks":{"o":{"a":0,"k":100,"ix":11},"r":{"a":0,"k":0,"ix":10},"p":{"a":0,"k":[112,35,0],"ix":2},"a":{"a":0,"k":[173,29,0],"ix":1},"s":{"a":0,"k":[100,100,100],"ix":6}},"ao":0,"hasMask":true,"masksProperties":[{"inv":false,"mode":"a","pt":{"a":0,"k":{"i":[[0,0],[0,0],[0,0],[0,0]],"o":[[0,0],[0,0],[0,0],[0,0]],"v":[[170,0],[0,0],[0,60.5],[170,60.5]],"c":true},"ix":1},"o":{"a":0,"k":100,"ix":3},"x":{"a":0,"k":0,"ix":4},"nm":"\u8499\u7248 1"}],"w":171,"h":62,"ip":0,"op":300,"st":0,"bm":0}]},{"id":"comp_5","layers":[{"ddd":0,"ind":1,"ty":0,"nm":"arrow","refId":"comp_6","sr":1,"ks":{"o":{"a":0,"k":100,"ix":11},"r":{"a":0,"k":0,"ix":10},"p":{"a":0,"k":[173,29,0],"ix":2},"a":{"a":0,"k":[163,30,0],"ix":1},"s":{"a":0,"k":[100,100,100],"ix":6}},"ao":0,"w":161,"h":60,"ip":24,"op":324,"st":24,"bm":0},{"ddd":0,"ind":2,"ty":0,"nm":"arrow","refId":"comp_6","sr":1,"ks":{"o":{"a":0,"k":100,"ix":11},"r":{"a":0,"k":0,"ix":10},"p":{"a":0,"k":[173,29,0],"ix":2},"a":{"a":0,"k":[163,30,0],"ix":1},"s":{"a":0,"k":[100,100,100],"ix":6}},"ao":0,"w":161,"h":60,"ip":18,"op":318,"st":18,"bm":0},{"ddd":0,"ind":3,"ty":0,"nm":"arrow","refId":"comp_6","sr":1,"ks":{"o":{"a":0,"k":100,"ix":11},"r":{"a":0,"k":0,"ix":10},"p":{"a":0,"k":[173,29,0],"ix":2},"a":{"a":0,"k":[163,30,0],"ix":1},"s":{"a":0,"k":[100,100,100],"ix":6}},"ao":0,"w":161,"h":60,"ip":12,"op":312,"st":12,"bm":0},{"ddd":0,"ind":4,"ty":0,"nm":"arrow","refId":"comp_6","sr":1,"ks":{"o":{"a":0,"k":100,"ix":11},"r":{"a":0,"k":0,"ix":10},"p":{"a":0,"k":[173,29,0],"ix":2},"a":{"a":0,"k":[163,30,0],"ix":1},"s":{"a":0,"k":[100,100,100],"ix":6}},"ao":0,"w":161,"h":60,"ip":6,"op":306,"st":6,"bm":0},{"ddd":0,"ind":5,"ty":0,"nm":"arrow","refId":"comp_6","sr":1,"ks":{"o":{"a":0,"k":100,"ix":11},"r":{"a":0,"k":0,"ix":10},"p":{"a":0,"k":[173,29,0],"ix":2},"a":{"a":0,"k":[163,30,0],"ix":1},"s":{"a":0,"k":[100,100,100],"ix":6}},"ao":0,"w":161,"h":60,"ip":0,"op":300,"st":0,"bm":0}]},{"id":"comp_6","layers":[{"ddd":0,"ind":1,"ty":4,"nm":"Path 25","sr":1,"ks":{"o":{"a":1,"k":[{"i":{"x":[0.58],"y":[1]},"o":{"x":[0.42],"y":[0]},"t":0,"s":[0]},{"i":{"x":[0.58],"y":[1]},"o":{"x":[0.42],"y":[0]},"t":6,"s":[100]},{"i":{"x":[0.58],"y":[1]},"o":{"x":[0.42],"y":[0]},"t":20.5,"s":[100]},{"t":32.5,"s":[0]}],"ix":11},"r":{"a":0,"k":0,"ix":10},"p":{"a":1,"k":[{"i":{"x":0.58,"y":1},"o":{"x":0.42,"y":0},"t":0,"s":[146.806,30.924,0],"to":[-13.208,0,0],"ti":[13.208,0,0]},{"t":32.5,"s":[67.556,30.924,0]}],"ix":2},"a":{"a":0,"k":[9.215,16.166,0],"ix":1},"s":{"a":1,"k":[{"i":{"x":[0.833,0.833,0.833],"y":[0.814,0.814,1]},"o":{"x":[0.167,0.167,0.167],"y":[0,0,0]},"t":0,"s":[0,0,100]},{"t":32.5,"s":[100,100,100]}],"ix":6}},"ao":0,"shapes":[{"ty":"gr","it":[{"ind":0,"ty":"sh","ix":1,"ks":{"a":0,"k":{"i":[[-0.442,-0.442],[0,0],[-0.884,0.885],[0.884,0.884],[0,0],[0,0],[0.884,0.884],[0.884,-0.884],[0,0],[0,-0.579]],"o":[[0,0],[0.884,0.885],[0.884,-0.884],[0,0],[0,0],[0.884,-0.884],[-0.884,-0.884],[0,0],[-0.442,0.442],[0,0.58]],"v":[[0.663,17.767],[14.565,31.668],[17.767,31.668],[17.767,28.467],[5.466,16.166],[17.767,3.865],[17.767,0.663],[14.565,0.663],[0.663,14.565],[0,16.166]],"c":true},"ix":2},"nm":"\u8def\u5f84 1","mn":"ADBE Vector Shape - Group","hd":false},{"ty":"fl","c":{"a":0,"k":[0.101960785687,0.40000000596,0.996078431606,1],"ix":4},"o":{"a":0,"k":100,"ix":5},"r":1,"bm":0,"nm":"Fill 1","mn":"ADBE Vector Graphic - Fill","hd":false},{"ty":"tr","p":{"a":0,"k":[0,0],"ix":2},"a":{"a":0,"k":[0,0],"ix":1},"s":{"a":0,"k":[100,100],"ix":3},"r":{"a":0,"k":0,"ix":6},"o":{"a":0,"k":100,"ix":7},"sk":{"a":0,"k":0,"ix":4},"sa":{"a":0,"k":0,"ix":5},"nm":"\u53d8\u6362"}],"nm":"Path 25","np":2,"cix":2,"bm":0,"ix":1,"mn":"ADBE Vector Group","hd":false}],"ip":0,"op":6,"st":0,"bm":0}]}],"layers":[{"ddd":0,"ind":1,"ty":0,"nm":"img_0","refId":"comp_0","sr":1,"ks":{"o":{"a":0,"k":100,"ix":11},"r":{"a":0,"k":0,"ix":10},"p":{"a":0,"k":[540,441.9,0],"ix":2},"a":{"a":0,"k":[267,150,0],"ix":1},"s":{"a":0,"k":[202.5,202.5,100],"ix":6}},"ao":0,"w":534,"h":300,"ip":0,"op":330,"st":0,"bm":0},{"ddd":0,"ind":4,"ty":0,"nm":"Precomp. 1","refId":"comp_1","sr":1,"ks":{"o":{"a":0,"k":100,"ix":11},"r":{"a":0,"k":0,"ix":10},"p":{"a":0,"k":[540,871,0],"ix":2},"a":{"a":0,"k":[960,540,0],"ix":1},"s":{"a":0,"k":[50,50,100],"ix":6}},"ao":0,"w":1920,"h":1080,"ip":0,"op":110,"st":0,"bm":0},{"ddd":0,"ind":5,"ty":0,"nm":"Q","refId":"comp_2","sr":1,"ks":{"o":{"a":0,"k":100,"ix":11},"r":{"a":0,"k":0,"ix":10},"p":{"a":0,"k":[540,871,0],"ix":2},"a":{"a":0,"k":[960,540,0],"ix":1},"s":{"a":0,"k":[50,50,100],"ix":6}},"ao":0,"w":1920,"h":1080,"ip":0,"op":4999.5,"st":0,"bm":0},{"ddd":0,"ind":6,"ty":0,"nm":"Artboard \u2013 1","refId":"comp_3","sr":1,"ks":{"o":{"a":0,"k":100,"ix":11},"r":{"a":0,"k":0,"ix":10},"p":{"a":0,"k":[540,67,0],"ix":2},"a":{"a":0,"k":[107.5,29,0],"ix":1},"s":{"a":0,"k":[448,448,100],"ix":6}},"ao":0,"w":215,"h":58,"ip":0,"op":60,"st":0,"bm":0},{"ddd":0,"ind":7,"ty":0,"nm":"Pre-comp 3","refId":"comp_4","sr":1,"ks":{"o":{"a":0,"k":100,"ix":11},"r":{"a":0,"k":0,"ix":10},"p":{"a":0,"k":[540,67,0],"ix":2},"a":{"a":0,"k":[113.5,35.5,0],"ix":1},"s":{"a":0,"k":[448,448,100],"ix":6}},"ao":0,"w":227,"h":71,"ip":0,"op":4999.5,"st":0,"bm":0},{"ddd":0,"ind":8,"ty":2,"nm":"02.png","cl":"png","refId":"image_6","sr":1,"ks":{"o":{"a":0,"k":100,"ix":11},"r":{"a":0,"k":0,"ix":10},"p":{"a":0,"k":[540,1170,0],"ix":2},"a":{"a":0,"k":[540,1170,0],"ix":1},"s":{"a":0,"k":[100,100,100],"ix":6}},"ao":0,"ip":0,"op":6,"st":0,"bm":0},{"ddd":0,"ind":9,"ty":1,"nm":"\u767d\u8272 \u7eaf\u8272 1","sr":1,"ks":{"o":{"a":0,"k":100,"ix":11},"r":{"a":0,"k":0,"ix":10},"p":{"a":0,"k":[540,1332,0],"ix":2},"a":{"a":0,"k":[540,1170,0],"ix":1},"s":{"a":0,"k":[100,100,100],"ix":6}},"ao":0,"sw":1080,"sh":2340,"sc":"#ffffff","ip":0,"op":6,"st":0,"bm":0}],"markers":[]}