{"v":"5.7.5","fr":10,"ip":0,"op":125,"w":356,"h":200,"nm":"032C90EEC76E3E628765603C3F579081_00000","ddd":0,"assets":[{"id":"image_0","w":356,"h":200,"u":"images/","p":"img_0.jpg","e":0},{"id":"image_1","w":356,"h":200,"u":"images/","p":"img_1.jpg","e":0},{"id":"image_2","w":356,"h":200,"u":"images/","p":"img_2.jpg","e":0},{"id":"image_3","w":356,"h":200,"u":"images/","p":"img_3.jpg","e":0},{"id":"image_4","w":356,"h":200,"u":"images/","p":"img_4.jpg","e":0},{"id":"image_5","w":356,"h":200,"u":"images/","p":"img_5.jpg","e":0},{"id":"image_6","w":356,"h":200,"u":"images/","p":"img_6.jpg","e":0},{"id":"image_7","w":356,"h":200,"u":"images/","p":"img_7.jpg","e":0},{"id":"image_8","w":356,"h":200,"u":"images/","p":"img_8.jpg","e":0},{"id":"image_9","w":356,"h":200,"u":"images/","p":"img_9.jpg","e":0},{"id":"image_10","w":356,"h":200,"u":"images/","p":"img_10.jpg","e":0},{"id":"image_11","w":356,"h":200,"u":"images/","p":"img_11.jpg","e":0},{"id":"image_12","w":356,"h":200,"u":"images/","p":"img_12.jpg","e":0},{"id":"image_13","w":356,"h":200,"u":"images/","p":"img_13.jpg","e":0},{"id":"image_14","w":356,"h":200,"u":"images/","p":"img_14.jpg","e":0},{"id":"image_15","w":356,"h":200,"u":"images/","p":"img_15.jpg","e":0},{"id":"image_16","w":356,"h":200,"u":"images/","p":"img_16.jpg","e":0},{"id":"image_17","w":356,"h":200,"u":"images/","p":"img_17.jpg","e":0},{"id":"image_18","w":356,"h":200,"u":"images/","p":"img_18.jpg","e":0},{"id":"image_19","w":356,"h":200,"u":"images/","p":"img_19.jpg","e":0},{"id":"image_20","w":356,"h":200,"u":"images/","p":"img_20.jpg","e":0},{"id":"image_21","w":356,"h":200,"u":"images/","p":"img_21.jpg","e":0},{"id":"image_22","w":356,"h":200,"u":"images/","p":"img_22.jpg","e":0},{"id":"image_23","w":356,"h":200,"u":"images/","p":"img_23.jpg","e":0},{"id":"image_24","w":356,"h":200,"u":"images/","p":"img_24.jpg","e":0},{"id":"image_25","w":356,"h":200,"u":"images/","p":"img_25.jpg","e":0},{"id":"image_26","w":356,"h":200,"u":"images/","p":"img_26.jpg","e":0},{"id":"image_27","w":356,"h":200,"u":"images/","p":"img_27.jpg","e":0},{"id":"image_28","w":356,"h":200,"u":"images/","p":"img_28.jpg","e":0},{"id":"image_29","w":356,"h":200,"u":"images/","p":"img_29.jpg","e":0},{"id":"image_30","w":356,"h":200,"u":"images/","p":"img_30.jpg","e":0},{"id":"image_31","w":356,"h":200,"u":"images/","p":"img_31.jpg","e":0},{"id":"image_32","w":356,"h":200,"u":"images/","p":"img_32.jpg","e":0},{"id":"image_33","w":356,"h":200,"u":"images/","p":"img_33.jpg","e":0},{"id":"image_34","w":356,"h":200,"u":"images/","p":"img_34.jpg","e":0},{"id":"image_35","w":356,"h":200,"u":"images/","p":"img_35.jpg","e":0},{"id":"image_36","w":356,"h":200,"u":"images/","p":"img_36.jpg","e":0},{"id":"image_37","w":356,"h":200,"u":"images/","p":"img_37.jpg","e":0},{"id":"image_38","w":356,"h":200,"u":"images/","p":"img_38.jpg","e":0},{"id":"image_39","w":356,"h":200,"u":"images/","p":"img_39.jpg","e":0},{"id":"image_40","w":356,"h":200,"u":"images/","p":"img_40.jpg","e":0},{"id":"image_41","w":356,"h":200,"u":"images/","p":"img_41.jpg","e":0},{"id":"image_42","w":356,"h":200,"u":"images/","p":"img_42.jpg","e":0},{"id":"image_43","w":356,"h":200,"u":"images/","p":"img_43.jpg","e":0},{"id":"image_44","w":356,"h":200,"u":"images/","p":"img_44.jpg","e":0},{"id":"image_45","w":356,"h":200,"u":"images/","p":"img_45.jpg","e":0},{"id":"image_46","w":356,"h":200,"u":"images/","p":"img_46.jpg","e":0},{"id":"image_47","w":356,"h":200,"u":"images/","p":"img_47.jpg","e":0},{"id":"image_48","w":356,"h":200,"u":"images/","p":"img_48.jpg","e":0},{"id":"image_49","w":356,"h":200,"u":"images/","p":"img_49.jpg","e":0},{"id":"image_50","w":356,"h":200,"u":"images/","p":"img_50.jpg","e":0},{"id":"image_51","w":356,"h":200,"u":"images/","p":"img_51.jpg","e":0},{"id":"image_52","w":356,"h":200,"u":"images/","p":"img_52.jpg","e":0},{"id":"image_53","w":356,"h":200,"u":"images/","p":"img_53.jpg","e":0},{"id":"image_54","w":356,"h":200,"u":"images/","p":"img_54.jpg","e":0},{"id":"image_55","w":356,"h":200,"u":"images/","p":"img_55.jpg","e":0},{"id":"image_56","w":356,"h":200,"u":"images/","p":"img_56.jpg","e":0},{"id":"image_57","w":356,"h":200,"u":"images/","p":"img_57.jpg","e":0},{"id":"image_58","w":356,"h":200,"u":"images/","p":"img_58.jpg","e":0},{"id":"image_59","w":356,"h":200,"u":"images/","p":"img_59.jpg","e":0},{"id":"image_60","w":356,"h":200,"u":"images/","p":"img_60.jpg","e":0},{"id":"image_61","w":356,"h":200,"u":"images/","p":"img_61.jpg","e":0},{"id":"image_62","w":356,"h":200,"u":"images/","p":"img_62.jpg","e":0},{"id":"image_63","w":356,"h":200,"u":"images/","p":"img_63.jpg","e":0},{"id":"image_64","w":356,"h":200,"u":"images/","p":"img_64.jpg","e":0},{"id":"image_65","w":356,"h":200,"u":"images/","p":"img_65.jpg","e":0},{"id":"image_66","w":356,"h":200,"u":"images/","p":"img_66.jpg","e":0},{"id":"image_67","w":356,"h":200,"u":"images/","p":"img_67.jpg","e":0},{"id":"image_68","w":356,"h":200,"u":"images/","p":"img_68.jpg","e":0},{"id":"image_69","w":356,"h":200,"u":"images/","p":"img_69.jpg","e":0},{"id":"image_70","w":356,"h":200,"u":"images/","p":"img_70.jpg","e":0},{"id":"image_71","w":356,"h":200,"u":"images/","p":"img_71.jpg","e":0},{"id":"image_72","w":356,"h":200,"u":"images/","p":"img_72.jpg","e":0},{"id":"image_73","w":356,"h":200,"u":"images/","p":"img_73.jpg","e":0},{"id":"image_74","w":356,"h":200,"u":"images/","p":"img_74.jpg","e":0},{"id":"image_75","w":356,"h":200,"u":"images/","p":"img_75.jpg","e":0},{"id":"image_76","w":356,"h":200,"u":"images/","p":"img_76.jpg","e":0},{"id":"image_77","w":356,"h":200,"u":"images/","p":"img_77.jpg","e":0},{"id":"image_78","w":356,"h":200,"u":"images/","p":"img_78.jpg","e":0},{"id":"image_79","w":356,"h":200,"u":"images/","p":"img_79.jpg","e":0},{"id":"image_80","w":356,"h":200,"u":"images/","p":"img_80.jpg","e":0},{"id":"image_81","w":356,"h":200,"u":"images/","p":"img_81.jpg","e":0},{"id":"image_82","w":356,"h":200,"u":"images/","p":"img_82.jpg","e":0},{"id":"image_83","w":356,"h":200,"u":"images/","p":"img_83.jpg","e":0},{"id":"image_84","w":356,"h":200,"u":"images/","p":"img_84.jpg","e":0},{"id":"image_85","w":356,"h":200,"u":"images/","p":"img_85.jpg","e":0},{"id":"image_86","w":356,"h":200,"u":"images/","p":"img_86.jpg","e":0},{"id":"image_87","w":356,"h":200,"u":"images/","p":"img_87.jpg","e":0},{"id":"image_88","w":356,"h":200,"u":"images/","p":"img_88.jpg","e":0},{"id":"image_89","w":356,"h":200,"u":"images/","p":"img_89.jpg","e":0},{"id":"image_90","w":356,"h":200,"u":"images/","p":"img_90.jpg","e":0},{"id":"image_91","w":356,"h":200,"u":"images/","p":"img_91.jpg","e":0},{"id":"image_92","w":356,"h":200,"u":"images/","p":"img_92.jpg","e":0},{"id":"image_93","w":356,"h":200,"u":"images/","p":"img_93.jpg","e":0},{"id":"image_94","w":356,"h":200,"u":"images/","p":"img_94.jpg","e":0},{"id":"image_95","w":356,"h":200,"u":"images/","p":"img_95.jpg","e":0},{"id":"image_96","w":356,"h":200,"u":"images/","p":"img_96.jpg","e":0},{"id":"image_97","w":356,"h":200,"u":"images/","p":"img_97.jpg","e":0},{"id":"image_98","w":356,"h":200,"u":"images/","p":"img_98.jpg","e":0},{"id":"image_99","w":356,"h":200,"u":"images/","p":"img_99.jpg","e":0},{"id":"image_100","w":356,"h":200,"u":"images/","p":"img_100.jpg","e":0},{"id":"image_101","w":356,"h":200,"u":"images/","p":"img_101.jpg","e":0},{"id":"image_102","w":356,"h":200,"u":"images/","p":"img_102.jpg","e":0},{"id":"image_103","w":356,"h":200,"u":"images/","p":"img_103.jpg","e":0},{"id":"image_104","w":356,"h":200,"u":"images/","p":"img_104.jpg","e":0},{"id":"image_105","w":356,"h":200,"u":"images/","p":"img_105.jpg","e":0},{"id":"image_106","w":356,"h":200,"u":"images/","p":"img_106.jpg","e":0},{"id":"image_107","w":356,"h":200,"u":"images/","p":"img_107.jpg","e":0},{"id":"image_108","w":356,"h":200,"u":"images/","p":"img_108.jpg","e":0},{"id":"image_109","w":356,"h":200,"u":"images/","p":"img_109.jpg","e":0},{"id":"image_110","w":356,"h":200,"u":"images/","p":"img_110.jpg","e":0},{"id":"image_111","w":356,"h":200,"u":"images/","p":"img_111.jpg","e":0},{"id":"image_112","w":356,"h":200,"u":"images/","p":"img_112.jpg","e":0},{"id":"image_113","w":356,"h":200,"u":"images/","p":"img_113.jpg","e":0},{"id":"image_114","w":356,"h":200,"u":"images/","p":"img_114.jpg","e":0},{"id":"image_115","w":356,"h":200,"u":"images/","p":"img_115.jpg","e":0},{"id":"image_116","w":356,"h":200,"u":"images/","p":"img_116.jpg","e":0},{"id":"image_117","w":356,"h":200,"u":"images/","p":"img_117.jpg","e":0},{"id":"image_118","w":356,"h":200,"u":"images/","p":"img_118.jpg","e":0},{"id":"image_119","w":356,"h":200,"u":"images/","p":"img_119.jpg","e":0},{"id":"image_120","w":356,"h":200,"u":"images/","p":"img_120.jpg","e":0},{"id":"image_121","w":356,"h":200,"u":"images/","p":"img_121.jpg","e":0},{"id":"image_122","w":356,"h":200,"u":"images/","p":"img_122.jpg","e":0},{"id":"image_123","w":356,"h":200,"u":"images/","p":"img_123.jpg","e":0},{"id":"image_124","w":356,"h":200,"u":"images/","p":"img_124.jpg","e":0},{"id":"image_125","w":356,"h":200,"u":"images/","p":"img_125.jpg","e":0},{"id":"image_126","w":356,"h":200,"u":"images/","p":"img_126.jpg","e":0},{"id":"image_127","w":356,"h":200,"u":"images/","p":"img_127.jpg","e":0},{"id":"image_128","w":356,"h":200,"u":"images/","p":"img_128.jpg","e":0},{"id":"image_129","w":356,"h":200,"u":"images/","p":"img_129.jpg","e":0},{"id":"image_130","w":356,"h":200,"u":"images/","p":"img_130.jpg","e":0},{"id":"image_131","w":356,"h":200,"u":"images/","p":"img_131.jpg","e":0},{"id":"image_132","w":356,"h":200,"u":"images/","p":"img_132.jpg","e":0},{"id":"image_133","w":356,"h":200,"u":"images/","p":"img_133.jpg","e":0},{"id":"image_134","w":356,"h":200,"u":"images/","p":"img_134.jpg","e":0},{"id":"image_135","w":356,"h":200,"u":"images/","p":"img_135.jpg","e":0},{"id":"image_136","w":356,"h":200,"u":"images/","p":"img_136.jpg","e":0},{"id":"image_137","w":356,"h":200,"u":"images/","p":"img_137.jpg","e":0},{"id":"image_138","w":356,"h":200,"u":"images/","p":"img_138.jpg","e":0},{"id":"image_139","w":356,"h":200,"u":"images/","p":"img_139.jpg","e":0},{"id":"image_140","w":356,"h":200,"u":"images/","p":"img_140.jpg","e":0},{"id":"image_141","w":356,"h":200,"u":"images/","p":"img_141.jpg","e":0},{"id":"image_142","w":356,"h":200,"u":"images/","p":"img_142.jpg","e":0},{"id":"image_143","w":356,"h":200,"u":"images/","p":"img_143.jpg","e":0},{"id":"image_144","w":356,"h":200,"u":"images/","p":"img_144.jpg","e":0},{"id":"image_145","w":356,"h":200,"u":"images/","p":"img_145.jpg","e":0},{"id":"image_146","w":356,"h":200,"u":"images/","p":"img_146.jpg","e":0},{"id":"image_147","w":356,"h":200,"u":"images/","p":"img_147.jpg","e":0},{"id":"image_148","w":356,"h":200,"u":"images/","p":"img_148.jpg","e":0},{"id":"image_149","w":356,"h":200,"u":"images/","p":"img_149.jpg","e":0},{"id":"image_150","w":356,"h":200,"u":"images/","p":"img_150.jpg","e":0},{"id":"image_151","w":356,"h":200,"u":"images/","p":"img_151.jpg","e":0},{"id":"image_152","w":356,"h":200,"u":"images/","p":"img_152.jpg","e":0},{"id":"image_153","w":356,"h":200,"u":"images/","p":"img_153.jpg","e":0},{"id":"image_154","w":356,"h":200,"u":"images/","p":"img_154.jpg","e":0},{"id":"image_155","w":356,"h":200,"u":"images/","p":"img_155.jpg","e":0},{"id":"image_156","w":356,"h":200,"u":"images/","p":"img_156.jpg","e":0},{"id":"image_157","w":356,"h":200,"u":"images/","p":"img_157.jpg","e":0},{"id":"image_158","w":356,"h":200,"u":"images/","p":"img_158.jpg","e":0},{"id":"image_159","w":356,"h":200,"u":"images/","p":"img_159.jpg","e":0},{"id":"image_160","w":356,"h":200,"u":"images/","p":"img_160.jpg","e":0},{"id":"image_161","w":356,"h":200,"u":"images/","p":"img_161.jpg","e":0},{"id":"image_162","w":356,"h":200,"u":"images/","p":"img_162.jpg","e":0},{"id":"image_163","w":356,"h":200,"u":"images/","p":"img_163.jpg","e":0},{"id":"image_164","w":356,"h":200,"u":"images/","p":"img_164.jpg","e":0},{"id":"image_165","w":356,"h":200,"u":"images/","p":"img_165.jpg","e":0},{"id":"image_166","w":356,"h":200,"u":"images/","p":"img_166.jpg","e":0},{"id":"image_167","w":356,"h":200,"u":"images/","p":"img_167.jpg","e":0},{"id":"image_168","w":356,"h":200,"u":"images/","p":"img_168.jpg","e":0},{"id":"image_169","w":356,"h":200,"u":"images/","p":"img_169.jpg","e":0},{"id":"image_170","w":356,"h":200,"u":"images/","p":"img_170.jpg","e":0},{"id":"image_171","w":356,"h":200,"u":"images/","p":"img_171.jpg","e":0},{"id":"image_172","w":356,"h":200,"u":"images/","p":"img_172.jpg","e":0},{"id":"image_173","w":356,"h":200,"u":"images/","p":"img_173.jpg","e":0},{"id":"image_174","w":356,"h":200,"u":"images/","p":"img_174.jpg","e":0},{"id":"image_175","w":356,"h":200,"u":"images/","p":"img_175.jpg","e":0},{"id":"image_176","w":356,"h":200,"u":"images/","p":"img_176.jpg","e":0},{"id":"image_177","w":356,"h":200,"u":"images/","p":"img_177.jpg","e":0},{"id":"image_178","w":356,"h":200,"u":"images/","p":"img_178.jpg","e":0},{"id":"image_179","w":356,"h":200,"u":"images/","p":"img_179.jpg","e":0},{"id":"image_180","w":356,"h":200,"u":"images/","p":"img_180.jpg","e":0},{"id":"image_181","w":356,"h":200,"u":"images/","p":"img_181.jpg","e":0},{"id":"image_182","w":356,"h":200,"u":"images/","p":"img_182.jpg","e":0},{"id":"image_183","w":356,"h":200,"u":"images/","p":"img_183.jpg","e":0},{"id":"image_184","w":356,"h":200,"u":"images/","p":"img_184.jpg","e":0},{"id":"image_185","w":356,"h":200,"u":"images/","p":"img_185.jpg","e":0},{"id":"image_186","w":356,"h":200,"u":"images/","p":"img_186.jpg","e":0}],"layers":[{"ddd":0,"ind":1,"ty":2,"nm":"032C90EEC76E3E628765603C3F579081_00000.png","cl":"png","refId":"image_0","sr":1,"ks":{"o":{"a":0,"k":100,"ix":11},"r":{"a":0,"k":0,"ix":10},"p":{"a":0,"k":[178,100,0],"ix":2,"l":2},"a":{"a":0,"k":[178,100,0],"ix":1,"l":2},"s":{"a":0,"k":[100,100,100],"ix":6,"l":2}},"ao":0,"ip":0,"op":0.66666666666667,"st":0,"bm":0},{"ddd":0,"ind":2,"ty":2,"nm":"032C90EEC76E3E628765603C3F579081_00001.png","cl":"png","refId":"image_1","sr":1,"ks":{"o":{"a":0,"k":100,"ix":11},"r":{"a":0,"k":0,"ix":10},"p":{"a":0,"k":[178,100,0],"ix":2,"l":2},"a":{"a":0,"k":[178,100,0],"ix":1,"l":2},"s":{"a":0,"k":[100,100,100],"ix":6,"l":2}},"ao":0,"ip":0.66666666666667,"op":1.33333333333333,"st":0.66666666666667,"bm":0},{"ddd":0,"ind":3,"ty":2,"nm":"032C90EEC76E3E628765603C3F579081_00002.png","cl":"png","refId":"image_2","sr":1,"ks":{"o":{"a":0,"k":100,"ix":11},"r":{"a":0,"k":0,"ix":10},"p":{"a":0,"k":[178,100,0],"ix":2,"l":2},"a":{"a":0,"k":[178,100,0],"ix":1,"l":2},"s":{"a":0,"k":[100,100,100],"ix":6,"l":2}},"ao":0,"ip":1.33333333333333,"op":2,"st":1.33333333333333,"bm":0},{"ddd":0,"ind":4,"ty":2,"nm":"032C90EEC76E3E628765603C3F579081_00003.png","cl":"png","refId":"image_3","sr":1,"ks":{"o":{"a":0,"k":100,"ix":11},"r":{"a":0,"k":0,"ix":10},"p":{"a":0,"k":[178,100,0],"ix":2,"l":2},"a":{"a":0,"k":[178,100,0],"ix":1,"l":2},"s":{"a":0,"k":[100,100,100],"ix":6,"l":2}},"ao":0,"ip":2,"op":2.66666666666667,"st":2,"bm":0},{"ddd":0,"ind":5,"ty":2,"nm":"032C90EEC76E3E628765603C3F579081_00004.png","cl":"png","refId":"image_4","sr":1,"ks":{"o":{"a":0,"k":100,"ix":11},"r":{"a":0,"k":0,"ix":10},"p":{"a":0,"k":[178,100,0],"ix":2,"l":2},"a":{"a":0,"k":[178,100,0],"ix":1,"l":2},"s":{"a":0,"k":[100,100,100],"ix":6,"l":2}},"ao":0,"ip":2.66666666666667,"op":3.33333333333333,"st":2.66666666666667,"bm":0},{"ddd":0,"ind":6,"ty":2,"nm":"032C90EEC76E3E628765603C3F579081_00005.png","cl":"png","refId":"image_5","sr":1,"ks":{"o":{"a":0,"k":100,"ix":11},"r":{"a":0,"k":0,"ix":10},"p":{"a":0,"k":[178,100,0],"ix":2,"l":2},"a":{"a":0,"k":[178,100,0],"ix":1,"l":2},"s":{"a":0,"k":[100,100,100],"ix":6,"l":2}},"ao":0,"ip":3.33333333333333,"op":4,"st":3.33333333333333,"bm":0},{"ddd":0,"ind":7,"ty":2,"nm":"032C90EEC76E3E628765603C3F579081_00006.png","cl":"png","refId":"image_6","sr":1,"ks":{"o":{"a":0,"k":100,"ix":11},"r":{"a":0,"k":0,"ix":10},"p":{"a":0,"k":[178,100,0],"ix":2,"l":2},"a":{"a":0,"k":[178,100,0],"ix":1,"l":2},"s":{"a":0,"k":[100,100,100],"ix":6,"l":2}},"ao":0,"ip":4,"op":4.66666666666667,"st":4,"bm":0},{"ddd":0,"ind":8,"ty":2,"nm":"032C90EEC76E3E628765603C3F579081_00007.png","cl":"png","refId":"image_7","sr":1,"ks":{"o":{"a":0,"k":100,"ix":11},"r":{"a":0,"k":0,"ix":10},"p":{"a":0,"k":[178,100,0],"ix":2,"l":2},"a":{"a":0,"k":[178,100,0],"ix":1,"l":2},"s":{"a":0,"k":[100,100,100],"ix":6,"l":2}},"ao":0,"ip":4.66666666666667,"op":5.33333333333333,"st":4.66666666666667,"bm":0},{"ddd":0,"ind":9,"ty":2,"nm":"032C90EEC76E3E628765603C3F579081_00008.png","cl":"png","refId":"image_8","sr":1,"ks":{"o":{"a":0,"k":100,"ix":11},"r":{"a":0,"k":0,"ix":10},"p":{"a":0,"k":[178,100,0],"ix":2,"l":2},"a":{"a":0,"k":[178,100,0],"ix":1,"l":2},"s":{"a":0,"k":[100,100,100],"ix":6,"l":2}},"ao":0,"ip":5.33333333333333,"op":6,"st":5.33333333333333,"bm":0},{"ddd":0,"ind":10,"ty":2,"nm":"032C90EEC76E3E628765603C3F579081_00009.png","cl":"png","refId":"image_9","sr":1,"ks":{"o":{"a":0,"k":100,"ix":11},"r":{"a":0,"k":0,"ix":10},"p":{"a":0,"k":[178,100,0],"ix":2,"l":2},"a":{"a":0,"k":[178,100,0],"ix":1,"l":2},"s":{"a":0,"k":[100,100,100],"ix":6,"l":2}},"ao":0,"ip":6,"op":6.66666666666667,"st":6,"bm":0},{"ddd":0,"ind":11,"ty":2,"nm":"032C90EEC76E3E628765603C3F579081_00010.png","cl":"png","refId":"image_10","sr":1,"ks":{"o":{"a":0,"k":100,"ix":11},"r":{"a":0,"k":0,"ix":10},"p":{"a":0,"k":[178,100,0],"ix":2,"l":2},"a":{"a":0,"k":[178,100,0],"ix":1,"l":2},"s":{"a":0,"k":[100,100,100],"ix":6,"l":2}},"ao":0,"ip":6.66666666666667,"op":7.33333333333333,"st":6.66666666666667,"bm":0},{"ddd":0,"ind":12,"ty":2,"nm":"032C90EEC76E3E628765603C3F579081_00011.png","cl":"png","refId":"image_11","sr":1,"ks":{"o":{"a":0,"k":100,"ix":11},"r":{"a":0,"k":0,"ix":10},"p":{"a":0,"k":[178,100,0],"ix":2,"l":2},"a":{"a":0,"k":[178,100,0],"ix":1,"l":2},"s":{"a":0,"k":[100,100,100],"ix":6,"l":2}},"ao":0,"ip":7.33333333333333,"op":8,"st":7.33333333333333,"bm":0},{"ddd":0,"ind":13,"ty":2,"nm":"032C90EEC76E3E628765603C3F579081_00012.png","cl":"png","refId":"image_12","sr":1,"ks":{"o":{"a":0,"k":100,"ix":11},"r":{"a":0,"k":0,"ix":10},"p":{"a":0,"k":[178,100,0],"ix":2,"l":2},"a":{"a":0,"k":[178,100,0],"ix":1,"l":2},"s":{"a":0,"k":[100,100,100],"ix":6,"l":2}},"ao":0,"ip":8,"op":8.66666666666667,"st":8,"bm":0},{"ddd":0,"ind":14,"ty":2,"nm":"032C90EEC76E3E628765603C3F579081_00013.png","cl":"png","refId":"image_13","sr":1,"ks":{"o":{"a":0,"k":100,"ix":11},"r":{"a":0,"k":0,"ix":10},"p":{"a":0,"k":[178,100,0],"ix":2,"l":2},"a":{"a":0,"k":[178,100,0],"ix":1,"l":2},"s":{"a":0,"k":[100,100,100],"ix":6,"l":2}},"ao":0,"ip":8.66666666666667,"op":9.33333333333333,"st":8.66666666666667,"bm":0},{"ddd":0,"ind":15,"ty":2,"nm":"032C90EEC76E3E628765603C3F579081_00014.png","cl":"png","refId":"image_14","sr":1,"ks":{"o":{"a":0,"k":100,"ix":11},"r":{"a":0,"k":0,"ix":10},"p":{"a":0,"k":[178,100,0],"ix":2,"l":2},"a":{"a":0,"k":[178,100,0],"ix":1,"l":2},"s":{"a":0,"k":[100,100,100],"ix":6,"l":2}},"ao":0,"ip":9.33333333333333,"op":10,"st":9.33333333333333,"bm":0},{"ddd":0,"ind":16,"ty":2,"nm":"032C90EEC76E3E628765603C3F579081_00015.png","cl":"png","refId":"image_15","sr":1,"ks":{"o":{"a":0,"k":100,"ix":11},"r":{"a":0,"k":0,"ix":10},"p":{"a":0,"k":[178,100,0],"ix":2,"l":2},"a":{"a":0,"k":[178,100,0],"ix":1,"l":2},"s":{"a":0,"k":[100,100,100],"ix":6,"l":2}},"ao":0,"ip":10,"op":10.6666666666667,"st":10,"bm":0},{"ddd":0,"ind":17,"ty":2,"nm":"032C90EEC76E3E628765603C3F579081_00016.png","cl":"png","refId":"image_16","sr":1,"ks":{"o":{"a":0,"k":100,"ix":11},"r":{"a":0,"k":0,"ix":10},"p":{"a":0,"k":[178,100,0],"ix":2,"l":2},"a":{"a":0,"k":[178,100,0],"ix":1,"l":2},"s":{"a":0,"k":[100,100,100],"ix":6,"l":2}},"ao":0,"ip":10.6666666666667,"op":11.3333333333333,"st":10.6666666666667,"bm":0},{"ddd":0,"ind":18,"ty":2,"nm":"032C90EEC76E3E628765603C3F579081_00017.png","cl":"png","refId":"image_17","sr":1,"ks":{"o":{"a":0,"k":100,"ix":11},"r":{"a":0,"k":0,"ix":10},"p":{"a":0,"k":[178,100,0],"ix":2,"l":2},"a":{"a":0,"k":[178,100,0],"ix":1,"l":2},"s":{"a":0,"k":[100,100,100],"ix":6,"l":2}},"ao":0,"ip":11.3333333333333,"op":12,"st":11.3333333333333,"bm":0},{"ddd":0,"ind":19,"ty":2,"nm":"032C90EEC76E3E628765603C3F579081_00018.png","cl":"png","refId":"image_18","sr":1,"ks":{"o":{"a":0,"k":100,"ix":11},"r":{"a":0,"k":0,"ix":10},"p":{"a":0,"k":[178,100,0],"ix":2,"l":2},"a":{"a":0,"k":[178,100,0],"ix":1,"l":2},"s":{"a":0,"k":[100,100,100],"ix":6,"l":2}},"ao":0,"ip":12,"op":12.6666666666667,"st":12,"bm":0},{"ddd":0,"ind":20,"ty":2,"nm":"032C90EEC76E3E628765603C3F579081_00019.png","cl":"png","refId":"image_19","sr":1,"ks":{"o":{"a":0,"k":100,"ix":11},"r":{"a":0,"k":0,"ix":10},"p":{"a":0,"k":[178,100,0],"ix":2,"l":2},"a":{"a":0,"k":[178,100,0],"ix":1,"l":2},"s":{"a":0,"k":[100,100,100],"ix":6,"l":2}},"ao":0,"ip":12.6666666666667,"op":13.3333333333333,"st":12.6666666666667,"bm":0},{"ddd":0,"ind":21,"ty":2,"nm":"032C90EEC76E3E628765603C3F579081_00020.png","cl":"png","refId":"image_20","sr":1,"ks":{"o":{"a":0,"k":100,"ix":11},"r":{"a":0,"k":0,"ix":10},"p":{"a":0,"k":[178,100,0],"ix":2,"l":2},"a":{"a":0,"k":[178,100,0],"ix":1,"l":2},"s":{"a":0,"k":[100,100,100],"ix":6,"l":2}},"ao":0,"ip":13.3333333333333,"op":14,"st":13.3333333333333,"bm":0},{"ddd":0,"ind":22,"ty":2,"nm":"032C90EEC76E3E628765603C3F579081_00021.png","cl":"png","refId":"image_21","sr":1,"ks":{"o":{"a":0,"k":100,"ix":11},"r":{"a":0,"k":0,"ix":10},"p":{"a":0,"k":[178,100,0],"ix":2,"l":2},"a":{"a":0,"k":[178,100,0],"ix":1,"l":2},"s":{"a":0,"k":[100,100,100],"ix":6,"l":2}},"ao":0,"ip":14,"op":14.6666666666667,"st":14,"bm":0},{"ddd":0,"ind":23,"ty":2,"nm":"032C90EEC76E3E628765603C3F579081_00022.png","cl":"png","refId":"image_22","sr":1,"ks":{"o":{"a":0,"k":100,"ix":11},"r":{"a":0,"k":0,"ix":10},"p":{"a":0,"k":[178,100,0],"ix":2,"l":2},"a":{"a":0,"k":[178,100,0],"ix":1,"l":2},"s":{"a":0,"k":[100,100,100],"ix":6,"l":2}},"ao":0,"ip":14.6666666666667,"op":15.3333333333333,"st":14.6666666666667,"bm":0},{"ddd":0,"ind":24,"ty":2,"nm":"032C90EEC76E3E628765603C3F579081_00023.png","cl":"png","refId":"image_23","sr":1,"ks":{"o":{"a":0,"k":100,"ix":11},"r":{"a":0,"k":0,"ix":10},"p":{"a":0,"k":[178,100,0],"ix":2,"l":2},"a":{"a":0,"k":[178,100,0],"ix":1,"l":2},"s":{"a":0,"k":[100,100,100],"ix":6,"l":2}},"ao":0,"ip":15.3333333333333,"op":16,"st":15.3333333333333,"bm":0},{"ddd":0,"ind":25,"ty":2,"nm":"032C90EEC76E3E628765603C3F579081_00024.png","cl":"png","refId":"image_24","sr":1,"ks":{"o":{"a":0,"k":100,"ix":11},"r":{"a":0,"k":0,"ix":10},"p":{"a":0,"k":[178,100,0],"ix":2,"l":2},"a":{"a":0,"k":[178,100,0],"ix":1,"l":2},"s":{"a":0,"k":[100,100,100],"ix":6,"l":2}},"ao":0,"ip":16,"op":16.6666666666667,"st":16,"bm":0},{"ddd":0,"ind":26,"ty":2,"nm":"032C90EEC76E3E628765603C3F579081_00025.png","cl":"png","refId":"image_25","sr":1,"ks":{"o":{"a":0,"k":100,"ix":11},"r":{"a":0,"k":0,"ix":10},"p":{"a":0,"k":[178,100,0],"ix":2,"l":2},"a":{"a":0,"k":[178,100,0],"ix":1,"l":2},"s":{"a":0,"k":[100,100,100],"ix":6,"l":2}},"ao":0,"ip":16.6666666666667,"op":17.3333333333333,"st":16.6666666666667,"bm":0},{"ddd":0,"ind":27,"ty":2,"nm":"032C90EEC76E3E628765603C3F579081_00026.png","cl":"png","refId":"image_26","sr":1,"ks":{"o":{"a":0,"k":100,"ix":11},"r":{"a":0,"k":0,"ix":10},"p":{"a":0,"k":[178,100,0],"ix":2,"l":2},"a":{"a":0,"k":[178,100,0],"ix":1,"l":2},"s":{"a":0,"k":[100,100,100],"ix":6,"l":2}},"ao":0,"ip":17.3333333333333,"op":18,"st":17.3333333333333,"bm":0},{"ddd":0,"ind":28,"ty":2,"nm":"032C90EEC76E3E628765603C3F579081_00027.png","cl":"png","refId":"image_27","sr":1,"ks":{"o":{"a":0,"k":100,"ix":11},"r":{"a":0,"k":0,"ix":10},"p":{"a":0,"k":[178,100,0],"ix":2,"l":2},"a":{"a":0,"k":[178,100,0],"ix":1,"l":2},"s":{"a":0,"k":[100,100,100],"ix":6,"l":2}},"ao":0,"ip":18,"op":18.6666666666667,"st":18,"bm":0},{"ddd":0,"ind":29,"ty":2,"nm":"032C90EEC76E3E628765603C3F579081_00028.png","cl":"png","refId":"image_28","sr":1,"ks":{"o":{"a":0,"k":100,"ix":11},"r":{"a":0,"k":0,"ix":10},"p":{"a":0,"k":[178,100,0],"ix":2,"l":2},"a":{"a":0,"k":[178,100,0],"ix":1,"l":2},"s":{"a":0,"k":[100,100,100],"ix":6,"l":2}},"ao":0,"ip":18.6666666666667,"op":19.3333333333333,"st":18.6666666666667,"bm":0},{"ddd":0,"ind":30,"ty":2,"nm":"032C90EEC76E3E628765603C3F579081_00029.png","cl":"png","refId":"image_29","sr":1,"ks":{"o":{"a":0,"k":100,"ix":11},"r":{"a":0,"k":0,"ix":10},"p":{"a":0,"k":[178,100,0],"ix":2,"l":2},"a":{"a":0,"k":[178,100,0],"ix":1,"l":2},"s":{"a":0,"k":[100,100,100],"ix":6,"l":2}},"ao":0,"ip":19.3333333333333,"op":20,"st":19.3333333333333,"bm":0},{"ddd":0,"ind":31,"ty":2,"nm":"032C90EEC76E3E628765603C3F579081_00030.png","cl":"png","refId":"image_30","sr":1,"ks":{"o":{"a":0,"k":100,"ix":11},"r":{"a":0,"k":0,"ix":10},"p":{"a":0,"k":[178,100,0],"ix":2,"l":2},"a":{"a":0,"k":[178,100,0],"ix":1,"l":2},"s":{"a":0,"k":[100,100,100],"ix":6,"l":2}},"ao":0,"ip":20,"op":20.6666666666667,"st":20,"bm":0},{"ddd":0,"ind":32,"ty":2,"nm":"032C90EEC76E3E628765603C3F579081_00031.png","cl":"png","refId":"image_31","sr":1,"ks":{"o":{"a":0,"k":100,"ix":11},"r":{"a":0,"k":0,"ix":10},"p":{"a":0,"k":[178,100,0],"ix":2,"l":2},"a":{"a":0,"k":[178,100,0],"ix":1,"l":2},"s":{"a":0,"k":[100,100,100],"ix":6,"l":2}},"ao":0,"ip":20.6666666666667,"op":21.3333333333333,"st":20.6666666666667,"bm":0},{"ddd":0,"ind":33,"ty":2,"nm":"032C90EEC76E3E628765603C3F579081_00032.png","cl":"png","refId":"image_32","sr":1,"ks":{"o":{"a":0,"k":100,"ix":11},"r":{"a":0,"k":0,"ix":10},"p":{"a":0,"k":[178,100,0],"ix":2,"l":2},"a":{"a":0,"k":[178,100,0],"ix":1,"l":2},"s":{"a":0,"k":[100,100,100],"ix":6,"l":2}},"ao":0,"ip":21.3333333333333,"op":22,"st":21.3333333333333,"bm":0},{"ddd":0,"ind":34,"ty":2,"nm":"032C90EEC76E3E628765603C3F579081_00033.png","cl":"png","refId":"image_33","sr":1,"ks":{"o":{"a":0,"k":100,"ix":11},"r":{"a":0,"k":0,"ix":10},"p":{"a":0,"k":[178,100,0],"ix":2,"l":2},"a":{"a":0,"k":[178,100,0],"ix":1,"l":2},"s":{"a":0,"k":[100,100,100],"ix":6,"l":2}},"ao":0,"ip":22,"op":22.6666666666667,"st":22,"bm":0},{"ddd":0,"ind":35,"ty":2,"nm":"032C90EEC76E3E628765603C3F579081_00034.png","cl":"png","refId":"image_34","sr":1,"ks":{"o":{"a":0,"k":100,"ix":11},"r":{"a":0,"k":0,"ix":10},"p":{"a":0,"k":[178,100,0],"ix":2,"l":2},"a":{"a":0,"k":[178,100,0],"ix":1,"l":2},"s":{"a":0,"k":[100,100,100],"ix":6,"l":2}},"ao":0,"ip":22.6666666666667,"op":23.3333333333333,"st":22.6666666666667,"bm":0},{"ddd":0,"ind":36,"ty":2,"nm":"032C90EEC76E3E628765603C3F579081_00035.png","cl":"png","refId":"image_35","sr":1,"ks":{"o":{"a":0,"k":100,"ix":11},"r":{"a":0,"k":0,"ix":10},"p":{"a":0,"k":[178,100,0],"ix":2,"l":2},"a":{"a":0,"k":[178,100,0],"ix":1,"l":2},"s":{"a":0,"k":[100,100,100],"ix":6,"l":2}},"ao":0,"ip":23.3333333333333,"op":24,"st":23.3333333333333,"bm":0},{"ddd":0,"ind":37,"ty":2,"nm":"032C90EEC76E3E628765603C3F579081_00036.png","cl":"png","refId":"image_36","sr":1,"ks":{"o":{"a":0,"k":100,"ix":11},"r":{"a":0,"k":0,"ix":10},"p":{"a":0,"k":[178,100,0],"ix":2,"l":2},"a":{"a":0,"k":[178,100,0],"ix":1,"l":2},"s":{"a":0,"k":[100,100,100],"ix":6,"l":2}},"ao":0,"ip":24,"op":24.6666666666667,"st":24,"bm":0},{"ddd":0,"ind":38,"ty":2,"nm":"032C90EEC76E3E628765603C3F579081_00037.png","cl":"png","refId":"image_37","sr":1,"ks":{"o":{"a":0,"k":100,"ix":11},"r":{"a":0,"k":0,"ix":10},"p":{"a":0,"k":[178,100,0],"ix":2,"l":2},"a":{"a":0,"k":[178,100,0],"ix":1,"l":2},"s":{"a":0,"k":[100,100,100],"ix":6,"l":2}},"ao":0,"ip":24.6666666666667,"op":25.3333333333333,"st":24.6666666666667,"bm":0},{"ddd":0,"ind":39,"ty":2,"nm":"032C90EEC76E3E628765603C3F579081_00038.png","cl":"png","refId":"image_38","sr":1,"ks":{"o":{"a":0,"k":100,"ix":11},"r":{"a":0,"k":0,"ix":10},"p":{"a":0,"k":[178,100,0],"ix":2,"l":2},"a":{"a":0,"k":[178,100,0],"ix":1,"l":2},"s":{"a":0,"k":[100,100,100],"ix":6,"l":2}},"ao":0,"ip":25.3333333333333,"op":26,"st":25.3333333333333,"bm":0},{"ddd":0,"ind":40,"ty":2,"nm":"032C90EEC76E3E628765603C3F579081_00039.png","cl":"png","refId":"image_39","sr":1,"ks":{"o":{"a":0,"k":100,"ix":11},"r":{"a":0,"k":0,"ix":10},"p":{"a":0,"k":[178,100,0],"ix":2,"l":2},"a":{"a":0,"k":[178,100,0],"ix":1,"l":2},"s":{"a":0,"k":[100,100,100],"ix":6,"l":2}},"ao":0,"ip":26,"op":26.6666666666667,"st":26,"bm":0},{"ddd":0,"ind":41,"ty":2,"nm":"032C90EEC76E3E628765603C3F579081_00040.png","cl":"png","refId":"image_40","sr":1,"ks":{"o":{"a":0,"k":100,"ix":11},"r":{"a":0,"k":0,"ix":10},"p":{"a":0,"k":[178,100,0],"ix":2,"l":2},"a":{"a":0,"k":[178,100,0],"ix":1,"l":2},"s":{"a":0,"k":[100,100,100],"ix":6,"l":2}},"ao":0,"ip":26.6666666666667,"op":27.3333333333333,"st":26.6666666666667,"bm":0},{"ddd":0,"ind":42,"ty":2,"nm":"032C90EEC76E3E628765603C3F579081_00041.png","cl":"png","refId":"image_41","sr":1,"ks":{"o":{"a":0,"k":100,"ix":11},"r":{"a":0,"k":0,"ix":10},"p":{"a":0,"k":[178,100,0],"ix":2,"l":2},"a":{"a":0,"k":[178,100,0],"ix":1,"l":2},"s":{"a":0,"k":[100,100,100],"ix":6,"l":2}},"ao":0,"ip":27.3333333333333,"op":28,"st":27.3333333333333,"bm":0},{"ddd":0,"ind":43,"ty":2,"nm":"032C90EEC76E3E628765603C3F579081_00042.png","cl":"png","refId":"image_42","sr":1,"ks":{"o":{"a":0,"k":100,"ix":11},"r":{"a":0,"k":0,"ix":10},"p":{"a":0,"k":[178,100,0],"ix":2,"l":2},"a":{"a":0,"k":[178,100,0],"ix":1,"l":2},"s":{"a":0,"k":[100,100,100],"ix":6,"l":2}},"ao":0,"ip":28,"op":28.6666666666667,"st":28,"bm":0},{"ddd":0,"ind":44,"ty":2,"nm":"032C90EEC76E3E628765603C3F579081_00043.png","cl":"png","refId":"image_43","sr":1,"ks":{"o":{"a":0,"k":100,"ix":11},"r":{"a":0,"k":0,"ix":10},"p":{"a":0,"k":[178,100,0],"ix":2,"l":2},"a":{"a":0,"k":[178,100,0],"ix":1,"l":2},"s":{"a":0,"k":[100,100,100],"ix":6,"l":2}},"ao":0,"ip":28.6666666666667,"op":29.3333333333333,"st":28.6666666666667,"bm":0},{"ddd":0,"ind":45,"ty":2,"nm":"032C90EEC76E3E628765603C3F579081_00044.png","cl":"png","refId":"image_44","sr":1,"ks":{"o":{"a":0,"k":100,"ix":11},"r":{"a":0,"k":0,"ix":10},"p":{"a":0,"k":[178,100,0],"ix":2,"l":2},"a":{"a":0,"k":[178,100,0],"ix":1,"l":2},"s":{"a":0,"k":[100,100,100],"ix":6,"l":2}},"ao":0,"ip":29.3333333333333,"op":30,"st":29.3333333333333,"bm":0},{"ddd":0,"ind":46,"ty":2,"nm":"032C90EEC76E3E628765603C3F579081_00045.png","cl":"png","refId":"image_45","sr":1,"ks":{"o":{"a":0,"k":100,"ix":11},"r":{"a":0,"k":0,"ix":10},"p":{"a":0,"k":[178,100,0],"ix":2,"l":2},"a":{"a":0,"k":[178,100,0],"ix":1,"l":2},"s":{"a":0,"k":[100,100,100],"ix":6,"l":2}},"ao":0,"ip":30,"op":30.6666666666667,"st":30,"bm":0},{"ddd":0,"ind":47,"ty":2,"nm":"032C90EEC76E3E628765603C3F579081_00046.png","cl":"png","refId":"image_46","sr":1,"ks":{"o":{"a":0,"k":100,"ix":11},"r":{"a":0,"k":0,"ix":10},"p":{"a":0,"k":[178,100,0],"ix":2,"l":2},"a":{"a":0,"k":[178,100,0],"ix":1,"l":2},"s":{"a":0,"k":[100,100,100],"ix":6,"l":2}},"ao":0,"ip":30.6666666666667,"op":31.3333333333333,"st":30.6666666666667,"bm":0},{"ddd":0,"ind":48,"ty":2,"nm":"032C90EEC76E3E628765603C3F579081_00047.png","cl":"png","refId":"image_47","sr":1,"ks":{"o":{"a":0,"k":100,"ix":11},"r":{"a":0,"k":0,"ix":10},"p":{"a":0,"k":[178,100,0],"ix":2,"l":2},"a":{"a":0,"k":[178,100,0],"ix":1,"l":2},"s":{"a":0,"k":[100,100,100],"ix":6,"l":2}},"ao":0,"ip":31.3333333333333,"op":32,"st":31.3333333333333,"bm":0},{"ddd":0,"ind":49,"ty":2,"nm":"032C90EEC76E3E628765603C3F579081_00048.png","cl":"png","refId":"image_48","sr":1,"ks":{"o":{"a":0,"k":100,"ix":11},"r":{"a":0,"k":0,"ix":10},"p":{"a":0,"k":[178,100,0],"ix":2,"l":2},"a":{"a":0,"k":[178,100,0],"ix":1,"l":2},"s":{"a":0,"k":[100,100,100],"ix":6,"l":2}},"ao":0,"ip":32,"op":32.6666666666667,"st":32,"bm":0},{"ddd":0,"ind":50,"ty":2,"nm":"032C90EEC76E3E628765603C3F579081_00049.png","cl":"png","refId":"image_49","sr":1,"ks":{"o":{"a":0,"k":100,"ix":11},"r":{"a":0,"k":0,"ix":10},"p":{"a":0,"k":[178,100,0],"ix":2,"l":2},"a":{"a":0,"k":[178,100,0],"ix":1,"l":2},"s":{"a":0,"k":[100,100,100],"ix":6,"l":2}},"ao":0,"ip":32.6666666666667,"op":33.3333333333333,"st":32.6666666666667,"bm":0},{"ddd":0,"ind":51,"ty":2,"nm":"032C90EEC76E3E628765603C3F579081_00050.png","cl":"png","refId":"image_50","sr":1,"ks":{"o":{"a":0,"k":100,"ix":11},"r":{"a":0,"k":0,"ix":10},"p":{"a":0,"k":[178,100,0],"ix":2,"l":2},"a":{"a":0,"k":[178,100,0],"ix":1,"l":2},"s":{"a":0,"k":[100,100,100],"ix":6,"l":2}},"ao":0,"ip":33.3333333333333,"op":34,"st":33.3333333333333,"bm":0},{"ddd":0,"ind":52,"ty":2,"nm":"032C90EEC76E3E628765603C3F579081_00051.png","cl":"png","refId":"image_51","sr":1,"ks":{"o":{"a":0,"k":100,"ix":11},"r":{"a":0,"k":0,"ix":10},"p":{"a":0,"k":[178,100,0],"ix":2,"l":2},"a":{"a":0,"k":[178,100,0],"ix":1,"l":2},"s":{"a":0,"k":[100,100,100],"ix":6,"l":2}},"ao":0,"ip":34,"op":34.6666666666667,"st":34,"bm":0},{"ddd":0,"ind":53,"ty":2,"nm":"032C90EEC76E3E628765603C3F579081_00052.png","cl":"png","refId":"image_52","sr":1,"ks":{"o":{"a":0,"k":100,"ix":11},"r":{"a":0,"k":0,"ix":10},"p":{"a":0,"k":[178,100,0],"ix":2,"l":2},"a":{"a":0,"k":[178,100,0],"ix":1,"l":2},"s":{"a":0,"k":[100,100,100],"ix":6,"l":2}},"ao":0,"ip":34.6666666666667,"op":35.3333333333333,"st":34.6666666666667,"bm":0},{"ddd":0,"ind":54,"ty":2,"nm":"032C90EEC76E3E628765603C3F579081_00053.png","cl":"png","refId":"image_53","sr":1,"ks":{"o":{"a":0,"k":100,"ix":11},"r":{"a":0,"k":0,"ix":10},"p":{"a":0,"k":[178,100,0],"ix":2,"l":2},"a":{"a":0,"k":[178,100,0],"ix":1,"l":2},"s":{"a":0,"k":[100,100,100],"ix":6,"l":2}},"ao":0,"ip":35.3333333333333,"op":36,"st":35.3333333333333,"bm":0},{"ddd":0,"ind":55,"ty":2,"nm":"032C90EEC76E3E628765603C3F579081_00054.png","cl":"png","refId":"image_54","sr":1,"ks":{"o":{"a":0,"k":100,"ix":11},"r":{"a":0,"k":0,"ix":10},"p":{"a":0,"k":[178,100,0],"ix":2,"l":2},"a":{"a":0,"k":[178,100,0],"ix":1,"l":2},"s":{"a":0,"k":[100,100,100],"ix":6,"l":2}},"ao":0,"ip":36,"op":36.6666666666667,"st":36,"bm":0},{"ddd":0,"ind":56,"ty":2,"nm":"032C90EEC76E3E628765603C3F579081_00055.png","cl":"png","refId":"image_55","sr":1,"ks":{"o":{"a":0,"k":100,"ix":11},"r":{"a":0,"k":0,"ix":10},"p":{"a":0,"k":[178,100,0],"ix":2,"l":2},"a":{"a":0,"k":[178,100,0],"ix":1,"l":2},"s":{"a":0,"k":[100,100,100],"ix":6,"l":2}},"ao":0,"ip":36.6666666666667,"op":37.3333333333333,"st":36.6666666666667,"bm":0},{"ddd":0,"ind":57,"ty":2,"nm":"032C90EEC76E3E628765603C3F579081_00056.png","cl":"png","refId":"image_56","sr":1,"ks":{"o":{"a":0,"k":100,"ix":11},"r":{"a":0,"k":0,"ix":10},"p":{"a":0,"k":[178,100,0],"ix":2,"l":2},"a":{"a":0,"k":[178,100,0],"ix":1,"l":2},"s":{"a":0,"k":[100,100,100],"ix":6,"l":2}},"ao":0,"ip":37.3333333333333,"op":38,"st":37.3333333333333,"bm":0},{"ddd":0,"ind":58,"ty":2,"nm":"032C90EEC76E3E628765603C3F579081_00057.png","cl":"png","refId":"image_57","sr":1,"ks":{"o":{"a":0,"k":100,"ix":11},"r":{"a":0,"k":0,"ix":10},"p":{"a":0,"k":[178,100,0],"ix":2,"l":2},"a":{"a":0,"k":[178,100,0],"ix":1,"l":2},"s":{"a":0,"k":[100,100,100],"ix":6,"l":2}},"ao":0,"ip":38,"op":38.6666666666667,"st":38,"bm":0},{"ddd":0,"ind":59,"ty":2,"nm":"032C90EEC76E3E628765603C3F579081_00058.png","cl":"png","refId":"image_58","sr":1,"ks":{"o":{"a":0,"k":100,"ix":11},"r":{"a":0,"k":0,"ix":10},"p":{"a":0,"k":[178,100,0],"ix":2,"l":2},"a":{"a":0,"k":[178,100,0],"ix":1,"l":2},"s":{"a":0,"k":[100,100,100],"ix":6,"l":2}},"ao":0,"ip":38.6666666666667,"op":39.3333333333333,"st":38.6666666666667,"bm":0},{"ddd":0,"ind":60,"ty":2,"nm":"032C90EEC76E3E628765603C3F579081_00059.png","cl":"png","refId":"image_59","sr":1,"ks":{"o":{"a":0,"k":100,"ix":11},"r":{"a":0,"k":0,"ix":10},"p":{"a":0,"k":[178,100,0],"ix":2,"l":2},"a":{"a":0,"k":[178,100,0],"ix":1,"l":2},"s":{"a":0,"k":[100,100,100],"ix":6,"l":2}},"ao":0,"ip":39.3333333333333,"op":40,"st":39.3333333333333,"bm":0},{"ddd":0,"ind":61,"ty":2,"nm":"032C90EEC76E3E628765603C3F579081_00060.png","cl":"png","refId":"image_60","sr":1,"ks":{"o":{"a":0,"k":100,"ix":11},"r":{"a":0,"k":0,"ix":10},"p":{"a":0,"k":[178,100,0],"ix":2,"l":2},"a":{"a":0,"k":[178,100,0],"ix":1,"l":2},"s":{"a":0,"k":[100,100,100],"ix":6,"l":2}},"ao":0,"ip":40,"op":40.6666666666667,"st":40,"bm":0},{"ddd":0,"ind":62,"ty":2,"nm":"032C90EEC76E3E628765603C3F579081_00061.png","cl":"png","refId":"image_61","sr":1,"ks":{"o":{"a":0,"k":100,"ix":11},"r":{"a":0,"k":0,"ix":10},"p":{"a":0,"k":[178,100,0],"ix":2,"l":2},"a":{"a":0,"k":[178,100,0],"ix":1,"l":2},"s":{"a":0,"k":[100,100,100],"ix":6,"l":2}},"ao":0,"ip":40.6666666666667,"op":41.3333333333333,"st":40.6666666666667,"bm":0},{"ddd":0,"ind":63,"ty":2,"nm":"032C90EEC76E3E628765603C3F579081_00062.png","cl":"png","refId":"image_62","sr":1,"ks":{"o":{"a":0,"k":100,"ix":11},"r":{"a":0,"k":0,"ix":10},"p":{"a":0,"k":[178,100,0],"ix":2,"l":2},"a":{"a":0,"k":[178,100,0],"ix":1,"l":2},"s":{"a":0,"k":[100,100,100],"ix":6,"l":2}},"ao":0,"ip":41.3333333333333,"op":42,"st":41.3333333333333,"bm":0},{"ddd":0,"ind":64,"ty":2,"nm":"032C90EEC76E3E628765603C3F579081_00063.png","cl":"png","refId":"image_63","sr":1,"ks":{"o":{"a":0,"k":100,"ix":11},"r":{"a":0,"k":0,"ix":10},"p":{"a":0,"k":[178,100,0],"ix":2,"l":2},"a":{"a":0,"k":[178,100,0],"ix":1,"l":2},"s":{"a":0,"k":[100,100,100],"ix":6,"l":2}},"ao":0,"ip":42,"op":42.6666666666667,"st":42,"bm":0},{"ddd":0,"ind":65,"ty":2,"nm":"032C90EEC76E3E628765603C3F579081_00064.png","cl":"png","refId":"image_64","sr":1,"ks":{"o":{"a":0,"k":100,"ix":11},"r":{"a":0,"k":0,"ix":10},"p":{"a":0,"k":[178,100,0],"ix":2,"l":2},"a":{"a":0,"k":[178,100,0],"ix":1,"l":2},"s":{"a":0,"k":[100,100,100],"ix":6,"l":2}},"ao":0,"ip":42.6666666666667,"op":43.3333333333333,"st":42.6666666666667,"bm":0},{"ddd":0,"ind":66,"ty":2,"nm":"032C90EEC76E3E628765603C3F579081_00065.png","cl":"png","refId":"image_65","sr":1,"ks":{"o":{"a":0,"k":100,"ix":11},"r":{"a":0,"k":0,"ix":10},"p":{"a":0,"k":[178,100,0],"ix":2,"l":2},"a":{"a":0,"k":[178,100,0],"ix":1,"l":2},"s":{"a":0,"k":[100,100,100],"ix":6,"l":2}},"ao":0,"ip":43.3333333333333,"op":44,"st":43.3333333333333,"bm":0},{"ddd":0,"ind":67,"ty":2,"nm":"032C90EEC76E3E628765603C3F579081_00066.png","cl":"png","refId":"image_66","sr":1,"ks":{"o":{"a":0,"k":100,"ix":11},"r":{"a":0,"k":0,"ix":10},"p":{"a":0,"k":[178,100,0],"ix":2,"l":2},"a":{"a":0,"k":[178,100,0],"ix":1,"l":2},"s":{"a":0,"k":[100,100,100],"ix":6,"l":2}},"ao":0,"ip":44,"op":44.6666666666667,"st":44,"bm":0},{"ddd":0,"ind":68,"ty":2,"nm":"032C90EEC76E3E628765603C3F579081_00067.png","cl":"png","refId":"image_67","sr":1,"ks":{"o":{"a":0,"k":100,"ix":11},"r":{"a":0,"k":0,"ix":10},"p":{"a":0,"k":[178,100,0],"ix":2,"l":2},"a":{"a":0,"k":[178,100,0],"ix":1,"l":2},"s":{"a":0,"k":[100,100,100],"ix":6,"l":2}},"ao":0,"ip":44.6666666666667,"op":45.3333333333333,"st":44.6666666666667,"bm":0},{"ddd":0,"ind":69,"ty":2,"nm":"032C90EEC76E3E628765603C3F579081_00068.png","cl":"png","refId":"image_68","sr":1,"ks":{"o":{"a":0,"k":100,"ix":11},"r":{"a":0,"k":0,"ix":10},"p":{"a":0,"k":[178,100,0],"ix":2,"l":2},"a":{"a":0,"k":[178,100,0],"ix":1,"l":2},"s":{"a":0,"k":[100,100,100],"ix":6,"l":2}},"ao":0,"ip":45.3333333333333,"op":46,"st":45.3333333333333,"bm":0},{"ddd":0,"ind":70,"ty":2,"nm":"032C90EEC76E3E628765603C3F579081_00069.png","cl":"png","refId":"image_69","sr":1,"ks":{"o":{"a":0,"k":100,"ix":11},"r":{"a":0,"k":0,"ix":10},"p":{"a":0,"k":[178,100,0],"ix":2,"l":2},"a":{"a":0,"k":[178,100,0],"ix":1,"l":2},"s":{"a":0,"k":[100,100,100],"ix":6,"l":2}},"ao":0,"ip":46,"op":46.6666666666667,"st":46,"bm":0},{"ddd":0,"ind":71,"ty":2,"nm":"032C90EEC76E3E628765603C3F579081_00070.png","cl":"png","refId":"image_70","sr":1,"ks":{"o":{"a":0,"k":100,"ix":11},"r":{"a":0,"k":0,"ix":10},"p":{"a":0,"k":[178,100,0],"ix":2,"l":2},"a":{"a":0,"k":[178,100,0],"ix":1,"l":2},"s":{"a":0,"k":[100,100,100],"ix":6,"l":2}},"ao":0,"ip":46.6666666666667,"op":47.3333333333333,"st":46.6666666666667,"bm":0},{"ddd":0,"ind":72,"ty":2,"nm":"032C90EEC76E3E628765603C3F579081_00071.png","cl":"png","refId":"image_71","sr":1,"ks":{"o":{"a":0,"k":100,"ix":11},"r":{"a":0,"k":0,"ix":10},"p":{"a":0,"k":[178,100,0],"ix":2,"l":2},"a":{"a":0,"k":[178,100,0],"ix":1,"l":2},"s":{"a":0,"k":[100,100,100],"ix":6,"l":2}},"ao":0,"ip":47.3333333333333,"op":48,"st":47.3333333333333,"bm":0},{"ddd":0,"ind":73,"ty":2,"nm":"032C90EEC76E3E628765603C3F579081_00072.png","cl":"png","refId":"image_72","sr":1,"ks":{"o":{"a":0,"k":100,"ix":11},"r":{"a":0,"k":0,"ix":10},"p":{"a":0,"k":[178,100,0],"ix":2,"l":2},"a":{"a":0,"k":[178,100,0],"ix":1,"l":2},"s":{"a":0,"k":[100,100,100],"ix":6,"l":2}},"ao":0,"ip":48,"op":48.6666666666667,"st":48,"bm":0},{"ddd":0,"ind":74,"ty":2,"nm":"032C90EEC76E3E628765603C3F579081_00073.png","cl":"png","refId":"image_73","sr":1,"ks":{"o":{"a":0,"k":100,"ix":11},"r":{"a":0,"k":0,"ix":10},"p":{"a":0,"k":[178,100,0],"ix":2,"l":2},"a":{"a":0,"k":[178,100,0],"ix":1,"l":2},"s":{"a":0,"k":[100,100,100],"ix":6,"l":2}},"ao":0,"ip":48.6666666666667,"op":49.3333333333333,"st":48.6666666666667,"bm":0},{"ddd":0,"ind":75,"ty":2,"nm":"032C90EEC76E3E628765603C3F579081_00074.png","cl":"png","refId":"image_74","sr":1,"ks":{"o":{"a":0,"k":100,"ix":11},"r":{"a":0,"k":0,"ix":10},"p":{"a":0,"k":[178,100,0],"ix":2,"l":2},"a":{"a":0,"k":[178,100,0],"ix":1,"l":2},"s":{"a":0,"k":[100,100,100],"ix":6,"l":2}},"ao":0,"ip":49.3333333333333,"op":50,"st":49.3333333333333,"bm":0},{"ddd":0,"ind":76,"ty":2,"nm":"032C90EEC76E3E628765603C3F579081_00075.png","cl":"png","refId":"image_75","sr":1,"ks":{"o":{"a":0,"k":100,"ix":11},"r":{"a":0,"k":0,"ix":10},"p":{"a":0,"k":[178,100,0],"ix":2,"l":2},"a":{"a":0,"k":[178,100,0],"ix":1,"l":2},"s":{"a":0,"k":[100,100,100],"ix":6,"l":2}},"ao":0,"ip":50,"op":50.6666666666667,"st":50,"bm":0},{"ddd":0,"ind":77,"ty":2,"nm":"032C90EEC76E3E628765603C3F579081_00076.png","cl":"png","refId":"image_76","sr":1,"ks":{"o":{"a":0,"k":100,"ix":11},"r":{"a":0,"k":0,"ix":10},"p":{"a":0,"k":[178,100,0],"ix":2,"l":2},"a":{"a":0,"k":[178,100,0],"ix":1,"l":2},"s":{"a":0,"k":[100,100,100],"ix":6,"l":2}},"ao":0,"ip":50.6666666666667,"op":51.3333333333333,"st":50.6666666666667,"bm":0},{"ddd":0,"ind":78,"ty":2,"nm":"032C90EEC76E3E628765603C3F579081_00077.png","cl":"png","refId":"image_77","sr":1,"ks":{"o":{"a":0,"k":100,"ix":11},"r":{"a":0,"k":0,"ix":10},"p":{"a":0,"k":[178,100,0],"ix":2,"l":2},"a":{"a":0,"k":[178,100,0],"ix":1,"l":2},"s":{"a":0,"k":[100,100,100],"ix":6,"l":2}},"ao":0,"ip":51.3333333333333,"op":52,"st":51.3333333333333,"bm":0},{"ddd":0,"ind":79,"ty":2,"nm":"032C90EEC76E3E628765603C3F579081_00078.png","cl":"png","refId":"image_78","sr":1,"ks":{"o":{"a":0,"k":100,"ix":11},"r":{"a":0,"k":0,"ix":10},"p":{"a":0,"k":[178,100,0],"ix":2,"l":2},"a":{"a":0,"k":[178,100,0],"ix":1,"l":2},"s":{"a":0,"k":[100,100,100],"ix":6,"l":2}},"ao":0,"ip":52,"op":52.6666666666667,"st":52,"bm":0},{"ddd":0,"ind":80,"ty":2,"nm":"032C90EEC76E3E628765603C3F579081_00079.png","cl":"png","refId":"image_79","sr":1,"ks":{"o":{"a":0,"k":100,"ix":11},"r":{"a":0,"k":0,"ix":10},"p":{"a":0,"k":[178,100,0],"ix":2,"l":2},"a":{"a":0,"k":[178,100,0],"ix":1,"l":2},"s":{"a":0,"k":[100,100,100],"ix":6,"l":2}},"ao":0,"ip":52.6666666666667,"op":53.3333333333333,"st":52.6666666666667,"bm":0},{"ddd":0,"ind":81,"ty":2,"nm":"032C90EEC76E3E628765603C3F579081_00080.png","cl":"png","refId":"image_80","sr":1,"ks":{"o":{"a":0,"k":100,"ix":11},"r":{"a":0,"k":0,"ix":10},"p":{"a":0,"k":[178,100,0],"ix":2,"l":2},"a":{"a":0,"k":[178,100,0],"ix":1,"l":2},"s":{"a":0,"k":[100,100,100],"ix":6,"l":2}},"ao":0,"ip":53.3333333333333,"op":54,"st":53.3333333333333,"bm":0},{"ddd":0,"ind":82,"ty":2,"nm":"032C90EEC76E3E628765603C3F579081_00081.png","cl":"png","refId":"image_81","sr":1,"ks":{"o":{"a":0,"k":100,"ix":11},"r":{"a":0,"k":0,"ix":10},"p":{"a":0,"k":[178,100,0],"ix":2,"l":2},"a":{"a":0,"k":[178,100,0],"ix":1,"l":2},"s":{"a":0,"k":[100,100,100],"ix":6,"l":2}},"ao":0,"ip":54,"op":54.6666666666667,"st":54,"bm":0},{"ddd":0,"ind":83,"ty":2,"nm":"032C90EEC76E3E628765603C3F579081_00082.png","cl":"png","refId":"image_82","sr":1,"ks":{"o":{"a":0,"k":100,"ix":11},"r":{"a":0,"k":0,"ix":10},"p":{"a":0,"k":[178,100,0],"ix":2,"l":2},"a":{"a":0,"k":[178,100,0],"ix":1,"l":2},"s":{"a":0,"k":[100,100,100],"ix":6,"l":2}},"ao":0,"ip":54.6666666666667,"op":55.3333333333333,"st":54.6666666666667,"bm":0},{"ddd":0,"ind":84,"ty":2,"nm":"032C90EEC76E3E628765603C3F579081_00083.png","cl":"png","refId":"image_83","sr":1,"ks":{"o":{"a":0,"k":100,"ix":11},"r":{"a":0,"k":0,"ix":10},"p":{"a":0,"k":[178,100,0],"ix":2,"l":2},"a":{"a":0,"k":[178,100,0],"ix":1,"l":2},"s":{"a":0,"k":[100,100,100],"ix":6,"l":2}},"ao":0,"ip":55.3333333333333,"op":56,"st":55.3333333333333,"bm":0},{"ddd":0,"ind":85,"ty":2,"nm":"032C90EEC76E3E628765603C3F579081_00084.png","cl":"png","refId":"image_84","sr":1,"ks":{"o":{"a":0,"k":100,"ix":11},"r":{"a":0,"k":0,"ix":10},"p":{"a":0,"k":[178,100,0],"ix":2,"l":2},"a":{"a":0,"k":[178,100,0],"ix":1,"l":2},"s":{"a":0,"k":[100,100,100],"ix":6,"l":2}},"ao":0,"ip":56,"op":56.6666666666667,"st":56,"bm":0},{"ddd":0,"ind":86,"ty":2,"nm":"032C90EEC76E3E628765603C3F579081_00085.png","cl":"png","refId":"image_85","sr":1,"ks":{"o":{"a":0,"k":100,"ix":11},"r":{"a":0,"k":0,"ix":10},"p":{"a":0,"k":[178,100,0],"ix":2,"l":2},"a":{"a":0,"k":[178,100,0],"ix":1,"l":2},"s":{"a":0,"k":[100,100,100],"ix":6,"l":2}},"ao":0,"ip":56.6666666666667,"op":57.3333333333333,"st":56.6666666666667,"bm":0},{"ddd":0,"ind":87,"ty":2,"nm":"032C90EEC76E3E628765603C3F579081_00086.png","cl":"png","refId":"image_86","sr":1,"ks":{"o":{"a":0,"k":100,"ix":11},"r":{"a":0,"k":0,"ix":10},"p":{"a":0,"k":[178,100,0],"ix":2,"l":2},"a":{"a":0,"k":[178,100,0],"ix":1,"l":2},"s":{"a":0,"k":[100,100,100],"ix":6,"l":2}},"ao":0,"ip":57.3333333333333,"op":58,"st":57.3333333333333,"bm":0},{"ddd":0,"ind":88,"ty":2,"nm":"032C90EEC76E3E628765603C3F579081_00087.png","cl":"png","refId":"image_87","sr":1,"ks":{"o":{"a":0,"k":100,"ix":11},"r":{"a":0,"k":0,"ix":10},"p":{"a":0,"k":[178,100,0],"ix":2,"l":2},"a":{"a":0,"k":[178,100,0],"ix":1,"l":2},"s":{"a":0,"k":[100,100,100],"ix":6,"l":2}},"ao":0,"ip":58,"op":58.6666666666667,"st":58,"bm":0},{"ddd":0,"ind":89,"ty":2,"nm":"032C90EEC76E3E628765603C3F579081_00088.png","cl":"png","refId":"image_88","sr":1,"ks":{"o":{"a":0,"k":100,"ix":11},"r":{"a":0,"k":0,"ix":10},"p":{"a":0,"k":[178,100,0],"ix":2,"l":2},"a":{"a":0,"k":[178,100,0],"ix":1,"l":2},"s":{"a":0,"k":[100,100,100],"ix":6,"l":2}},"ao":0,"ip":58.6666666666667,"op":59.3333333333333,"st":58.6666666666667,"bm":0},{"ddd":0,"ind":90,"ty":2,"nm":"032C90EEC76E3E628765603C3F579081_00089.png","cl":"png","refId":"image_89","sr":1,"ks":{"o":{"a":0,"k":100,"ix":11},"r":{"a":0,"k":0,"ix":10},"p":{"a":0,"k":[178,100,0],"ix":2,"l":2},"a":{"a":0,"k":[178,100,0],"ix":1,"l":2},"s":{"a":0,"k":[100,100,100],"ix":6,"l":2}},"ao":0,"ip":59.3333333333333,"op":60,"st":59.3333333333333,"bm":0},{"ddd":0,"ind":91,"ty":2,"nm":"032C90EEC76E3E628765603C3F579081_00090.png","cl":"png","refId":"image_90","sr":1,"ks":{"o":{"a":0,"k":100,"ix":11},"r":{"a":0,"k":0,"ix":10},"p":{"a":0,"k":[178,100,0],"ix":2,"l":2},"a":{"a":0,"k":[178,100,0],"ix":1,"l":2},"s":{"a":0,"k":[100,100,100],"ix":6,"l":2}},"ao":0,"ip":60,"op":60.6666666666667,"st":60,"bm":0},{"ddd":0,"ind":92,"ty":2,"nm":"032C90EEC76E3E628765603C3F579081_00091.png","cl":"png","refId":"image_91","sr":1,"ks":{"o":{"a":0,"k":100,"ix":11},"r":{"a":0,"k":0,"ix":10},"p":{"a":0,"k":[178,100,0],"ix":2,"l":2},"a":{"a":0,"k":[178,100,0],"ix":1,"l":2},"s":{"a":0,"k":[100,100,100],"ix":6,"l":2}},"ao":0,"ip":60.6666666666667,"op":61.3333333333333,"st":60.6666666666667,"bm":0},{"ddd":0,"ind":93,"ty":2,"nm":"032C90EEC76E3E628765603C3F579081_00092.png","cl":"png","refId":"image_92","sr":1,"ks":{"o":{"a":0,"k":100,"ix":11},"r":{"a":0,"k":0,"ix":10},"p":{"a":0,"k":[178,100,0],"ix":2,"l":2},"a":{"a":0,"k":[178,100,0],"ix":1,"l":2},"s":{"a":0,"k":[100,100,100],"ix":6,"l":2}},"ao":0,"ip":61.3333333333333,"op":62,"st":61.3333333333333,"bm":0},{"ddd":0,"ind":94,"ty":2,"nm":"032C90EEC76E3E628765603C3F579081_00093.png","cl":"png","refId":"image_93","sr":1,"ks":{"o":{"a":0,"k":100,"ix":11},"r":{"a":0,"k":0,"ix":10},"p":{"a":0,"k":[178,100,0],"ix":2,"l":2},"a":{"a":0,"k":[178,100,0],"ix":1,"l":2},"s":{"a":0,"k":[100,100,100],"ix":6,"l":2}},"ao":0,"ip":62,"op":62.6666666666667,"st":62,"bm":0},{"ddd":0,"ind":95,"ty":2,"nm":"032C90EEC76E3E628765603C3F579081_00094.png","cl":"png","refId":"image_94","sr":1,"ks":{"o":{"a":0,"k":100,"ix":11},"r":{"a":0,"k":0,"ix":10},"p":{"a":0,"k":[178,100,0],"ix":2,"l":2},"a":{"a":0,"k":[178,100,0],"ix":1,"l":2},"s":{"a":0,"k":[100,100,100],"ix":6,"l":2}},"ao":0,"ip":62.6666666666667,"op":63.3333333333333,"st":62.6666666666667,"bm":0},{"ddd":0,"ind":96,"ty":2,"nm":"032C90EEC76E3E628765603C3F579081_00095.png","cl":"png","refId":"image_95","sr":1,"ks":{"o":{"a":0,"k":100,"ix":11},"r":{"a":0,"k":0,"ix":10},"p":{"a":0,"k":[178,100,0],"ix":2,"l":2},"a":{"a":0,"k":[178,100,0],"ix":1,"l":2},"s":{"a":0,"k":[100,100,100],"ix":6,"l":2}},"ao":0,"ip":63.3333333333333,"op":64,"st":63.3333333333333,"bm":0},{"ddd":0,"ind":97,"ty":2,"nm":"032C90EEC76E3E628765603C3F579081_00096.png","cl":"png","refId":"image_96","sr":1,"ks":{"o":{"a":0,"k":100,"ix":11},"r":{"a":0,"k":0,"ix":10},"p":{"a":0,"k":[178,100,0],"ix":2,"l":2},"a":{"a":0,"k":[178,100,0],"ix":1,"l":2},"s":{"a":0,"k":[100,100,100],"ix":6,"l":2}},"ao":0,"ip":64,"op":64.6666666666667,"st":64,"bm":0},{"ddd":0,"ind":98,"ty":2,"nm":"032C90EEC76E3E628765603C3F579081_00097.png","cl":"png","refId":"image_97","sr":1,"ks":{"o":{"a":0,"k":100,"ix":11},"r":{"a":0,"k":0,"ix":10},"p":{"a":0,"k":[178,100,0],"ix":2,"l":2},"a":{"a":0,"k":[178,100,0],"ix":1,"l":2},"s":{"a":0,"k":[100,100,100],"ix":6,"l":2}},"ao":0,"ip":64.6666666666667,"op":65.3333333333333,"st":64.6666666666667,"bm":0},{"ddd":0,"ind":99,"ty":2,"nm":"032C90EEC76E3E628765603C3F579081_00098.png","cl":"png","refId":"image_98","sr":1,"ks":{"o":{"a":0,"k":100,"ix":11},"r":{"a":0,"k":0,"ix":10},"p":{"a":0,"k":[178,100,0],"ix":2,"l":2},"a":{"a":0,"k":[178,100,0],"ix":1,"l":2},"s":{"a":0,"k":[100,100,100],"ix":6,"l":2}},"ao":0,"ip":65.3333333333333,"op":66,"st":65.3333333333333,"bm":0},{"ddd":0,"ind":100,"ty":2,"nm":"032C90EEC76E3E628765603C3F579081_00099.png","cl":"png","refId":"image_99","sr":1,"ks":{"o":{"a":0,"k":100,"ix":11},"r":{"a":0,"k":0,"ix":10},"p":{"a":0,"k":[178,100,0],"ix":2,"l":2},"a":{"a":0,"k":[178,100,0],"ix":1,"l":2},"s":{"a":0,"k":[100,100,100],"ix":6,"l":2}},"ao":0,"ip":66,"op":66.6666666666667,"st":66,"bm":0},{"ddd":0,"ind":101,"ty":2,"nm":"032C90EEC76E3E628765603C3F579081_00100.png","cl":"png","refId":"image_100","sr":1,"ks":{"o":{"a":0,"k":100,"ix":11},"r":{"a":0,"k":0,"ix":10},"p":{"a":0,"k":[178,100,0],"ix":2,"l":2},"a":{"a":0,"k":[178,100,0],"ix":1,"l":2},"s":{"a":0,"k":[100,100,100],"ix":6,"l":2}},"ao":0,"ip":66.6666666666667,"op":67.3333333333333,"st":66.6666666666667,"bm":0},{"ddd":0,"ind":102,"ty":2,"nm":"032C90EEC76E3E628765603C3F579081_00101.png","cl":"png","refId":"image_101","sr":1,"ks":{"o":{"a":0,"k":100,"ix":11},"r":{"a":0,"k":0,"ix":10},"p":{"a":0,"k":[178,100,0],"ix":2,"l":2},"a":{"a":0,"k":[178,100,0],"ix":1,"l":2},"s":{"a":0,"k":[100,100,100],"ix":6,"l":2}},"ao":0,"ip":67.3333333333333,"op":68,"st":67.3333333333333,"bm":0},{"ddd":0,"ind":103,"ty":2,"nm":"032C90EEC76E3E628765603C3F579081_00102.png","cl":"png","refId":"image_102","sr":1,"ks":{"o":{"a":0,"k":100,"ix":11},"r":{"a":0,"k":0,"ix":10},"p":{"a":0,"k":[178,100,0],"ix":2,"l":2},"a":{"a":0,"k":[178,100,0],"ix":1,"l":2},"s":{"a":0,"k":[100,100,100],"ix":6,"l":2}},"ao":0,"ip":68,"op":68.6666666666667,"st":68,"bm":0},{"ddd":0,"ind":104,"ty":2,"nm":"032C90EEC76E3E628765603C3F579081_00103.png","cl":"png","refId":"image_103","sr":1,"ks":{"o":{"a":0,"k":100,"ix":11},"r":{"a":0,"k":0,"ix":10},"p":{"a":0,"k":[178,100,0],"ix":2,"l":2},"a":{"a":0,"k":[178,100,0],"ix":1,"l":2},"s":{"a":0,"k":[100,100,100],"ix":6,"l":2}},"ao":0,"ip":68.6666666666667,"op":69.3333333333333,"st":68.6666666666667,"bm":0},{"ddd":0,"ind":105,"ty":2,"nm":"032C90EEC76E3E628765603C3F579081_00104.png","cl":"png","refId":"image_104","sr":1,"ks":{"o":{"a":0,"k":100,"ix":11},"r":{"a":0,"k":0,"ix":10},"p":{"a":0,"k":[178,100,0],"ix":2,"l":2},"a":{"a":0,"k":[178,100,0],"ix":1,"l":2},"s":{"a":0,"k":[100,100,100],"ix":6,"l":2}},"ao":0,"ip":69.3333333333333,"op":70,"st":69.3333333333333,"bm":0},{"ddd":0,"ind":106,"ty":2,"nm":"032C90EEC76E3E628765603C3F579081_00105.png","cl":"png","refId":"image_105","sr":1,"ks":{"o":{"a":0,"k":100,"ix":11},"r":{"a":0,"k":0,"ix":10},"p":{"a":0,"k":[178,100,0],"ix":2,"l":2},"a":{"a":0,"k":[178,100,0],"ix":1,"l":2},"s":{"a":0,"k":[100,100,100],"ix":6,"l":2}},"ao":0,"ip":70,"op":70.6666666666667,"st":70,"bm":0},{"ddd":0,"ind":107,"ty":2,"nm":"032C90EEC76E3E628765603C3F579081_00106.png","cl":"png","refId":"image_106","sr":1,"ks":{"o":{"a":0,"k":100,"ix":11},"r":{"a":0,"k":0,"ix":10},"p":{"a":0,"k":[178,100,0],"ix":2,"l":2},"a":{"a":0,"k":[178,100,0],"ix":1,"l":2},"s":{"a":0,"k":[100,100,100],"ix":6,"l":2}},"ao":0,"ip":70.6666666666667,"op":71.3333333333333,"st":70.6666666666667,"bm":0},{"ddd":0,"ind":108,"ty":2,"nm":"032C90EEC76E3E628765603C3F579081_00107.png","cl":"png","refId":"image_107","sr":1,"ks":{"o":{"a":0,"k":100,"ix":11},"r":{"a":0,"k":0,"ix":10},"p":{"a":0,"k":[178,100,0],"ix":2,"l":2},"a":{"a":0,"k":[178,100,0],"ix":1,"l":2},"s":{"a":0,"k":[100,100,100],"ix":6,"l":2}},"ao":0,"ip":71.3333333333333,"op":72,"st":71.3333333333333,"bm":0},{"ddd":0,"ind":109,"ty":2,"nm":"032C90EEC76E3E628765603C3F579081_00108.png","cl":"png","refId":"image_108","sr":1,"ks":{"o":{"a":0,"k":100,"ix":11},"r":{"a":0,"k":0,"ix":10},"p":{"a":0,"k":[178,100,0],"ix":2,"l":2},"a":{"a":0,"k":[178,100,0],"ix":1,"l":2},"s":{"a":0,"k":[100,100,100],"ix":6,"l":2}},"ao":0,"ip":72,"op":72.6666666666667,"st":72,"bm":0},{"ddd":0,"ind":110,"ty":2,"nm":"032C90EEC76E3E628765603C3F579081_00109.png","cl":"png","refId":"image_109","sr":1,"ks":{"o":{"a":0,"k":100,"ix":11},"r":{"a":0,"k":0,"ix":10},"p":{"a":0,"k":[178,100,0],"ix":2,"l":2},"a":{"a":0,"k":[178,100,0],"ix":1,"l":2},"s":{"a":0,"k":[100,100,100],"ix":6,"l":2}},"ao":0,"ip":72.6666666666667,"op":73.3333333333333,"st":72.6666666666667,"bm":0},{"ddd":0,"ind":111,"ty":2,"nm":"032C90EEC76E3E628765603C3F579081_00110.png","cl":"png","refId":"image_110","sr":1,"ks":{"o":{"a":0,"k":100,"ix":11},"r":{"a":0,"k":0,"ix":10},"p":{"a":0,"k":[178,100,0],"ix":2,"l":2},"a":{"a":0,"k":[178,100,0],"ix":1,"l":2},"s":{"a":0,"k":[100,100,100],"ix":6,"l":2}},"ao":0,"ip":73.3333333333333,"op":74,"st":73.3333333333333,"bm":0},{"ddd":0,"ind":112,"ty":2,"nm":"032C90EEC76E3E628765603C3F579081_00111.png","cl":"png","refId":"image_111","sr":1,"ks":{"o":{"a":0,"k":100,"ix":11},"r":{"a":0,"k":0,"ix":10},"p":{"a":0,"k":[178,100,0],"ix":2,"l":2},"a":{"a":0,"k":[178,100,0],"ix":1,"l":2},"s":{"a":0,"k":[100,100,100],"ix":6,"l":2}},"ao":0,"ip":74,"op":74.6666666666667,"st":74,"bm":0},{"ddd":0,"ind":113,"ty":2,"nm":"032C90EEC76E3E628765603C3F579081_00112.png","cl":"png","refId":"image_112","sr":1,"ks":{"o":{"a":0,"k":100,"ix":11},"r":{"a":0,"k":0,"ix":10},"p":{"a":0,"k":[178,100,0],"ix":2,"l":2},"a":{"a":0,"k":[178,100,0],"ix":1,"l":2},"s":{"a":0,"k":[100,100,100],"ix":6,"l":2}},"ao":0,"ip":74.6666666666667,"op":75.3333333333333,"st":74.6666666666667,"bm":0},{"ddd":0,"ind":114,"ty":2,"nm":"032C90EEC76E3E628765603C3F579081_00113.png","cl":"png","refId":"image_113","sr":1,"ks":{"o":{"a":0,"k":100,"ix":11},"r":{"a":0,"k":0,"ix":10},"p":{"a":0,"k":[178,100,0],"ix":2,"l":2},"a":{"a":0,"k":[178,100,0],"ix":1,"l":2},"s":{"a":0,"k":[100,100,100],"ix":6,"l":2}},"ao":0,"ip":75.3333333333333,"op":76,"st":75.3333333333333,"bm":0},{"ddd":0,"ind":115,"ty":2,"nm":"032C90EEC76E3E628765603C3F579081_00114.png","cl":"png","refId":"image_114","sr":1,"ks":{"o":{"a":0,"k":100,"ix":11},"r":{"a":0,"k":0,"ix":10},"p":{"a":0,"k":[178,100,0],"ix":2,"l":2},"a":{"a":0,"k":[178,100,0],"ix":1,"l":2},"s":{"a":0,"k":[100,100,100],"ix":6,"l":2}},"ao":0,"ip":76,"op":76.6666666666667,"st":76,"bm":0},{"ddd":0,"ind":116,"ty":2,"nm":"032C90EEC76E3E628765603C3F579081_00115.png","cl":"png","refId":"image_115","sr":1,"ks":{"o":{"a":0,"k":100,"ix":11},"r":{"a":0,"k":0,"ix":10},"p":{"a":0,"k":[178,100,0],"ix":2,"l":2},"a":{"a":0,"k":[178,100,0],"ix":1,"l":2},"s":{"a":0,"k":[100,100,100],"ix":6,"l":2}},"ao":0,"ip":76.6666666666667,"op":77.3333333333333,"st":76.6666666666667,"bm":0},{"ddd":0,"ind":117,"ty":2,"nm":"032C90EEC76E3E628765603C3F579081_00116.png","cl":"png","refId":"image_116","sr":1,"ks":{"o":{"a":0,"k":100,"ix":11},"r":{"a":0,"k":0,"ix":10},"p":{"a":0,"k":[178,100,0],"ix":2,"l":2},"a":{"a":0,"k":[178,100,0],"ix":1,"l":2},"s":{"a":0,"k":[100,100,100],"ix":6,"l":2}},"ao":0,"ip":77.3333333333333,"op":78,"st":77.3333333333333,"bm":0},{"ddd":0,"ind":118,"ty":2,"nm":"032C90EEC76E3E628765603C3F579081_00117.png","cl":"png","refId":"image_117","sr":1,"ks":{"o":{"a":0,"k":100,"ix":11},"r":{"a":0,"k":0,"ix":10},"p":{"a":0,"k":[178,100,0],"ix":2,"l":2},"a":{"a":0,"k":[178,100,0],"ix":1,"l":2},"s":{"a":0,"k":[100,100,100],"ix":6,"l":2}},"ao":0,"ip":78,"op":78.6666666666667,"st":78,"bm":0},{"ddd":0,"ind":119,"ty":2,"nm":"032C90EEC76E3E628765603C3F579081_00118.png","cl":"png","refId":"image_118","sr":1,"ks":{"o":{"a":0,"k":100,"ix":11},"r":{"a":0,"k":0,"ix":10},"p":{"a":0,"k":[178,100,0],"ix":2,"l":2},"a":{"a":0,"k":[178,100,0],"ix":1,"l":2},"s":{"a":0,"k":[100,100,100],"ix":6,"l":2}},"ao":0,"ip":78.6666666666667,"op":79.3333333333333,"st":78.6666666666667,"bm":0},{"ddd":0,"ind":120,"ty":2,"nm":"032C90EEC76E3E628765603C3F579081_00119.png","cl":"png","refId":"image_119","sr":1,"ks":{"o":{"a":0,"k":100,"ix":11},"r":{"a":0,"k":0,"ix":10},"p":{"a":0,"k":[178,100,0],"ix":2,"l":2},"a":{"a":0,"k":[178,100,0],"ix":1,"l":2},"s":{"a":0,"k":[100,100,100],"ix":6,"l":2}},"ao":0,"ip":79.3333333333333,"op":80,"st":79.3333333333333,"bm":0},{"ddd":0,"ind":121,"ty":2,"nm":"032C90EEC76E3E628765603C3F579081_00120.png","cl":"png","refId":"image_120","sr":1,"ks":{"o":{"a":0,"k":100,"ix":11},"r":{"a":0,"k":0,"ix":10},"p":{"a":0,"k":[178,100,0],"ix":2,"l":2},"a":{"a":0,"k":[178,100,0],"ix":1,"l":2},"s":{"a":0,"k":[100,100,100],"ix":6,"l":2}},"ao":0,"ip":80,"op":80.6666666666667,"st":80,"bm":0},{"ddd":0,"ind":122,"ty":2,"nm":"032C90EEC76E3E628765603C3F579081_00121.png","cl":"png","refId":"image_121","sr":1,"ks":{"o":{"a":0,"k":100,"ix":11},"r":{"a":0,"k":0,"ix":10},"p":{"a":0,"k":[178,100,0],"ix":2,"l":2},"a":{"a":0,"k":[178,100,0],"ix":1,"l":2},"s":{"a":0,"k":[100,100,100],"ix":6,"l":2}},"ao":0,"ip":80.6666666666667,"op":81.3333333333333,"st":80.6666666666667,"bm":0},{"ddd":0,"ind":123,"ty":2,"nm":"032C90EEC76E3E628765603C3F579081_00122.png","cl":"png","refId":"image_122","sr":1,"ks":{"o":{"a":0,"k":100,"ix":11},"r":{"a":0,"k":0,"ix":10},"p":{"a":0,"k":[178,100,0],"ix":2,"l":2},"a":{"a":0,"k":[178,100,0],"ix":1,"l":2},"s":{"a":0,"k":[100,100,100],"ix":6,"l":2}},"ao":0,"ip":81.3333333333333,"op":82,"st":81.3333333333333,"bm":0},{"ddd":0,"ind":124,"ty":2,"nm":"032C90EEC76E3E628765603C3F579081_00123.png","cl":"png","refId":"image_123","sr":1,"ks":{"o":{"a":0,"k":100,"ix":11},"r":{"a":0,"k":0,"ix":10},"p":{"a":0,"k":[178,100,0],"ix":2,"l":2},"a":{"a":0,"k":[178,100,0],"ix":1,"l":2},"s":{"a":0,"k":[100,100,100],"ix":6,"l":2}},"ao":0,"ip":82,"op":82.6666666666667,"st":82,"bm":0},{"ddd":0,"ind":125,"ty":2,"nm":"032C90EEC76E3E628765603C3F579081_00124.png","cl":"png","refId":"image_124","sr":1,"ks":{"o":{"a":0,"k":100,"ix":11},"r":{"a":0,"k":0,"ix":10},"p":{"a":0,"k":[178,100,0],"ix":2,"l":2},"a":{"a":0,"k":[178,100,0],"ix":1,"l":2},"s":{"a":0,"k":[100,100,100],"ix":6,"l":2}},"ao":0,"ip":82.6666666666667,"op":83.3333333333333,"st":82.6666666666667,"bm":0},{"ddd":0,"ind":126,"ty":2,"nm":"032C90EEC76E3E628765603C3F579081_00125.png","cl":"png","refId":"image_125","sr":1,"ks":{"o":{"a":0,"k":100,"ix":11},"r":{"a":0,"k":0,"ix":10},"p":{"a":0,"k":[178,100,0],"ix":2,"l":2},"a":{"a":0,"k":[178,100,0],"ix":1,"l":2},"s":{"a":0,"k":[100,100,100],"ix":6,"l":2}},"ao":0,"ip":83.3333333333333,"op":84,"st":83.3333333333333,"bm":0},{"ddd":0,"ind":127,"ty":2,"nm":"032C90EEC76E3E628765603C3F579081_00126.png","cl":"png","refId":"image_126","sr":1,"ks":{"o":{"a":0,"k":100,"ix":11},"r":{"a":0,"k":0,"ix":10},"p":{"a":0,"k":[178,100,0],"ix":2,"l":2},"a":{"a":0,"k":[178,100,0],"ix":1,"l":2},"s":{"a":0,"k":[100,100,100],"ix":6,"l":2}},"ao":0,"ip":84,"op":84.6666666666667,"st":84,"bm":0},{"ddd":0,"ind":128,"ty":2,"nm":"032C90EEC76E3E628765603C3F579081_00127.png","cl":"png","refId":"image_127","sr":1,"ks":{"o":{"a":0,"k":100,"ix":11},"r":{"a":0,"k":0,"ix":10},"p":{"a":0,"k":[178,100,0],"ix":2,"l":2},"a":{"a":0,"k":[178,100,0],"ix":1,"l":2},"s":{"a":0,"k":[100,100,100],"ix":6,"l":2}},"ao":0,"ip":84.6666666666667,"op":85.3333333333333,"st":84.6666666666667,"bm":0},{"ddd":0,"ind":129,"ty":2,"nm":"032C90EEC76E3E628765603C3F579081_00128.png","cl":"png","refId":"image_128","sr":1,"ks":{"o":{"a":0,"k":100,"ix":11},"r":{"a":0,"k":0,"ix":10},"p":{"a":0,"k":[178,100,0],"ix":2,"l":2},"a":{"a":0,"k":[178,100,0],"ix":1,"l":2},"s":{"a":0,"k":[100,100,100],"ix":6,"l":2}},"ao":0,"ip":85.3333333333333,"op":86,"st":85.3333333333333,"bm":0},{"ddd":0,"ind":130,"ty":2,"nm":"032C90EEC76E3E628765603C3F579081_00129.png","cl":"png","refId":"image_129","sr":1,"ks":{"o":{"a":0,"k":100,"ix":11},"r":{"a":0,"k":0,"ix":10},"p":{"a":0,"k":[178,100,0],"ix":2,"l":2},"a":{"a":0,"k":[178,100,0],"ix":1,"l":2},"s":{"a":0,"k":[100,100,100],"ix":6,"l":2}},"ao":0,"ip":86,"op":86.6666666666667,"st":86,"bm":0},{"ddd":0,"ind":131,"ty":2,"nm":"032C90EEC76E3E628765603C3F579081_00130.png","cl":"png","refId":"image_130","sr":1,"ks":{"o":{"a":0,"k":100,"ix":11},"r":{"a":0,"k":0,"ix":10},"p":{"a":0,"k":[178,100,0],"ix":2,"l":2},"a":{"a":0,"k":[178,100,0],"ix":1,"l":2},"s":{"a":0,"k":[100,100,100],"ix":6,"l":2}},"ao":0,"ip":86.6666666666667,"op":87.3333333333333,"st":86.6666666666667,"bm":0},{"ddd":0,"ind":132,"ty":2,"nm":"032C90EEC76E3E628765603C3F579081_00131.png","cl":"png","refId":"image_131","sr":1,"ks":{"o":{"a":0,"k":100,"ix":11},"r":{"a":0,"k":0,"ix":10},"p":{"a":0,"k":[178,100,0],"ix":2,"l":2},"a":{"a":0,"k":[178,100,0],"ix":1,"l":2},"s":{"a":0,"k":[100,100,100],"ix":6,"l":2}},"ao":0,"ip":87.3333333333333,"op":88,"st":87.3333333333333,"bm":0},{"ddd":0,"ind":133,"ty":2,"nm":"032C90EEC76E3E628765603C3F579081_00132.png","cl":"png","refId":"image_132","sr":1,"ks":{"o":{"a":0,"k":100,"ix":11},"r":{"a":0,"k":0,"ix":10},"p":{"a":0,"k":[178,100,0],"ix":2,"l":2},"a":{"a":0,"k":[178,100,0],"ix":1,"l":2},"s":{"a":0,"k":[100,100,100],"ix":6,"l":2}},"ao":0,"ip":88,"op":88.6666666666667,"st":88,"bm":0},{"ddd":0,"ind":134,"ty":2,"nm":"032C90EEC76E3E628765603C3F579081_00133.png","cl":"png","refId":"image_133","sr":1,"ks":{"o":{"a":0,"k":100,"ix":11},"r":{"a":0,"k":0,"ix":10},"p":{"a":0,"k":[178,100,0],"ix":2,"l":2},"a":{"a":0,"k":[178,100,0],"ix":1,"l":2},"s":{"a":0,"k":[100,100,100],"ix":6,"l":2}},"ao":0,"ip":88.6666666666667,"op":89.3333333333333,"st":88.6666666666667,"bm":0},{"ddd":0,"ind":135,"ty":2,"nm":"032C90EEC76E3E628765603C3F579081_00134.png","cl":"png","refId":"image_134","sr":1,"ks":{"o":{"a":0,"k":100,"ix":11},"r":{"a":0,"k":0,"ix":10},"p":{"a":0,"k":[178,100,0],"ix":2,"l":2},"a":{"a":0,"k":[178,100,0],"ix":1,"l":2},"s":{"a":0,"k":[100,100,100],"ix":6,"l":2}},"ao":0,"ip":89.3333333333333,"op":90,"st":89.3333333333333,"bm":0},{"ddd":0,"ind":136,"ty":2,"nm":"032C90EEC76E3E628765603C3F579081_00135.png","cl":"png","refId":"image_135","sr":1,"ks":{"o":{"a":0,"k":100,"ix":11},"r":{"a":0,"k":0,"ix":10},"p":{"a":0,"k":[178,100,0],"ix":2,"l":2},"a":{"a":0,"k":[178,100,0],"ix":1,"l":2},"s":{"a":0,"k":[100,100,100],"ix":6,"l":2}},"ao":0,"ip":90,"op":90.6666666666667,"st":90,"bm":0},{"ddd":0,"ind":137,"ty":2,"nm":"032C90EEC76E3E628765603C3F579081_00136.png","cl":"png","refId":"image_136","sr":1,"ks":{"o":{"a":0,"k":100,"ix":11},"r":{"a":0,"k":0,"ix":10},"p":{"a":0,"k":[178,100,0],"ix":2,"l":2},"a":{"a":0,"k":[178,100,0],"ix":1,"l":2},"s":{"a":0,"k":[100,100,100],"ix":6,"l":2}},"ao":0,"ip":90.6666666666667,"op":91.3333333333333,"st":90.6666666666667,"bm":0},{"ddd":0,"ind":138,"ty":2,"nm":"032C90EEC76E3E628765603C3F579081_00137.png","cl":"png","refId":"image_137","sr":1,"ks":{"o":{"a":0,"k":100,"ix":11},"r":{"a":0,"k":0,"ix":10},"p":{"a":0,"k":[178,100,0],"ix":2,"l":2},"a":{"a":0,"k":[178,100,0],"ix":1,"l":2},"s":{"a":0,"k":[100,100,100],"ix":6,"l":2}},"ao":0,"ip":91.3333333333333,"op":92,"st":91.3333333333333,"bm":0},{"ddd":0,"ind":139,"ty":2,"nm":"032C90EEC76E3E628765603C3F579081_00138.png","cl":"png","refId":"image_138","sr":1,"ks":{"o":{"a":0,"k":100,"ix":11},"r":{"a":0,"k":0,"ix":10},"p":{"a":0,"k":[178,100,0],"ix":2,"l":2},"a":{"a":0,"k":[178,100,0],"ix":1,"l":2},"s":{"a":0,"k":[100,100,100],"ix":6,"l":2}},"ao":0,"ip":92,"op":92.6666666666667,"st":92,"bm":0},{"ddd":0,"ind":140,"ty":2,"nm":"032C90EEC76E3E628765603C3F579081_00139.png","cl":"png","refId":"image_139","sr":1,"ks":{"o":{"a":0,"k":100,"ix":11},"r":{"a":0,"k":0,"ix":10},"p":{"a":0,"k":[178,100,0],"ix":2,"l":2},"a":{"a":0,"k":[178,100,0],"ix":1,"l":2},"s":{"a":0,"k":[100,100,100],"ix":6,"l":2}},"ao":0,"ip":92.6666666666667,"op":93.3333333333333,"st":92.6666666666667,"bm":0},{"ddd":0,"ind":141,"ty":2,"nm":"032C90EEC76E3E628765603C3F579081_00140.png","cl":"png","refId":"image_140","sr":1,"ks":{"o":{"a":0,"k":100,"ix":11},"r":{"a":0,"k":0,"ix":10},"p":{"a":0,"k":[178,100,0],"ix":2,"l":2},"a":{"a":0,"k":[178,100,0],"ix":1,"l":2},"s":{"a":0,"k":[100,100,100],"ix":6,"l":2}},"ao":0,"ip":93.3333333333333,"op":94,"st":93.3333333333333,"bm":0},{"ddd":0,"ind":142,"ty":2,"nm":"032C90EEC76E3E628765603C3F579081_00141.png","cl":"png","refId":"image_141","sr":1,"ks":{"o":{"a":0,"k":100,"ix":11},"r":{"a":0,"k":0,"ix":10},"p":{"a":0,"k":[178,100,0],"ix":2,"l":2},"a":{"a":0,"k":[178,100,0],"ix":1,"l":2},"s":{"a":0,"k":[100,100,100],"ix":6,"l":2}},"ao":0,"ip":94,"op":94.6666666666667,"st":94,"bm":0},{"ddd":0,"ind":143,"ty":2,"nm":"032C90EEC76E3E628765603C3F579081_00142.png","cl":"png","refId":"image_142","sr":1,"ks":{"o":{"a":0,"k":100,"ix":11},"r":{"a":0,"k":0,"ix":10},"p":{"a":0,"k":[178,100,0],"ix":2,"l":2},"a":{"a":0,"k":[178,100,0],"ix":1,"l":2},"s":{"a":0,"k":[100,100,100],"ix":6,"l":2}},"ao":0,"ip":94.6666666666667,"op":95.3333333333333,"st":94.6666666666667,"bm":0},{"ddd":0,"ind":144,"ty":2,"nm":"032C90EEC76E3E628765603C3F579081_00143.png","cl":"png","refId":"image_143","sr":1,"ks":{"o":{"a":0,"k":100,"ix":11},"r":{"a":0,"k":0,"ix":10},"p":{"a":0,"k":[178,100,0],"ix":2,"l":2},"a":{"a":0,"k":[178,100,0],"ix":1,"l":2},"s":{"a":0,"k":[100,100,100],"ix":6,"l":2}},"ao":0,"ip":95.3333333333333,"op":96,"st":95.3333333333333,"bm":0},{"ddd":0,"ind":145,"ty":2,"nm":"032C90EEC76E3E628765603C3F579081_00144.png","cl":"png","refId":"image_144","sr":1,"ks":{"o":{"a":0,"k":100,"ix":11},"r":{"a":0,"k":0,"ix":10},"p":{"a":0,"k":[178,100,0],"ix":2,"l":2},"a":{"a":0,"k":[178,100,0],"ix":1,"l":2},"s":{"a":0,"k":[100,100,100],"ix":6,"l":2}},"ao":0,"ip":96,"op":96.6666666666667,"st":96,"bm":0},{"ddd":0,"ind":146,"ty":2,"nm":"032C90EEC76E3E628765603C3F579081_00145.png","cl":"png","refId":"image_145","sr":1,"ks":{"o":{"a":0,"k":100,"ix":11},"r":{"a":0,"k":0,"ix":10},"p":{"a":0,"k":[178,100,0],"ix":2,"l":2},"a":{"a":0,"k":[178,100,0],"ix":1,"l":2},"s":{"a":0,"k":[100,100,100],"ix":6,"l":2}},"ao":0,"ip":96.6666666666667,"op":97.3333333333333,"st":96.6666666666667,"bm":0},{"ddd":0,"ind":147,"ty":2,"nm":"032C90EEC76E3E628765603C3F579081_00146.png","cl":"png","refId":"image_146","sr":1,"ks":{"o":{"a":0,"k":100,"ix":11},"r":{"a":0,"k":0,"ix":10},"p":{"a":0,"k":[178,100,0],"ix":2,"l":2},"a":{"a":0,"k":[178,100,0],"ix":1,"l":2},"s":{"a":0,"k":[100,100,100],"ix":6,"l":2}},"ao":0,"ip":97.3333333333333,"op":98,"st":97.3333333333333,"bm":0},{"ddd":0,"ind":148,"ty":2,"nm":"032C90EEC76E3E628765603C3F579081_00147.png","cl":"png","refId":"image_147","sr":1,"ks":{"o":{"a":0,"k":100,"ix":11},"r":{"a":0,"k":0,"ix":10},"p":{"a":0,"k":[178,100,0],"ix":2,"l":2},"a":{"a":0,"k":[178,100,0],"ix":1,"l":2},"s":{"a":0,"k":[100,100,100],"ix":6,"l":2}},"ao":0,"ip":98,"op":98.6666666666667,"st":98,"bm":0},{"ddd":0,"ind":149,"ty":2,"nm":"032C90EEC76E3E628765603C3F579081_00148.png","cl":"png","refId":"image_148","sr":1,"ks":{"o":{"a":0,"k":100,"ix":11},"r":{"a":0,"k":0,"ix":10},"p":{"a":0,"k":[178,100,0],"ix":2,"l":2},"a":{"a":0,"k":[178,100,0],"ix":1,"l":2},"s":{"a":0,"k":[100,100,100],"ix":6,"l":2}},"ao":0,"ip":98.6666666666667,"op":99.3333333333333,"st":98.6666666666667,"bm":0},{"ddd":0,"ind":150,"ty":2,"nm":"032C90EEC76E3E628765603C3F579081_00149.png","cl":"png","refId":"image_149","sr":1,"ks":{"o":{"a":0,"k":100,"ix":11},"r":{"a":0,"k":0,"ix":10},"p":{"a":0,"k":[178,100,0],"ix":2,"l":2},"a":{"a":0,"k":[178,100,0],"ix":1,"l":2},"s":{"a":0,"k":[100,100,100],"ix":6,"l":2}},"ao":0,"ip":99.3333333333333,"op":100,"st":99.3333333333333,"bm":0},{"ddd":0,"ind":151,"ty":2,"nm":"032C90EEC76E3E628765603C3F579081_00150.png","cl":"png","refId":"image_150","sr":1,"ks":{"o":{"a":0,"k":100,"ix":11},"r":{"a":0,"k":0,"ix":10},"p":{"a":0,"k":[178,100,0],"ix":2,"l":2},"a":{"a":0,"k":[178,100,0],"ix":1,"l":2},"s":{"a":0,"k":[100,100,100],"ix":6,"l":2}},"ao":0,"ip":100,"op":100.666666666667,"st":100,"bm":0},{"ddd":0,"ind":152,"ty":2,"nm":"032C90EEC76E3E628765603C3F579081_00151.png","cl":"png","refId":"image_151","sr":1,"ks":{"o":{"a":0,"k":100,"ix":11},"r":{"a":0,"k":0,"ix":10},"p":{"a":0,"k":[178,100,0],"ix":2,"l":2},"a":{"a":0,"k":[178,100,0],"ix":1,"l":2},"s":{"a":0,"k":[100,100,100],"ix":6,"l":2}},"ao":0,"ip":100.666666666667,"op":101.333333333333,"st":100.666666666667,"bm":0},{"ddd":0,"ind":153,"ty":2,"nm":"032C90EEC76E3E628765603C3F579081_00152.png","cl":"png","refId":"image_152","sr":1,"ks":{"o":{"a":0,"k":100,"ix":11},"r":{"a":0,"k":0,"ix":10},"p":{"a":0,"k":[178,100,0],"ix":2,"l":2},"a":{"a":0,"k":[178,100,0],"ix":1,"l":2},"s":{"a":0,"k":[100,100,100],"ix":6,"l":2}},"ao":0,"ip":101.333333333333,"op":102,"st":101.333333333333,"bm":0},{"ddd":0,"ind":154,"ty":2,"nm":"032C90EEC76E3E628765603C3F579081_00153.png","cl":"png","refId":"image_153","sr":1,"ks":{"o":{"a":0,"k":100,"ix":11},"r":{"a":0,"k":0,"ix":10},"p":{"a":0,"k":[178,100,0],"ix":2,"l":2},"a":{"a":0,"k":[178,100,0],"ix":1,"l":2},"s":{"a":0,"k":[100,100,100],"ix":6,"l":2}},"ao":0,"ip":102,"op":102.666666666667,"st":102,"bm":0},{"ddd":0,"ind":155,"ty":2,"nm":"032C90EEC76E3E628765603C3F579081_00154.png","cl":"png","refId":"image_154","sr":1,"ks":{"o":{"a":0,"k":100,"ix":11},"r":{"a":0,"k":0,"ix":10},"p":{"a":0,"k":[178,100,0],"ix":2,"l":2},"a":{"a":0,"k":[178,100,0],"ix":1,"l":2},"s":{"a":0,"k":[100,100,100],"ix":6,"l":2}},"ao":0,"ip":102.666666666667,"op":103.333333333333,"st":102.666666666667,"bm":0},{"ddd":0,"ind":156,"ty":2,"nm":"032C90EEC76E3E628765603C3F579081_00155.png","cl":"png","refId":"image_155","sr":1,"ks":{"o":{"a":0,"k":100,"ix":11},"r":{"a":0,"k":0,"ix":10},"p":{"a":0,"k":[178,100,0],"ix":2,"l":2},"a":{"a":0,"k":[178,100,0],"ix":1,"l":2},"s":{"a":0,"k":[100,100,100],"ix":6,"l":2}},"ao":0,"ip":103.333333333333,"op":104,"st":103.333333333333,"bm":0},{"ddd":0,"ind":157,"ty":2,"nm":"032C90EEC76E3E628765603C3F579081_00156.png","cl":"png","refId":"image_156","sr":1,"ks":{"o":{"a":0,"k":100,"ix":11},"r":{"a":0,"k":0,"ix":10},"p":{"a":0,"k":[178,100,0],"ix":2,"l":2},"a":{"a":0,"k":[178,100,0],"ix":1,"l":2},"s":{"a":0,"k":[100,100,100],"ix":6,"l":2}},"ao":0,"ip":104,"op":104.666666666667,"st":104,"bm":0},{"ddd":0,"ind":158,"ty":2,"nm":"032C90EEC76E3E628765603C3F579081_00157.png","cl":"png","refId":"image_157","sr":1,"ks":{"o":{"a":0,"k":100,"ix":11},"r":{"a":0,"k":0,"ix":10},"p":{"a":0,"k":[178,100,0],"ix":2,"l":2},"a":{"a":0,"k":[178,100,0],"ix":1,"l":2},"s":{"a":0,"k":[100,100,100],"ix":6,"l":2}},"ao":0,"ip":104.666666666667,"op":105.333333333333,"st":104.666666666667,"bm":0},{"ddd":0,"ind":159,"ty":2,"nm":"032C90EEC76E3E628765603C3F579081_00158.png","cl":"png","refId":"image_158","sr":1,"ks":{"o":{"a":0,"k":100,"ix":11},"r":{"a":0,"k":0,"ix":10},"p":{"a":0,"k":[178,100,0],"ix":2,"l":2},"a":{"a":0,"k":[178,100,0],"ix":1,"l":2},"s":{"a":0,"k":[100,100,100],"ix":6,"l":2}},"ao":0,"ip":105.333333333333,"op":106,"st":105.333333333333,"bm":0},{"ddd":0,"ind":160,"ty":2,"nm":"032C90EEC76E3E628765603C3F579081_00159.png","cl":"png","refId":"image_159","sr":1,"ks":{"o":{"a":0,"k":100,"ix":11},"r":{"a":0,"k":0,"ix":10},"p":{"a":0,"k":[178,100,0],"ix":2,"l":2},"a":{"a":0,"k":[178,100,0],"ix":1,"l":2},"s":{"a":0,"k":[100,100,100],"ix":6,"l":2}},"ao":0,"ip":106,"op":106.666666666667,"st":106,"bm":0},{"ddd":0,"ind":161,"ty":2,"nm":"032C90EEC76E3E628765603C3F579081_00160.png","cl":"png","refId":"image_160","sr":1,"ks":{"o":{"a":0,"k":100,"ix":11},"r":{"a":0,"k":0,"ix":10},"p":{"a":0,"k":[178,100,0],"ix":2,"l":2},"a":{"a":0,"k":[178,100,0],"ix":1,"l":2},"s":{"a":0,"k":[100,100,100],"ix":6,"l":2}},"ao":0,"ip":106.666666666667,"op":107.333333333333,"st":106.666666666667,"bm":0},{"ddd":0,"ind":162,"ty":2,"nm":"032C90EEC76E3E628765603C3F579081_00161.png","cl":"png","refId":"image_161","sr":1,"ks":{"o":{"a":0,"k":100,"ix":11},"r":{"a":0,"k":0,"ix":10},"p":{"a":0,"k":[178,100,0],"ix":2,"l":2},"a":{"a":0,"k":[178,100,0],"ix":1,"l":2},"s":{"a":0,"k":[100,100,100],"ix":6,"l":2}},"ao":0,"ip":107.333333333333,"op":108,"st":107.333333333333,"bm":0},{"ddd":0,"ind":163,"ty":2,"nm":"032C90EEC76E3E628765603C3F579081_00162.png","cl":"png","refId":"image_162","sr":1,"ks":{"o":{"a":0,"k":100,"ix":11},"r":{"a":0,"k":0,"ix":10},"p":{"a":0,"k":[178,100,0],"ix":2,"l":2},"a":{"a":0,"k":[178,100,0],"ix":1,"l":2},"s":{"a":0,"k":[100,100,100],"ix":6,"l":2}},"ao":0,"ip":108,"op":108.666666666667,"st":108,"bm":0},{"ddd":0,"ind":164,"ty":2,"nm":"032C90EEC76E3E628765603C3F579081_00163.png","cl":"png","refId":"image_163","sr":1,"ks":{"o":{"a":0,"k":100,"ix":11},"r":{"a":0,"k":0,"ix":10},"p":{"a":0,"k":[178,100,0],"ix":2,"l":2},"a":{"a":0,"k":[178,100,0],"ix":1,"l":2},"s":{"a":0,"k":[100,100,100],"ix":6,"l":2}},"ao":0,"ip":108.666666666667,"op":109.333333333333,"st":108.666666666667,"bm":0},{"ddd":0,"ind":165,"ty":2,"nm":"032C90EEC76E3E628765603C3F579081_00164.png","cl":"png","refId":"image_164","sr":1,"ks":{"o":{"a":0,"k":100,"ix":11},"r":{"a":0,"k":0,"ix":10},"p":{"a":0,"k":[178,100,0],"ix":2,"l":2},"a":{"a":0,"k":[178,100,0],"ix":1,"l":2},"s":{"a":0,"k":[100,100,100],"ix":6,"l":2}},"ao":0,"ip":109.333333333333,"op":110,"st":109.333333333333,"bm":0},{"ddd":0,"ind":166,"ty":2,"nm":"032C90EEC76E3E628765603C3F579081_00165.png","cl":"png","refId":"image_165","sr":1,"ks":{"o":{"a":0,"k":100,"ix":11},"r":{"a":0,"k":0,"ix":10},"p":{"a":0,"k":[178,100,0],"ix":2,"l":2},"a":{"a":0,"k":[178,100,0],"ix":1,"l":2},"s":{"a":0,"k":[100,100,100],"ix":6,"l":2}},"ao":0,"ip":110,"op":110.666666666667,"st":110,"bm":0},{"ddd":0,"ind":167,"ty":2,"nm":"032C90EEC76E3E628765603C3F579081_00166.png","cl":"png","refId":"image_166","sr":1,"ks":{"o":{"a":0,"k":100,"ix":11},"r":{"a":0,"k":0,"ix":10},"p":{"a":0,"k":[178,100,0],"ix":2,"l":2},"a":{"a":0,"k":[178,100,0],"ix":1,"l":2},"s":{"a":0,"k":[100,100,100],"ix":6,"l":2}},"ao":0,"ip":110.666666666667,"op":111.333333333333,"st":110.666666666667,"bm":0},{"ddd":0,"ind":168,"ty":2,"nm":"032C90EEC76E3E628765603C3F579081_00167.png","cl":"png","refId":"image_167","sr":1,"ks":{"o":{"a":0,"k":100,"ix":11},"r":{"a":0,"k":0,"ix":10},"p":{"a":0,"k":[178,100,0],"ix":2,"l":2},"a":{"a":0,"k":[178,100,0],"ix":1,"l":2},"s":{"a":0,"k":[100,100,100],"ix":6,"l":2}},"ao":0,"ip":111.333333333333,"op":112,"st":111.333333333333,"bm":0},{"ddd":0,"ind":169,"ty":2,"nm":"032C90EEC76E3E628765603C3F579081_00168.png","cl":"png","refId":"image_168","sr":1,"ks":{"o":{"a":0,"k":100,"ix":11},"r":{"a":0,"k":0,"ix":10},"p":{"a":0,"k":[178,100,0],"ix":2,"l":2},"a":{"a":0,"k":[178,100,0],"ix":1,"l":2},"s":{"a":0,"k":[100,100,100],"ix":6,"l":2}},"ao":0,"ip":112,"op":112.666666666667,"st":112,"bm":0},{"ddd":0,"ind":170,"ty":2,"nm":"032C90EEC76E3E628765603C3F579081_00169.png","cl":"png","refId":"image_169","sr":1,"ks":{"o":{"a":0,"k":100,"ix":11},"r":{"a":0,"k":0,"ix":10},"p":{"a":0,"k":[178,100,0],"ix":2,"l":2},"a":{"a":0,"k":[178,100,0],"ix":1,"l":2},"s":{"a":0,"k":[100,100,100],"ix":6,"l":2}},"ao":0,"ip":112.666666666667,"op":113.333333333333,"st":112.666666666667,"bm":0},{"ddd":0,"ind":171,"ty":2,"nm":"032C90EEC76E3E628765603C3F579081_00170.png","cl":"png","refId":"image_170","sr":1,"ks":{"o":{"a":0,"k":100,"ix":11},"r":{"a":0,"k":0,"ix":10},"p":{"a":0,"k":[178,100,0],"ix":2,"l":2},"a":{"a":0,"k":[178,100,0],"ix":1,"l":2},"s":{"a":0,"k":[100,100,100],"ix":6,"l":2}},"ao":0,"ip":113.333333333333,"op":114,"st":113.333333333333,"bm":0},{"ddd":0,"ind":172,"ty":2,"nm":"032C90EEC76E3E628765603C3F579081_00171.png","cl":"png","refId":"image_171","sr":1,"ks":{"o":{"a":0,"k":100,"ix":11},"r":{"a":0,"k":0,"ix":10},"p":{"a":0,"k":[178,100,0],"ix":2,"l":2},"a":{"a":0,"k":[178,100,0],"ix":1,"l":2},"s":{"a":0,"k":[100,100,100],"ix":6,"l":2}},"ao":0,"ip":114,"op":114.666666666667,"st":114,"bm":0},{"ddd":0,"ind":173,"ty":2,"nm":"032C90EEC76E3E628765603C3F579081_00172.png","cl":"png","refId":"image_172","sr":1,"ks":{"o":{"a":0,"k":100,"ix":11},"r":{"a":0,"k":0,"ix":10},"p":{"a":0,"k":[178,100,0],"ix":2,"l":2},"a":{"a":0,"k":[178,100,0],"ix":1,"l":2},"s":{"a":0,"k":[100,100,100],"ix":6,"l":2}},"ao":0,"ip":114.666666666667,"op":115.333333333333,"st":114.666666666667,"bm":0},{"ddd":0,"ind":174,"ty":2,"nm":"032C90EEC76E3E628765603C3F579081_00173.png","cl":"png","refId":"image_173","sr":1,"ks":{"o":{"a":0,"k":100,"ix":11},"r":{"a":0,"k":0,"ix":10},"p":{"a":0,"k":[178,100,0],"ix":2,"l":2},"a":{"a":0,"k":[178,100,0],"ix":1,"l":2},"s":{"a":0,"k":[100,100,100],"ix":6,"l":2}},"ao":0,"ip":115.333333333333,"op":116,"st":115.333333333333,"bm":0},{"ddd":0,"ind":175,"ty":2,"nm":"032C90EEC76E3E628765603C3F579081_00174.png","cl":"png","refId":"image_174","sr":1,"ks":{"o":{"a":0,"k":100,"ix":11},"r":{"a":0,"k":0,"ix":10},"p":{"a":0,"k":[178,100,0],"ix":2,"l":2},"a":{"a":0,"k":[178,100,0],"ix":1,"l":2},"s":{"a":0,"k":[100,100,100],"ix":6,"l":2}},"ao":0,"ip":116,"op":116.666666666667,"st":116,"bm":0},{"ddd":0,"ind":176,"ty":2,"nm":"032C90EEC76E3E628765603C3F579081_00175.png","cl":"png","refId":"image_175","sr":1,"ks":{"o":{"a":0,"k":100,"ix":11},"r":{"a":0,"k":0,"ix":10},"p":{"a":0,"k":[178,100,0],"ix":2,"l":2},"a":{"a":0,"k":[178,100,0],"ix":1,"l":2},"s":{"a":0,"k":[100,100,100],"ix":6,"l":2}},"ao":0,"ip":116.666666666667,"op":117.333333333333,"st":116.666666666667,"bm":0},{"ddd":0,"ind":177,"ty":2,"nm":"032C90EEC76E3E628765603C3F579081_00176.png","cl":"png","refId":"image_176","sr":1,"ks":{"o":{"a":0,"k":100,"ix":11},"r":{"a":0,"k":0,"ix":10},"p":{"a":0,"k":[178,100,0],"ix":2,"l":2},"a":{"a":0,"k":[178,100,0],"ix":1,"l":2},"s":{"a":0,"k":[100,100,100],"ix":6,"l":2}},"ao":0,"ip":117.333333333333,"op":118,"st":117.333333333333,"bm":0},{"ddd":0,"ind":178,"ty":2,"nm":"032C90EEC76E3E628765603C3F579081_00177.png","cl":"png","refId":"image_177","sr":1,"ks":{"o":{"a":0,"k":100,"ix":11},"r":{"a":0,"k":0,"ix":10},"p":{"a":0,"k":[178,100,0],"ix":2,"l":2},"a":{"a":0,"k":[178,100,0],"ix":1,"l":2},"s":{"a":0,"k":[100,100,100],"ix":6,"l":2}},"ao":0,"ip":118,"op":118.666666666667,"st":118,"bm":0},{"ddd":0,"ind":179,"ty":2,"nm":"032C90EEC76E3E628765603C3F579081_00178.png","cl":"png","refId":"image_178","sr":1,"ks":{"o":{"a":0,"k":100,"ix":11},"r":{"a":0,"k":0,"ix":10},"p":{"a":0,"k":[178,100,0],"ix":2,"l":2},"a":{"a":0,"k":[178,100,0],"ix":1,"l":2},"s":{"a":0,"k":[100,100,100],"ix":6,"l":2}},"ao":0,"ip":118.666666666667,"op":119.333333333333,"st":118.666666666667,"bm":0},{"ddd":0,"ind":180,"ty":2,"nm":"032C90EEC76E3E628765603C3F579081_00179.png","cl":"png","refId":"image_179","sr":1,"ks":{"o":{"a":0,"k":100,"ix":11},"r":{"a":0,"k":0,"ix":10},"p":{"a":0,"k":[178,100,0],"ix":2,"l":2},"a":{"a":0,"k":[178,100,0],"ix":1,"l":2},"s":{"a":0,"k":[100,100,100],"ix":6,"l":2}},"ao":0,"ip":119.333333333333,"op":120,"st":119.333333333333,"bm":0},{"ddd":0,"ind":181,"ty":2,"nm":"032C90EEC76E3E628765603C3F579081_00180.png","cl":"png","refId":"image_180","sr":1,"ks":{"o":{"a":0,"k":100,"ix":11},"r":{"a":0,"k":0,"ix":10},"p":{"a":0,"k":[178,100,0],"ix":2,"l":2},"a":{"a":0,"k":[178,100,0],"ix":1,"l":2},"s":{"a":0,"k":[100,100,100],"ix":6,"l":2}},"ao":0,"ip":120,"op":120.666666666667,"st":120,"bm":0},{"ddd":0,"ind":182,"ty":2,"nm":"032C90EEC76E3E628765603C3F579081_00181.png","cl":"png","refId":"image_181","sr":1,"ks":{"o":{"a":0,"k":100,"ix":11},"r":{"a":0,"k":0,"ix":10},"p":{"a":0,"k":[178,100,0],"ix":2,"l":2},"a":{"a":0,"k":[178,100,0],"ix":1,"l":2},"s":{"a":0,"k":[100,100,100],"ix":6,"l":2}},"ao":0,"ip":120.666666666667,"op":121.333333333333,"st":120.666666666667,"bm":0},{"ddd":0,"ind":183,"ty":2,"nm":"032C90EEC76E3E628765603C3F579081_00182.png","cl":"png","refId":"image_182","sr":1,"ks":{"o":{"a":0,"k":100,"ix":11},"r":{"a":0,"k":0,"ix":10},"p":{"a":0,"k":[178,100,0],"ix":2,"l":2},"a":{"a":0,"k":[178,100,0],"ix":1,"l":2},"s":{"a":0,"k":[100,100,100],"ix":6,"l":2}},"ao":0,"ip":121.333333333333,"op":122,"st":121.333333333333,"bm":0},{"ddd":0,"ind":184,"ty":2,"nm":"032C90EEC76E3E628765603C3F579081_00183.png","cl":"png","refId":"image_183","sr":1,"ks":{"o":{"a":0,"k":100,"ix":11},"r":{"a":0,"k":0,"ix":10},"p":{"a":0,"k":[178,100,0],"ix":2,"l":2},"a":{"a":0,"k":[178,100,0],"ix":1,"l":2},"s":{"a":0,"k":[100,100,100],"ix":6,"l":2}},"ao":0,"ip":122,"op":122.666666666667,"st":122,"bm":0},{"ddd":0,"ind":185,"ty":2,"nm":"032C90EEC76E3E628765603C3F579081_00184.png","cl":"png","refId":"image_184","sr":1,"ks":{"o":{"a":0,"k":100,"ix":11},"r":{"a":0,"k":0,"ix":10},"p":{"a":0,"k":[178,100,0],"ix":2,"l":2},"a":{"a":0,"k":[178,100,0],"ix":1,"l":2},"s":{"a":0,"k":[100,100,100],"ix":6,"l":2}},"ao":0,"ip":122.666666666667,"op":123.333333333333,"st":122.666666666667,"bm":0},{"ddd":0,"ind":186,"ty":2,"nm":"032C90EEC76E3E628765603C3F579081_00185.png","cl":"png","refId":"image_185","sr":1,"ks":{"o":{"a":0,"k":100,"ix":11},"r":{"a":0,"k":0,"ix":10},"p":{"a":0,"k":[178,100,0],"ix":2,"l":2},"a":{"a":0,"k":[178,100,0],"ix":1,"l":2},"s":{"a":0,"k":[100,100,100],"ix":6,"l":2}},"ao":0,"ip":123.333333333333,"op":124,"st":123.333333333333,"bm":0},{"ddd":0,"ind":187,"ty":2,"nm":"032C90EEC76E3E628765603C3F579081_00186.png","cl":"png","refId":"image_186","sr":1,"ks":{"o":{"a":0,"k":100,"ix":11},"r":{"a":0,"k":0,"ix":10},"p":{"a":0,"k":[178,100,0],"ix":2,"l":2},"a":{"a":0,"k":[178,100,0],"ix":1,"l":2},"s":{"a":0,"k":[100,100,100],"ix":6,"l":2}},"ao":0,"ip":124,"op":124.666666666667,"st":124,"bm":0}],"markers":[]}