{"v":"5.6.8","fr":15,"ip":0,"op":219,"w":360,"h":640,"nm":"玉子市场_00000","ddd":0,"assets":[{"id":"image_0","w":360,"h":640,"u":"images/","p":"img_0.jpg","e":0},{"id":"image_1","w":360,"h":640,"u":"images/","p":"img_1.jpg","e":0},{"id":"image_2","w":360,"h":640,"u":"images/","p":"img_2.jpg","e":0},{"id":"image_3","w":360,"h":640,"u":"images/","p":"img_3.jpg","e":0},{"id":"image_4","w":360,"h":640,"u":"images/","p":"img_4.jpg","e":0},{"id":"image_5","w":360,"h":640,"u":"images/","p":"img_5.jpg","e":0},{"id":"image_6","w":360,"h":640,"u":"images/","p":"img_6.jpg","e":0},{"id":"image_7","w":360,"h":640,"u":"images/","p":"img_7.jpg","e":0},{"id":"image_8","w":360,"h":640,"u":"images/","p":"img_8.jpg","e":0},{"id":"image_9","w":360,"h":640,"u":"images/","p":"img_9.jpg","e":0},{"id":"image_10","w":360,"h":640,"u":"images/","p":"img_10.jpg","e":0},{"id":"image_11","w":360,"h":640,"u":"images/","p":"img_11.jpg","e":0},{"id":"image_12","w":360,"h":640,"u":"images/","p":"img_12.jpg","e":0},{"id":"image_13","w":360,"h":640,"u":"images/","p":"img_13.jpg","e":0},{"id":"image_14","w":360,"h":640,"u":"images/","p":"img_14.jpg","e":0},{"id":"image_15","w":360,"h":640,"u":"images/","p":"img_15.jpg","e":0},{"id":"image_16","w":360,"h":640,"u":"images/","p":"img_16.jpg","e":0},{"id":"image_17","w":360,"h":640,"u":"images/","p":"img_17.jpg","e":0},{"id":"image_18","w":360,"h":640,"u":"images/","p":"img_18.jpg","e":0},{"id":"image_19","w":360,"h":640,"u":"images/","p":"img_19.jpg","e":0},{"id":"image_20","w":360,"h":640,"u":"images/","p":"img_20.jpg","e":0},{"id":"image_21","w":360,"h":640,"u":"images/","p":"img_21.jpg","e":0},{"id":"image_22","w":360,"h":640,"u":"images/","p":"img_22.jpg","e":0},{"id":"image_23","w":360,"h":640,"u":"images/","p":"img_23.jpg","e":0},{"id":"image_24","w":360,"h":640,"u":"images/","p":"img_24.jpg","e":0},{"id":"image_25","w":360,"h":640,"u":"images/","p":"img_25.jpg","e":0},{"id":"image_26","w":360,"h":640,"u":"images/","p":"img_26.jpg","e":0},{"id":"image_27","w":360,"h":640,"u":"images/","p":"img_27.jpg","e":0},{"id":"image_28","w":360,"h":640,"u":"images/","p":"img_28.jpg","e":0},{"id":"image_29","w":360,"h":640,"u":"images/","p":"img_29.jpg","e":0},{"id":"image_30","w":360,"h":640,"u":"images/","p":"img_30.jpg","e":0},{"id":"image_31","w":360,"h":640,"u":"images/","p":"img_31.jpg","e":0},{"id":"image_32","w":360,"h":640,"u":"images/","p":"img_32.jpg","e":0},{"id":"image_33","w":360,"h":640,"u":"images/","p":"img_33.jpg","e":0},{"id":"image_34","w":360,"h":640,"u":"images/","p":"img_34.jpg","e":0},{"id":"image_35","w":360,"h":640,"u":"images/","p":"img_35.jpg","e":0},{"id":"image_36","w":360,"h":640,"u":"images/","p":"img_36.jpg","e":0},{"id":"image_37","w":360,"h":640,"u":"images/","p":"img_37.jpg","e":0},{"id":"image_38","w":360,"h":640,"u":"images/","p":"img_38.jpg","e":0},{"id":"image_39","w":360,"h":640,"u":"images/","p":"img_39.jpg","e":0},{"id":"image_40","w":360,"h":640,"u":"images/","p":"img_40.jpg","e":0},{"id":"image_41","w":360,"h":640,"u":"images/","p":"img_41.jpg","e":0},{"id":"image_42","w":360,"h":640,"u":"images/","p":"img_42.jpg","e":0},{"id":"image_43","w":360,"h":640,"u":"images/","p":"img_43.jpg","e":0},{"id":"image_44","w":360,"h":640,"u":"images/","p":"img_44.jpg","e":0},{"id":"image_45","w":360,"h":640,"u":"images/","p":"img_45.jpg","e":0},{"id":"image_46","w":360,"h":640,"u":"images/","p":"img_46.jpg","e":0},{"id":"image_47","w":360,"h":640,"u":"images/","p":"img_47.jpg","e":0},{"id":"image_48","w":360,"h":640,"u":"images/","p":"img_48.jpg","e":0},{"id":"image_49","w":360,"h":640,"u":"images/","p":"img_49.jpg","e":0},{"id":"image_50","w":360,"h":640,"u":"images/","p":"img_50.jpg","e":0},{"id":"image_51","w":360,"h":640,"u":"images/","p":"img_51.jpg","e":0},{"id":"image_52","w":360,"h":640,"u":"images/","p":"img_52.jpg","e":0},{"id":"image_53","w":360,"h":640,"u":"images/","p":"img_53.jpg","e":0},{"id":"image_54","w":360,"h":640,"u":"images/","p":"img_54.jpg","e":0},{"id":"image_55","w":360,"h":640,"u":"images/","p":"img_55.jpg","e":0},{"id":"image_56","w":360,"h":640,"u":"images/","p":"img_56.jpg","e":0},{"id":"image_57","w":360,"h":640,"u":"images/","p":"img_57.jpg","e":0},{"id":"image_58","w":360,"h":640,"u":"images/","p":"img_58.jpg","e":0},{"id":"image_59","w":360,"h":640,"u":"images/","p":"img_59.jpg","e":0},{"id":"image_60","w":360,"h":640,"u":"images/","p":"img_60.jpg","e":0},{"id":"image_61","w":360,"h":640,"u":"images/","p":"img_61.jpg","e":0},{"id":"image_62","w":360,"h":640,"u":"images/","p":"img_62.jpg","e":0},{"id":"image_63","w":360,"h":640,"u":"images/","p":"img_63.jpg","e":0},{"id":"image_64","w":360,"h":640,"u":"images/","p":"img_64.jpg","e":0},{"id":"image_65","w":360,"h":640,"u":"images/","p":"img_65.jpg","e":0},{"id":"image_66","w":360,"h":640,"u":"images/","p":"img_66.jpg","e":0},{"id":"image_67","w":360,"h":640,"u":"images/","p":"img_67.jpg","e":0},{"id":"image_68","w":360,"h":640,"u":"images/","p":"img_68.jpg","e":0},{"id":"image_69","w":360,"h":640,"u":"images/","p":"img_69.jpg","e":0},{"id":"image_70","w":360,"h":640,"u":"images/","p":"img_70.jpg","e":0},{"id":"image_71","w":360,"h":640,"u":"images/","p":"img_71.jpg","e":0},{"id":"image_72","w":360,"h":640,"u":"images/","p":"img_72.jpg","e":0},{"id":"image_73","w":360,"h":640,"u":"images/","p":"img_73.jpg","e":0},{"id":"image_74","w":360,"h":640,"u":"images/","p":"img_74.jpg","e":0},{"id":"image_75","w":360,"h":640,"u":"images/","p":"img_75.jpg","e":0},{"id":"image_76","w":360,"h":640,"u":"images/","p":"img_76.jpg","e":0},{"id":"image_77","w":360,"h":640,"u":"images/","p":"img_77.jpg","e":0},{"id":"image_78","w":360,"h":640,"u":"images/","p":"img_78.jpg","e":0},{"id":"image_79","w":360,"h":640,"u":"images/","p":"img_79.jpg","e":0},{"id":"image_80","w":360,"h":640,"u":"images/","p":"img_80.jpg","e":0},{"id":"image_81","w":360,"h":640,"u":"images/","p":"img_81.jpg","e":0},{"id":"image_82","w":360,"h":640,"u":"images/","p":"img_82.jpg","e":0},{"id":"image_83","w":360,"h":640,"u":"images/","p":"img_83.jpg","e":0},{"id":"image_84","w":360,"h":640,"u":"images/","p":"img_84.jpg","e":0},{"id":"image_85","w":360,"h":640,"u":"images/","p":"img_85.jpg","e":0},{"id":"image_86","w":360,"h":640,"u":"images/","p":"img_86.jpg","e":0},{"id":"image_87","w":360,"h":640,"u":"images/","p":"img_87.jpg","e":0},{"id":"image_88","w":360,"h":640,"u":"images/","p":"img_88.jpg","e":0},{"id":"image_89","w":360,"h":640,"u":"images/","p":"img_89.jpg","e":0},{"id":"image_90","w":360,"h":640,"u":"images/","p":"img_90.jpg","e":0},{"id":"image_91","w":360,"h":640,"u":"images/","p":"img_91.jpg","e":0},{"id":"image_92","w":360,"h":640,"u":"images/","p":"img_92.jpg","e":0},{"id":"image_93","w":360,"h":640,"u":"images/","p":"img_93.jpg","e":0},{"id":"image_94","w":360,"h":640,"u":"images/","p":"img_94.jpg","e":0},{"id":"image_95","w":360,"h":640,"u":"images/","p":"img_95.jpg","e":0},{"id":"image_96","w":360,"h":640,"u":"images/","p":"img_96.jpg","e":0},{"id":"image_97","w":360,"h":640,"u":"images/","p":"img_97.jpg","e":0},{"id":"image_98","w":360,"h":640,"u":"images/","p":"img_98.jpg","e":0},{"id":"image_99","w":360,"h":640,"u":"images/","p":"img_99.jpg","e":0},{"id":"image_100","w":360,"h":640,"u":"images/","p":"img_100.jpg","e":0},{"id":"image_101","w":360,"h":640,"u":"images/","p":"img_101.jpg","e":0},{"id":"image_102","w":360,"h":640,"u":"images/","p":"img_102.jpg","e":0},{"id":"image_103","w":360,"h":640,"u":"images/","p":"img_103.jpg","e":0},{"id":"image_104","w":360,"h":640,"u":"images/","p":"img_104.jpg","e":0},{"id":"image_105","w":360,"h":640,"u":"images/","p":"img_105.jpg","e":0},{"id":"image_106","w":360,"h":640,"u":"images/","p":"img_106.jpg","e":0},{"id":"image_107","w":360,"h":640,"u":"images/","p":"img_107.jpg","e":0},{"id":"image_108","w":360,"h":640,"u":"images/","p":"img_108.jpg","e":0},{"id":"image_109","w":360,"h":640,"u":"images/","p":"img_109.jpg","e":0},{"id":"image_110","w":360,"h":640,"u":"images/","p":"img_110.jpg","e":0},{"id":"image_111","w":360,"h":640,"u":"images/","p":"img_111.jpg","e":0},{"id":"image_112","w":360,"h":640,"u":"images/","p":"img_112.jpg","e":0},{"id":"image_113","w":360,"h":640,"u":"images/","p":"img_113.jpg","e":0},{"id":"image_114","w":360,"h":640,"u":"images/","p":"img_114.jpg","e":0},{"id":"image_115","w":360,"h":640,"u":"images/","p":"img_115.jpg","e":0},{"id":"image_116","w":360,"h":640,"u":"images/","p":"img_116.jpg","e":0},{"id":"image_117","w":360,"h":640,"u":"images/","p":"img_117.jpg","e":0},{"id":"image_118","w":360,"h":640,"u":"images/","p":"img_118.jpg","e":0},{"id":"image_119","w":360,"h":640,"u":"images/","p":"img_119.jpg","e":0},{"id":"image_120","w":360,"h":640,"u":"images/","p":"img_120.jpg","e":0},{"id":"image_121","w":360,"h":640,"u":"images/","p":"img_121.jpg","e":0},{"id":"image_122","w":360,"h":640,"u":"images/","p":"img_122.jpg","e":0},{"id":"image_123","w":360,"h":640,"u":"images/","p":"img_123.jpg","e":0},{"id":"image_124","w":360,"h":640,"u":"images/","p":"img_124.jpg","e":0},{"id":"image_125","w":360,"h":640,"u":"images/","p":"img_125.jpg","e":0},{"id":"image_126","w":360,"h":640,"u":"images/","p":"img_126.jpg","e":0},{"id":"image_127","w":360,"h":640,"u":"images/","p":"img_127.jpg","e":0},{"id":"image_128","w":360,"h":640,"u":"images/","p":"img_128.jpg","e":0},{"id":"image_129","w":360,"h":640,"u":"images/","p":"img_129.jpg","e":0},{"id":"image_130","w":360,"h":640,"u":"images/","p":"img_130.jpg","e":0},{"id":"image_131","w":360,"h":640,"u":"images/","p":"img_131.jpg","e":0},{"id":"image_132","w":360,"h":640,"u":"images/","p":"img_132.jpg","e":0},{"id":"image_133","w":360,"h":640,"u":"images/","p":"img_133.jpg","e":0},{"id":"image_134","w":360,"h":640,"u":"images/","p":"img_134.jpg","e":0},{"id":"image_135","w":360,"h":640,"u":"images/","p":"img_135.jpg","e":0},{"id":"image_136","w":360,"h":640,"u":"images/","p":"img_136.jpg","e":0},{"id":"image_137","w":360,"h":640,"u":"images/","p":"img_137.jpg","e":0},{"id":"image_138","w":360,"h":640,"u":"images/","p":"img_138.jpg","e":0},{"id":"image_139","w":360,"h":640,"u":"images/","p":"img_139.jpg","e":0},{"id":"image_140","w":360,"h":640,"u":"images/","p":"img_140.jpg","e":0},{"id":"image_141","w":360,"h":640,"u":"images/","p":"img_141.jpg","e":0},{"id":"image_142","w":360,"h":640,"u":"images/","p":"img_142.jpg","e":0},{"id":"image_143","w":360,"h":640,"u":"images/","p":"img_143.jpg","e":0},{"id":"image_144","w":360,"h":640,"u":"images/","p":"img_144.jpg","e":0},{"id":"image_145","w":360,"h":640,"u":"images/","p":"img_145.jpg","e":0}],"layers":[{"ddd":0,"ind":1,"ty":2,"nm":"玉子市场_00000.png","cl":"png","refId":"image_0","sr":1,"ks":{"o":{"a":0,"k":100,"ix":11},"r":{"a":0,"k":0,"ix":10},"p":{"a":0,"k":[180,320,0],"ix":2},"a":{"a":0,"k":[180,320,0],"ix":1},"s":{"a":0,"k":[100,100,100],"ix":6}},"ao":0,"ip":0,"op":4,"st":0,"bm":0},{"ddd":0,"ind":2,"ty":2,"nm":"玉子市场_00001.png","cl":"png","refId":"image_1","sr":1,"ks":{"o":{"a":0,"k":100,"ix":11},"r":{"a":0,"k":0,"ix":10},"p":{"a":0,"k":[180,320,0],"ix":2},"a":{"a":0,"k":[180,320,0],"ix":1},"s":{"a":0,"k":[100,100,100],"ix":6}},"ao":0,"ip":1.5,"op":5.5,"st":1.5,"bm":0},{"ddd":0,"ind":3,"ty":2,"nm":"玉子市场_00002.png","cl":"png","refId":"image_2","sr":1,"ks":{"o":{"a":0,"k":100,"ix":11},"r":{"a":0,"k":0,"ix":10},"p":{"a":0,"k":[180,320,0],"ix":2},"a":{"a":0,"k":[180,320,0],"ix":1},"s":{"a":0,"k":[100,100,100],"ix":6}},"ao":0,"ip":3,"op":7,"st":3,"bm":0},{"ddd":0,"ind":4,"ty":2,"nm":"玉子市场_00003.png","cl":"png","refId":"image_3","sr":1,"ks":{"o":{"a":0,"k":100,"ix":11},"r":{"a":0,"k":0,"ix":10},"p":{"a":0,"k":[180,320,0],"ix":2},"a":{"a":0,"k":[180,320,0],"ix":1},"s":{"a":0,"k":[100,100,100],"ix":6}},"ao":0,"ip":4.5,"op":8.5,"st":4.5,"bm":0},{"ddd":0,"ind":5,"ty":2,"nm":"玉子市场_00004.png","cl":"png","refId":"image_4","sr":1,"ks":{"o":{"a":0,"k":100,"ix":11},"r":{"a":0,"k":0,"ix":10},"p":{"a":0,"k":[180,320,0],"ix":2},"a":{"a":0,"k":[180,320,0],"ix":1},"s":{"a":0,"k":[100,100,100],"ix":6}},"ao":0,"ip":6,"op":10,"st":6,"bm":0},{"ddd":0,"ind":6,"ty":2,"nm":"玉子市场_00005.png","cl":"png","refId":"image_5","sr":1,"ks":{"o":{"a":0,"k":100,"ix":11},"r":{"a":0,"k":0,"ix":10},"p":{"a":0,"k":[180,320,0],"ix":2},"a":{"a":0,"k":[180,320,0],"ix":1},"s":{"a":0,"k":[100,100,100],"ix":6}},"ao":0,"ip":7.5,"op":11.5,"st":7.5,"bm":0},{"ddd":0,"ind":7,"ty":2,"nm":"玉子市场_00006.png","cl":"png","refId":"image_6","sr":1,"ks":{"o":{"a":0,"k":100,"ix":11},"r":{"a":0,"k":0,"ix":10},"p":{"a":0,"k":[180,320,0],"ix":2},"a":{"a":0,"k":[180,320,0],"ix":1},"s":{"a":0,"k":[100,100,100],"ix":6}},"ao":0,"ip":9,"op":13,"st":9,"bm":0},{"ddd":0,"ind":8,"ty":2,"nm":"玉子市场_00007.png","cl":"png","refId":"image_7","sr":1,"ks":{"o":{"a":0,"k":100,"ix":11},"r":{"a":0,"k":0,"ix":10},"p":{"a":0,"k":[180,320,0],"ix":2},"a":{"a":0,"k":[180,320,0],"ix":1},"s":{"a":0,"k":[100,100,100],"ix":6}},"ao":0,"ip":10.5,"op":14.5,"st":10.5,"bm":0},{"ddd":0,"ind":9,"ty":2,"nm":"玉子市场_00008.png","cl":"png","refId":"image_8","sr":1,"ks":{"o":{"a":0,"k":100,"ix":11},"r":{"a":0,"k":0,"ix":10},"p":{"a":0,"k":[180,320,0],"ix":2},"a":{"a":0,"k":[180,320,0],"ix":1},"s":{"a":0,"k":[100,100,100],"ix":6}},"ao":0,"ip":12,"op":16,"st":12,"bm":0},{"ddd":0,"ind":10,"ty":2,"nm":"玉子市场_00009.png","cl":"png","refId":"image_9","sr":1,"ks":{"o":{"a":0,"k":100,"ix":11},"r":{"a":0,"k":0,"ix":10},"p":{"a":0,"k":[180,320,0],"ix":2},"a":{"a":0,"k":[180,320,0],"ix":1},"s":{"a":0,"k":[100,100,100],"ix":6}},"ao":0,"ip":13.5,"op":17.5,"st":13.5,"bm":0},{"ddd":0,"ind":11,"ty":2,"nm":"玉子市场_00010.png","cl":"png","refId":"image_10","sr":1,"ks":{"o":{"a":0,"k":100,"ix":11},"r":{"a":0,"k":0,"ix":10},"p":{"a":0,"k":[180,320,0],"ix":2},"a":{"a":0,"k":[180,320,0],"ix":1},"s":{"a":0,"k":[100,100,100],"ix":6}},"ao":0,"ip":15,"op":19,"st":15,"bm":0},{"ddd":0,"ind":12,"ty":2,"nm":"玉子市场_00011.png","cl":"png","refId":"image_11","sr":1,"ks":{"o":{"a":0,"k":100,"ix":11},"r":{"a":0,"k":0,"ix":10},"p":{"a":0,"k":[180,320,0],"ix":2},"a":{"a":0,"k":[180,320,0],"ix":1},"s":{"a":0,"k":[100,100,100],"ix":6}},"ao":0,"ip":16.5,"op":20.5,"st":16.5,"bm":0},{"ddd":0,"ind":13,"ty":2,"nm":"玉子市场_00012.png","cl":"png","refId":"image_12","sr":1,"ks":{"o":{"a":0,"k":100,"ix":11},"r":{"a":0,"k":0,"ix":10},"p":{"a":0,"k":[180,320,0],"ix":2},"a":{"a":0,"k":[180,320,0],"ix":1},"s":{"a":0,"k":[100,100,100],"ix":6}},"ao":0,"ip":18,"op":22,"st":18,"bm":0},{"ddd":0,"ind":14,"ty":2,"nm":"玉子市场_00013.png","cl":"png","refId":"image_13","sr":1,"ks":{"o":{"a":0,"k":100,"ix":11},"r":{"a":0,"k":0,"ix":10},"p":{"a":0,"k":[180,320,0],"ix":2},"a":{"a":0,"k":[180,320,0],"ix":1},"s":{"a":0,"k":[100,100,100],"ix":6}},"ao":0,"ip":19.5,"op":23.5,"st":19.5,"bm":0},{"ddd":0,"ind":15,"ty":2,"nm":"玉子市场_00014.png","cl":"png","refId":"image_14","sr":1,"ks":{"o":{"a":0,"k":100,"ix":11},"r":{"a":0,"k":0,"ix":10},"p":{"a":0,"k":[180,320,0],"ix":2},"a":{"a":0,"k":[180,320,0],"ix":1},"s":{"a":0,"k":[100,100,100],"ix":6}},"ao":0,"ip":21,"op":25,"st":21,"bm":0},{"ddd":0,"ind":16,"ty":2,"nm":"玉子市场_00015.png","cl":"png","refId":"image_15","sr":1,"ks":{"o":{"a":0,"k":100,"ix":11},"r":{"a":0,"k":0,"ix":10},"p":{"a":0,"k":[180,320,0],"ix":2},"a":{"a":0,"k":[180,320,0],"ix":1},"s":{"a":0,"k":[100,100,100],"ix":6}},"ao":0,"ip":22.5,"op":26.5,"st":22.5,"bm":0},{"ddd":0,"ind":17,"ty":2,"nm":"玉子市场_00016.png","cl":"png","refId":"image_16","sr":1,"ks":{"o":{"a":0,"k":100,"ix":11},"r":{"a":0,"k":0,"ix":10},"p":{"a":0,"k":[180,320,0],"ix":2},"a":{"a":0,"k":[180,320,0],"ix":1},"s":{"a":0,"k":[100,100,100],"ix":6}},"ao":0,"ip":24,"op":28,"st":24,"bm":0},{"ddd":0,"ind":18,"ty":2,"nm":"玉子市场_00017.png","cl":"png","refId":"image_17","sr":1,"ks":{"o":{"a":0,"k":100,"ix":11},"r":{"a":0,"k":0,"ix":10},"p":{"a":0,"k":[180,320,0],"ix":2},"a":{"a":0,"k":[180,320,0],"ix":1},"s":{"a":0,"k":[100,100,100],"ix":6}},"ao":0,"ip":25.5,"op":29.5,"st":25.5,"bm":0},{"ddd":0,"ind":19,"ty":2,"nm":"玉子市场_00018.png","cl":"png","refId":"image_18","sr":1,"ks":{"o":{"a":0,"k":100,"ix":11},"r":{"a":0,"k":0,"ix":10},"p":{"a":0,"k":[180,320,0],"ix":2},"a":{"a":0,"k":[180,320,0],"ix":1},"s":{"a":0,"k":[100,100,100],"ix":6}},"ao":0,"ip":27,"op":31,"st":27,"bm":0},{"ddd":0,"ind":20,"ty":2,"nm":"玉子市场_00019.png","cl":"png","refId":"image_19","sr":1,"ks":{"o":{"a":0,"k":100,"ix":11},"r":{"a":0,"k":0,"ix":10},"p":{"a":0,"k":[180,320,0],"ix":2},"a":{"a":0,"k":[180,320,0],"ix":1},"s":{"a":0,"k":[100,100,100],"ix":6}},"ao":0,"ip":28.5,"op":32.5,"st":28.5,"bm":0},{"ddd":0,"ind":21,"ty":2,"nm":"玉子市场_00020.png","cl":"png","refId":"image_20","sr":1,"ks":{"o":{"a":0,"k":100,"ix":11},"r":{"a":0,"k":0,"ix":10},"p":{"a":0,"k":[180,320,0],"ix":2},"a":{"a":0,"k":[180,320,0],"ix":1},"s":{"a":0,"k":[100,100,100],"ix":6}},"ao":0,"ip":30,"op":34,"st":30,"bm":0},{"ddd":0,"ind":22,"ty":2,"nm":"玉子市场_00021.png","cl":"png","refId":"image_21","sr":1,"ks":{"o":{"a":0,"k":100,"ix":11},"r":{"a":0,"k":0,"ix":10},"p":{"a":0,"k":[180,320,0],"ix":2},"a":{"a":0,"k":[180,320,0],"ix":1},"s":{"a":0,"k":[100,100,100],"ix":6}},"ao":0,"ip":31.5,"op":35.5,"st":31.5,"bm":0},{"ddd":0,"ind":23,"ty":2,"nm":"玉子市场_00022.png","cl":"png","refId":"image_22","sr":1,"ks":{"o":{"a":0,"k":100,"ix":11},"r":{"a":0,"k":0,"ix":10},"p":{"a":0,"k":[180,320,0],"ix":2},"a":{"a":0,"k":[180,320,0],"ix":1},"s":{"a":0,"k":[100,100,100],"ix":6}},"ao":0,"ip":33,"op":37,"st":33,"bm":0},{"ddd":0,"ind":24,"ty":2,"nm":"玉子市场_00023.png","cl":"png","refId":"image_23","sr":1,"ks":{"o":{"a":0,"k":100,"ix":11},"r":{"a":0,"k":0,"ix":10},"p":{"a":0,"k":[180,320,0],"ix":2},"a":{"a":0,"k":[180,320,0],"ix":1},"s":{"a":0,"k":[100,100,100],"ix":6}},"ao":0,"ip":34.5,"op":38.5,"st":34.5,"bm":0},{"ddd":0,"ind":25,"ty":2,"nm":"玉子市场_00024.png","cl":"png","refId":"image_24","sr":1,"ks":{"o":{"a":0,"k":100,"ix":11},"r":{"a":0,"k":0,"ix":10},"p":{"a":0,"k":[180,320,0],"ix":2},"a":{"a":0,"k":[180,320,0],"ix":1},"s":{"a":0,"k":[100,100,100],"ix":6}},"ao":0,"ip":36,"op":40,"st":36,"bm":0},{"ddd":0,"ind":26,"ty":2,"nm":"玉子市场_00025.png","cl":"png","refId":"image_25","sr":1,"ks":{"o":{"a":0,"k":100,"ix":11},"r":{"a":0,"k":0,"ix":10},"p":{"a":0,"k":[180,320,0],"ix":2},"a":{"a":0,"k":[180,320,0],"ix":1},"s":{"a":0,"k":[100,100,100],"ix":6}},"ao":0,"ip":37.5,"op":41.5,"st":37.5,"bm":0},{"ddd":0,"ind":27,"ty":2,"nm":"玉子市场_00026.png","cl":"png","refId":"image_26","sr":1,"ks":{"o":{"a":0,"k":100,"ix":11},"r":{"a":0,"k":0,"ix":10},"p":{"a":0,"k":[180,320,0],"ix":2},"a":{"a":0,"k":[180,320,0],"ix":1},"s":{"a":0,"k":[100,100,100],"ix":6}},"ao":0,"ip":39,"op":43,"st":39,"bm":0},{"ddd":0,"ind":28,"ty":2,"nm":"玉子市场_00027.png","cl":"png","refId":"image_27","sr":1,"ks":{"o":{"a":0,"k":100,"ix":11},"r":{"a":0,"k":0,"ix":10},"p":{"a":0,"k":[180,320,0],"ix":2},"a":{"a":0,"k":[180,320,0],"ix":1},"s":{"a":0,"k":[100,100,100],"ix":6}},"ao":0,"ip":40.5,"op":44.5,"st":40.5,"bm":0},{"ddd":0,"ind":29,"ty":2,"nm":"玉子市场_00028.png","cl":"png","refId":"image_28","sr":1,"ks":{"o":{"a":0,"k":100,"ix":11},"r":{"a":0,"k":0,"ix":10},"p":{"a":0,"k":[180,320,0],"ix":2},"a":{"a":0,"k":[180,320,0],"ix":1},"s":{"a":0,"k":[100,100,100],"ix":6}},"ao":0,"ip":42,"op":46,"st":42,"bm":0},{"ddd":0,"ind":30,"ty":2,"nm":"玉子市场_00029.png","cl":"png","refId":"image_29","sr":1,"ks":{"o":{"a":0,"k":100,"ix":11},"r":{"a":0,"k":0,"ix":10},"p":{"a":0,"k":[180,320,0],"ix":2},"a":{"a":0,"k":[180,320,0],"ix":1},"s":{"a":0,"k":[100,100,100],"ix":6}},"ao":0,"ip":43.5,"op":47.5,"st":43.5,"bm":0},{"ddd":0,"ind":31,"ty":2,"nm":"玉子市场_00030.png","cl":"png","refId":"image_30","sr":1,"ks":{"o":{"a":0,"k":100,"ix":11},"r":{"a":0,"k":0,"ix":10},"p":{"a":0,"k":[180,320,0],"ix":2},"a":{"a":0,"k":[180,320,0],"ix":1},"s":{"a":0,"k":[100,100,100],"ix":6}},"ao":0,"ip":45,"op":49,"st":45,"bm":0},{"ddd":0,"ind":32,"ty":2,"nm":"玉子市场_00031.png","cl":"png","refId":"image_31","sr":1,"ks":{"o":{"a":0,"k":100,"ix":11},"r":{"a":0,"k":0,"ix":10},"p":{"a":0,"k":[180,320,0],"ix":2},"a":{"a":0,"k":[180,320,0],"ix":1},"s":{"a":0,"k":[100,100,100],"ix":6}},"ao":0,"ip":46.5,"op":50.5,"st":46.5,"bm":0},{"ddd":0,"ind":33,"ty":2,"nm":"玉子市场_00032.png","cl":"png","refId":"image_32","sr":1,"ks":{"o":{"a":0,"k":100,"ix":11},"r":{"a":0,"k":0,"ix":10},"p":{"a":0,"k":[180,320,0],"ix":2},"a":{"a":0,"k":[180,320,0],"ix":1},"s":{"a":0,"k":[100,100,100],"ix":6}},"ao":0,"ip":48,"op":52,"st":48,"bm":0},{"ddd":0,"ind":34,"ty":2,"nm":"玉子市场_00033.png","cl":"png","refId":"image_33","sr":1,"ks":{"o":{"a":0,"k":100,"ix":11},"r":{"a":0,"k":0,"ix":10},"p":{"a":0,"k":[180,320,0],"ix":2},"a":{"a":0,"k":[180,320,0],"ix":1},"s":{"a":0,"k":[100,100,100],"ix":6}},"ao":0,"ip":49.5,"op":53.5,"st":49.5,"bm":0},{"ddd":0,"ind":35,"ty":2,"nm":"玉子市场_00034.png","cl":"png","refId":"image_34","sr":1,"ks":{"o":{"a":0,"k":100,"ix":11},"r":{"a":0,"k":0,"ix":10},"p":{"a":0,"k":[180,320,0],"ix":2},"a":{"a":0,"k":[180,320,0],"ix":1},"s":{"a":0,"k":[100,100,100],"ix":6}},"ao":0,"ip":51,"op":55,"st":51,"bm":0},{"ddd":0,"ind":36,"ty":2,"nm":"玉子市场_00035.png","cl":"png","refId":"image_35","sr":1,"ks":{"o":{"a":0,"k":100,"ix":11},"r":{"a":0,"k":0,"ix":10},"p":{"a":0,"k":[180,320,0],"ix":2},"a":{"a":0,"k":[180,320,0],"ix":1},"s":{"a":0,"k":[100,100,100],"ix":6}},"ao":0,"ip":52.5,"op":56.5,"st":52.5,"bm":0},{"ddd":0,"ind":37,"ty":2,"nm":"玉子市场_00036.png","cl":"png","refId":"image_36","sr":1,"ks":{"o":{"a":0,"k":100,"ix":11},"r":{"a":0,"k":0,"ix":10},"p":{"a":0,"k":[180,320,0],"ix":2},"a":{"a":0,"k":[180,320,0],"ix":1},"s":{"a":0,"k":[100,100,100],"ix":6}},"ao":0,"ip":54,"op":58,"st":54,"bm":0},{"ddd":0,"ind":38,"ty":2,"nm":"玉子市场_00037.png","cl":"png","refId":"image_37","sr":1,"ks":{"o":{"a":0,"k":100,"ix":11},"r":{"a":0,"k":0,"ix":10},"p":{"a":0,"k":[180,320,0],"ix":2},"a":{"a":0,"k":[180,320,0],"ix":1},"s":{"a":0,"k":[100,100,100],"ix":6}},"ao":0,"ip":55.5,"op":59.5,"st":55.5,"bm":0},{"ddd":0,"ind":39,"ty":2,"nm":"玉子市场_00038.png","cl":"png","refId":"image_38","sr":1,"ks":{"o":{"a":0,"k":100,"ix":11},"r":{"a":0,"k":0,"ix":10},"p":{"a":0,"k":[180,320,0],"ix":2},"a":{"a":0,"k":[180,320,0],"ix":1},"s":{"a":0,"k":[100,100,100],"ix":6}},"ao":0,"ip":57,"op":61,"st":57,"bm":0},{"ddd":0,"ind":40,"ty":2,"nm":"玉子市场_00039.png","cl":"png","refId":"image_39","sr":1,"ks":{"o":{"a":0,"k":100,"ix":11},"r":{"a":0,"k":0,"ix":10},"p":{"a":0,"k":[180,320,0],"ix":2},"a":{"a":0,"k":[180,320,0],"ix":1},"s":{"a":0,"k":[100,100,100],"ix":6}},"ao":0,"ip":58.5,"op":62.5,"st":58.5,"bm":0},{"ddd":0,"ind":41,"ty":2,"nm":"玉子市场_00040.png","cl":"png","refId":"image_40","sr":1,"ks":{"o":{"a":0,"k":100,"ix":11},"r":{"a":0,"k":0,"ix":10},"p":{"a":0,"k":[180,320,0],"ix":2},"a":{"a":0,"k":[180,320,0],"ix":1},"s":{"a":0,"k":[100,100,100],"ix":6}},"ao":0,"ip":60,"op":64,"st":60,"bm":0},{"ddd":0,"ind":42,"ty":2,"nm":"玉子市场_00041.png","cl":"png","refId":"image_41","sr":1,"ks":{"o":{"a":0,"k":100,"ix":11},"r":{"a":0,"k":0,"ix":10},"p":{"a":0,"k":[180,320,0],"ix":2},"a":{"a":0,"k":[180,320,0],"ix":1},"s":{"a":0,"k":[100,100,100],"ix":6}},"ao":0,"ip":61.5,"op":65.5,"st":61.5,"bm":0},{"ddd":0,"ind":43,"ty":2,"nm":"玉子市场_00042.png","cl":"png","refId":"image_42","sr":1,"ks":{"o":{"a":0,"k":100,"ix":11},"r":{"a":0,"k":0,"ix":10},"p":{"a":0,"k":[180,320,0],"ix":2},"a":{"a":0,"k":[180,320,0],"ix":1},"s":{"a":0,"k":[100,100,100],"ix":6}},"ao":0,"ip":63,"op":67,"st":63,"bm":0},{"ddd":0,"ind":44,"ty":2,"nm":"玉子市场_00043.png","cl":"png","refId":"image_43","sr":1,"ks":{"o":{"a":0,"k":100,"ix":11},"r":{"a":0,"k":0,"ix":10},"p":{"a":0,"k":[180,320,0],"ix":2},"a":{"a":0,"k":[180,320,0],"ix":1},"s":{"a":0,"k":[100,100,100],"ix":6}},"ao":0,"ip":64.5,"op":68.5,"st":64.5,"bm":0},{"ddd":0,"ind":45,"ty":2,"nm":"玉子市场_00044.png","cl":"png","refId":"image_44","sr":1,"ks":{"o":{"a":0,"k":100,"ix":11},"r":{"a":0,"k":0,"ix":10},"p":{"a":0,"k":[180,320,0],"ix":2},"a":{"a":0,"k":[180,320,0],"ix":1},"s":{"a":0,"k":[100,100,100],"ix":6}},"ao":0,"ip":66,"op":70,"st":66,"bm":0},{"ddd":0,"ind":46,"ty":2,"nm":"玉子市场_00045.png","cl":"png","refId":"image_45","sr":1,"ks":{"o":{"a":0,"k":100,"ix":11},"r":{"a":0,"k":0,"ix":10},"p":{"a":0,"k":[180,320,0],"ix":2},"a":{"a":0,"k":[180,320,0],"ix":1},"s":{"a":0,"k":[100,100,100],"ix":6}},"ao":0,"ip":67.5,"op":71.5,"st":67.5,"bm":0},{"ddd":0,"ind":47,"ty":2,"nm":"玉子市场_00046.png","cl":"png","refId":"image_46","sr":1,"ks":{"o":{"a":0,"k":100,"ix":11},"r":{"a":0,"k":0,"ix":10},"p":{"a":0,"k":[180,320,0],"ix":2},"a":{"a":0,"k":[180,320,0],"ix":1},"s":{"a":0,"k":[100,100,100],"ix":6}},"ao":0,"ip":69,"op":73,"st":69,"bm":0},{"ddd":0,"ind":48,"ty":2,"nm":"玉子市场_00047.png","cl":"png","refId":"image_47","sr":1,"ks":{"o":{"a":0,"k":100,"ix":11},"r":{"a":0,"k":0,"ix":10},"p":{"a":0,"k":[180,320,0],"ix":2},"a":{"a":0,"k":[180,320,0],"ix":1},"s":{"a":0,"k":[100,100,100],"ix":6}},"ao":0,"ip":70.5,"op":74.5,"st":70.5,"bm":0},{"ddd":0,"ind":49,"ty":2,"nm":"玉子市场_00048.png","cl":"png","refId":"image_48","sr":1,"ks":{"o":{"a":0,"k":100,"ix":11},"r":{"a":0,"k":0,"ix":10},"p":{"a":0,"k":[180,320,0],"ix":2},"a":{"a":0,"k":[180,320,0],"ix":1},"s":{"a":0,"k":[100,100,100],"ix":6}},"ao":0,"ip":72,"op":76,"st":72,"bm":0},{"ddd":0,"ind":50,"ty":2,"nm":"玉子市场_00049.png","cl":"png","refId":"image_49","sr":1,"ks":{"o":{"a":0,"k":100,"ix":11},"r":{"a":0,"k":0,"ix":10},"p":{"a":0,"k":[180,320,0],"ix":2},"a":{"a":0,"k":[180,320,0],"ix":1},"s":{"a":0,"k":[100,100,100],"ix":6}},"ao":0,"ip":73.5,"op":77.5,"st":73.5,"bm":0},{"ddd":0,"ind":51,"ty":2,"nm":"玉子市场_00050.png","cl":"png","refId":"image_50","sr":1,"ks":{"o":{"a":0,"k":100,"ix":11},"r":{"a":0,"k":0,"ix":10},"p":{"a":0,"k":[180,320,0],"ix":2},"a":{"a":0,"k":[180,320,0],"ix":1},"s":{"a":0,"k":[100,100,100],"ix":6}},"ao":0,"ip":75,"op":79,"st":75,"bm":0},{"ddd":0,"ind":52,"ty":2,"nm":"玉子市场_00051.png","cl":"png","refId":"image_51","sr":1,"ks":{"o":{"a":0,"k":100,"ix":11},"r":{"a":0,"k":0,"ix":10},"p":{"a":0,"k":[180,320,0],"ix":2},"a":{"a":0,"k":[180,320,0],"ix":1},"s":{"a":0,"k":[100,100,100],"ix":6}},"ao":0,"ip":76.5,"op":80.5,"st":76.5,"bm":0},{"ddd":0,"ind":53,"ty":2,"nm":"玉子市场_00052.png","cl":"png","refId":"image_52","sr":1,"ks":{"o":{"a":0,"k":100,"ix":11},"r":{"a":0,"k":0,"ix":10},"p":{"a":0,"k":[180,320,0],"ix":2},"a":{"a":0,"k":[180,320,0],"ix":1},"s":{"a":0,"k":[100,100,100],"ix":6}},"ao":0,"ip":78,"op":82,"st":78,"bm":0},{"ddd":0,"ind":54,"ty":2,"nm":"玉子市场_00053.png","cl":"png","refId":"image_53","sr":1,"ks":{"o":{"a":0,"k":100,"ix":11},"r":{"a":0,"k":0,"ix":10},"p":{"a":0,"k":[180,320,0],"ix":2},"a":{"a":0,"k":[180,320,0],"ix":1},"s":{"a":0,"k":[100,100,100],"ix":6}},"ao":0,"ip":79.5,"op":83.5,"st":79.5,"bm":0},{"ddd":0,"ind":55,"ty":2,"nm":"玉子市场_00054.png","cl":"png","refId":"image_54","sr":1,"ks":{"o":{"a":0,"k":100,"ix":11},"r":{"a":0,"k":0,"ix":10},"p":{"a":0,"k":[180,320,0],"ix":2},"a":{"a":0,"k":[180,320,0],"ix":1},"s":{"a":0,"k":[100,100,100],"ix":6}},"ao":0,"ip":81,"op":85,"st":81,"bm":0},{"ddd":0,"ind":56,"ty":2,"nm":"玉子市场_00055.png","cl":"png","refId":"image_55","sr":1,"ks":{"o":{"a":0,"k":100,"ix":11},"r":{"a":0,"k":0,"ix":10},"p":{"a":0,"k":[180,320,0],"ix":2},"a":{"a":0,"k":[180,320,0],"ix":1},"s":{"a":0,"k":[100,100,100],"ix":6}},"ao":0,"ip":82.5,"op":86.5,"st":82.5,"bm":0},{"ddd":0,"ind":57,"ty":2,"nm":"玉子市场_00056.png","cl":"png","refId":"image_56","sr":1,"ks":{"o":{"a":0,"k":100,"ix":11},"r":{"a":0,"k":0,"ix":10},"p":{"a":0,"k":[180,320,0],"ix":2},"a":{"a":0,"k":[180,320,0],"ix":1},"s":{"a":0,"k":[100,100,100],"ix":6}},"ao":0,"ip":84,"op":88,"st":84,"bm":0},{"ddd":0,"ind":58,"ty":2,"nm":"玉子市场_00057.png","cl":"png","refId":"image_57","sr":1,"ks":{"o":{"a":0,"k":100,"ix":11},"r":{"a":0,"k":0,"ix":10},"p":{"a":0,"k":[180,320,0],"ix":2},"a":{"a":0,"k":[180,320,0],"ix":1},"s":{"a":0,"k":[100,100,100],"ix":6}},"ao":0,"ip":85.5,"op":89.5,"st":85.5,"bm":0},{"ddd":0,"ind":59,"ty":2,"nm":"玉子市场_00058.png","cl":"png","refId":"image_58","sr":1,"ks":{"o":{"a":0,"k":100,"ix":11},"r":{"a":0,"k":0,"ix":10},"p":{"a":0,"k":[180,320,0],"ix":2},"a":{"a":0,"k":[180,320,0],"ix":1},"s":{"a":0,"k":[100,100,100],"ix":6}},"ao":0,"ip":87,"op":91,"st":87,"bm":0},{"ddd":0,"ind":60,"ty":2,"nm":"玉子市场_00059.png","cl":"png","refId":"image_59","sr":1,"ks":{"o":{"a":0,"k":100,"ix":11},"r":{"a":0,"k":0,"ix":10},"p":{"a":0,"k":[180,320,0],"ix":2},"a":{"a":0,"k":[180,320,0],"ix":1},"s":{"a":0,"k":[100,100,100],"ix":6}},"ao":0,"ip":88.5,"op":92.5,"st":88.5,"bm":0},{"ddd":0,"ind":61,"ty":2,"nm":"玉子市场_00060.png","cl":"png","refId":"image_60","sr":1,"ks":{"o":{"a":0,"k":100,"ix":11},"r":{"a":0,"k":0,"ix":10},"p":{"a":0,"k":[180,320,0],"ix":2},"a":{"a":0,"k":[180,320,0],"ix":1},"s":{"a":0,"k":[100,100,100],"ix":6}},"ao":0,"ip":90,"op":94,"st":90,"bm":0},{"ddd":0,"ind":62,"ty":2,"nm":"玉子市场_00061.png","cl":"png","refId":"image_61","sr":1,"ks":{"o":{"a":0,"k":100,"ix":11},"r":{"a":0,"k":0,"ix":10},"p":{"a":0,"k":[180,320,0],"ix":2},"a":{"a":0,"k":[180,320,0],"ix":1},"s":{"a":0,"k":[100,100,100],"ix":6}},"ao":0,"ip":91.5,"op":95.5,"st":91.5,"bm":0},{"ddd":0,"ind":63,"ty":2,"nm":"玉子市场_00062.png","cl":"png","refId":"image_62","sr":1,"ks":{"o":{"a":0,"k":100,"ix":11},"r":{"a":0,"k":0,"ix":10},"p":{"a":0,"k":[180,320,0],"ix":2},"a":{"a":0,"k":[180,320,0],"ix":1},"s":{"a":0,"k":[100,100,100],"ix":6}},"ao":0,"ip":93,"op":97,"st":93,"bm":0},{"ddd":0,"ind":64,"ty":2,"nm":"玉子市场_00063.png","cl":"png","refId":"image_63","sr":1,"ks":{"o":{"a":0,"k":100,"ix":11},"r":{"a":0,"k":0,"ix":10},"p":{"a":0,"k":[180,320,0],"ix":2},"a":{"a":0,"k":[180,320,0],"ix":1},"s":{"a":0,"k":[100,100,100],"ix":6}},"ao":0,"ip":94.5,"op":98.5,"st":94.5,"bm":0},{"ddd":0,"ind":65,"ty":2,"nm":"玉子市场_00064.png","cl":"png","refId":"image_64","sr":1,"ks":{"o":{"a":0,"k":100,"ix":11},"r":{"a":0,"k":0,"ix":10},"p":{"a":0,"k":[180,320,0],"ix":2},"a":{"a":0,"k":[180,320,0],"ix":1},"s":{"a":0,"k":[100,100,100],"ix":6}},"ao":0,"ip":96,"op":100,"st":96,"bm":0},{"ddd":0,"ind":66,"ty":2,"nm":"玉子市场_00065.png","cl":"png","refId":"image_65","sr":1,"ks":{"o":{"a":0,"k":100,"ix":11},"r":{"a":0,"k":0,"ix":10},"p":{"a":0,"k":[180,320,0],"ix":2},"a":{"a":0,"k":[180,320,0],"ix":1},"s":{"a":0,"k":[100,100,100],"ix":6}},"ao":0,"ip":97.5,"op":101.5,"st":97.5,"bm":0},{"ddd":0,"ind":67,"ty":2,"nm":"玉子市场_00066.png","cl":"png","refId":"image_66","sr":1,"ks":{"o":{"a":0,"k":100,"ix":11},"r":{"a":0,"k":0,"ix":10},"p":{"a":0,"k":[180,320,0],"ix":2},"a":{"a":0,"k":[180,320,0],"ix":1},"s":{"a":0,"k":[100,100,100],"ix":6}},"ao":0,"ip":99,"op":103,"st":99,"bm":0},{"ddd":0,"ind":68,"ty":2,"nm":"玉子市场_00067.png","cl":"png","refId":"image_67","sr":1,"ks":{"o":{"a":0,"k":100,"ix":11},"r":{"a":0,"k":0,"ix":10},"p":{"a":0,"k":[180,320,0],"ix":2},"a":{"a":0,"k":[180,320,0],"ix":1},"s":{"a":0,"k":[100,100,100],"ix":6}},"ao":0,"ip":100.5,"op":104.5,"st":100.5,"bm":0},{"ddd":0,"ind":69,"ty":2,"nm":"玉子市场_00068.png","cl":"png","refId":"image_68","sr":1,"ks":{"o":{"a":0,"k":100,"ix":11},"r":{"a":0,"k":0,"ix":10},"p":{"a":0,"k":[180,320,0],"ix":2},"a":{"a":0,"k":[180,320,0],"ix":1},"s":{"a":0,"k":[100,100,100],"ix":6}},"ao":0,"ip":102,"op":106,"st":102,"bm":0},{"ddd":0,"ind":70,"ty":2,"nm":"玉子市场_00069.png","cl":"png","refId":"image_69","sr":1,"ks":{"o":{"a":0,"k":100,"ix":11},"r":{"a":0,"k":0,"ix":10},"p":{"a":0,"k":[180,320,0],"ix":2},"a":{"a":0,"k":[180,320,0],"ix":1},"s":{"a":0,"k":[100,100,100],"ix":6}},"ao":0,"ip":103.5,"op":107.5,"st":103.5,"bm":0},{"ddd":0,"ind":71,"ty":2,"nm":"玉子市场_00070.png","cl":"png","refId":"image_70","sr":1,"ks":{"o":{"a":0,"k":100,"ix":11},"r":{"a":0,"k":0,"ix":10},"p":{"a":0,"k":[180,320,0],"ix":2},"a":{"a":0,"k":[180,320,0],"ix":1},"s":{"a":0,"k":[100,100,100],"ix":6}},"ao":0,"ip":105,"op":109,"st":105,"bm":0},{"ddd":0,"ind":72,"ty":2,"nm":"玉子市场_00071.png","cl":"png","refId":"image_71","sr":1,"ks":{"o":{"a":0,"k":100,"ix":11},"r":{"a":0,"k":0,"ix":10},"p":{"a":0,"k":[180,320,0],"ix":2},"a":{"a":0,"k":[180,320,0],"ix":1},"s":{"a":0,"k":[100,100,100],"ix":6}},"ao":0,"ip":106.5,"op":110.5,"st":106.5,"bm":0},{"ddd":0,"ind":73,"ty":2,"nm":"玉子市场_00072.png","cl":"png","refId":"image_72","sr":1,"ks":{"o":{"a":0,"k":100,"ix":11},"r":{"a":0,"k":0,"ix":10},"p":{"a":0,"k":[180,320,0],"ix":2},"a":{"a":0,"k":[180,320,0],"ix":1},"s":{"a":0,"k":[100,100,100],"ix":6}},"ao":0,"ip":108,"op":112,"st":108,"bm":0},{"ddd":0,"ind":74,"ty":2,"nm":"玉子市场_00073.png","cl":"png","refId":"image_73","sr":1,"ks":{"o":{"a":0,"k":100,"ix":11},"r":{"a":0,"k":0,"ix":10},"p":{"a":0,"k":[180,320,0],"ix":2},"a":{"a":0,"k":[180,320,0],"ix":1},"s":{"a":0,"k":[100,100,100],"ix":6}},"ao":0,"ip":109.5,"op":113.5,"st":109.5,"bm":0},{"ddd":0,"ind":75,"ty":2,"nm":"玉子市场_00074.png","cl":"png","refId":"image_74","sr":1,"ks":{"o":{"a":0,"k":100,"ix":11},"r":{"a":0,"k":0,"ix":10},"p":{"a":0,"k":[180,320,0],"ix":2},"a":{"a":0,"k":[180,320,0],"ix":1},"s":{"a":0,"k":[100,100,100],"ix":6}},"ao":0,"ip":111,"op":115,"st":111,"bm":0},{"ddd":0,"ind":76,"ty":2,"nm":"玉子市场_00075.png","cl":"png","refId":"image_75","sr":1,"ks":{"o":{"a":0,"k":100,"ix":11},"r":{"a":0,"k":0,"ix":10},"p":{"a":0,"k":[180,320,0],"ix":2},"a":{"a":0,"k":[180,320,0],"ix":1},"s":{"a":0,"k":[100,100,100],"ix":6}},"ao":0,"ip":112.5,"op":116.5,"st":112.5,"bm":0},{"ddd":0,"ind":77,"ty":2,"nm":"玉子市场_00076.png","cl":"png","refId":"image_76","sr":1,"ks":{"o":{"a":0,"k":100,"ix":11},"r":{"a":0,"k":0,"ix":10},"p":{"a":0,"k":[180,320,0],"ix":2},"a":{"a":0,"k":[180,320,0],"ix":1},"s":{"a":0,"k":[100,100,100],"ix":6}},"ao":0,"ip":114,"op":118,"st":114,"bm":0},{"ddd":0,"ind":78,"ty":2,"nm":"玉子市场_00077.png","cl":"png","refId":"image_77","sr":1,"ks":{"o":{"a":0,"k":100,"ix":11},"r":{"a":0,"k":0,"ix":10},"p":{"a":0,"k":[180,320,0],"ix":2},"a":{"a":0,"k":[180,320,0],"ix":1},"s":{"a":0,"k":[100,100,100],"ix":6}},"ao":0,"ip":115.5,"op":119.5,"st":115.5,"bm":0},{"ddd":0,"ind":79,"ty":2,"nm":"玉子市场_00078.png","cl":"png","refId":"image_78","sr":1,"ks":{"o":{"a":0,"k":100,"ix":11},"r":{"a":0,"k":0,"ix":10},"p":{"a":0,"k":[180,320,0],"ix":2},"a":{"a":0,"k":[180,320,0],"ix":1},"s":{"a":0,"k":[100,100,100],"ix":6}},"ao":0,"ip":117,"op":121,"st":117,"bm":0},{"ddd":0,"ind":80,"ty":2,"nm":"玉子市场_00079.png","cl":"png","refId":"image_79","sr":1,"ks":{"o":{"a":0,"k":100,"ix":11},"r":{"a":0,"k":0,"ix":10},"p":{"a":0,"k":[180,320,0],"ix":2},"a":{"a":0,"k":[180,320,0],"ix":1},"s":{"a":0,"k":[100,100,100],"ix":6}},"ao":0,"ip":118.5,"op":122.5,"st":118.5,"bm":0},{"ddd":0,"ind":81,"ty":2,"nm":"玉子市场_00080.png","cl":"png","refId":"image_80","sr":1,"ks":{"o":{"a":0,"k":100,"ix":11},"r":{"a":0,"k":0,"ix":10},"p":{"a":0,"k":[180,320,0],"ix":2},"a":{"a":0,"k":[180,320,0],"ix":1},"s":{"a":0,"k":[100,100,100],"ix":6}},"ao":0,"ip":120,"op":124,"st":120,"bm":0},{"ddd":0,"ind":82,"ty":2,"nm":"玉子市场_00081.png","cl":"png","refId":"image_81","sr":1,"ks":{"o":{"a":0,"k":100,"ix":11},"r":{"a":0,"k":0,"ix":10},"p":{"a":0,"k":[180,320,0],"ix":2},"a":{"a":0,"k":[180,320,0],"ix":1},"s":{"a":0,"k":[100,100,100],"ix":6}},"ao":0,"ip":121.5,"op":125.5,"st":121.5,"bm":0},{"ddd":0,"ind":83,"ty":2,"nm":"玉子市场_00082.png","cl":"png","refId":"image_82","sr":1,"ks":{"o":{"a":0,"k":100,"ix":11},"r":{"a":0,"k":0,"ix":10},"p":{"a":0,"k":[180,320,0],"ix":2},"a":{"a":0,"k":[180,320,0],"ix":1},"s":{"a":0,"k":[100,100,100],"ix":6}},"ao":0,"ip":123,"op":127,"st":123,"bm":0},{"ddd":0,"ind":84,"ty":2,"nm":"玉子市场_00083.png","cl":"png","refId":"image_83","sr":1,"ks":{"o":{"a":0,"k":100,"ix":11},"r":{"a":0,"k":0,"ix":10},"p":{"a":0,"k":[180,320,0],"ix":2},"a":{"a":0,"k":[180,320,0],"ix":1},"s":{"a":0,"k":[100,100,100],"ix":6}},"ao":0,"ip":124.5,"op":128.5,"st":124.5,"bm":0},{"ddd":0,"ind":85,"ty":2,"nm":"玉子市场_00084.png","cl":"png","refId":"image_84","sr":1,"ks":{"o":{"a":0,"k":100,"ix":11},"r":{"a":0,"k":0,"ix":10},"p":{"a":0,"k":[180,320,0],"ix":2},"a":{"a":0,"k":[180,320,0],"ix":1},"s":{"a":0,"k":[100,100,100],"ix":6}},"ao":0,"ip":126,"op":130,"st":126,"bm":0},{"ddd":0,"ind":86,"ty":2,"nm":"玉子市场_00085.png","cl":"png","refId":"image_85","sr":1,"ks":{"o":{"a":0,"k":100,"ix":11},"r":{"a":0,"k":0,"ix":10},"p":{"a":0,"k":[180,320,0],"ix":2},"a":{"a":0,"k":[180,320,0],"ix":1},"s":{"a":0,"k":[100,100,100],"ix":6}},"ao":0,"ip":127.5,"op":131.5,"st":127.5,"bm":0},{"ddd":0,"ind":87,"ty":2,"nm":"玉子市场_00086.png","cl":"png","refId":"image_86","sr":1,"ks":{"o":{"a":0,"k":100,"ix":11},"r":{"a":0,"k":0,"ix":10},"p":{"a":0,"k":[180,320,0],"ix":2},"a":{"a":0,"k":[180,320,0],"ix":1},"s":{"a":0,"k":[100,100,100],"ix":6}},"ao":0,"ip":129,"op":133,"st":129,"bm":0},{"ddd":0,"ind":88,"ty":2,"nm":"玉子市场_00087.png","cl":"png","refId":"image_87","sr":1,"ks":{"o":{"a":0,"k":100,"ix":11},"r":{"a":0,"k":0,"ix":10},"p":{"a":0,"k":[180,320,0],"ix":2},"a":{"a":0,"k":[180,320,0],"ix":1},"s":{"a":0,"k":[100,100,100],"ix":6}},"ao":0,"ip":130.5,"op":134.5,"st":130.5,"bm":0},{"ddd":0,"ind":89,"ty":2,"nm":"玉子市场_00088.png","cl":"png","refId":"image_88","sr":1,"ks":{"o":{"a":0,"k":100,"ix":11},"r":{"a":0,"k":0,"ix":10},"p":{"a":0,"k":[180,320,0],"ix":2},"a":{"a":0,"k":[180,320,0],"ix":1},"s":{"a":0,"k":[100,100,100],"ix":6}},"ao":0,"ip":132,"op":136,"st":132,"bm":0},{"ddd":0,"ind":90,"ty":2,"nm":"玉子市场_00089.png","cl":"png","refId":"image_89","sr":1,"ks":{"o":{"a":0,"k":100,"ix":11},"r":{"a":0,"k":0,"ix":10},"p":{"a":0,"k":[180,320,0],"ix":2},"a":{"a":0,"k":[180,320,0],"ix":1},"s":{"a":0,"k":[100,100,100],"ix":6}},"ao":0,"ip":133.5,"op":137.5,"st":133.5,"bm":0},{"ddd":0,"ind":91,"ty":2,"nm":"玉子市场_00090.png","cl":"png","refId":"image_90","sr":1,"ks":{"o":{"a":0,"k":100,"ix":11},"r":{"a":0,"k":0,"ix":10},"p":{"a":0,"k":[180,320,0],"ix":2},"a":{"a":0,"k":[180,320,0],"ix":1},"s":{"a":0,"k":[100,100,100],"ix":6}},"ao":0,"ip":135,"op":139,"st":135,"bm":0},{"ddd":0,"ind":92,"ty":2,"nm":"玉子市场_00091.png","cl":"png","refId":"image_91","sr":1,"ks":{"o":{"a":0,"k":100,"ix":11},"r":{"a":0,"k":0,"ix":10},"p":{"a":0,"k":[180,320,0],"ix":2},"a":{"a":0,"k":[180,320,0],"ix":1},"s":{"a":0,"k":[100,100,100],"ix":6}},"ao":0,"ip":136.5,"op":140.5,"st":136.5,"bm":0},{"ddd":0,"ind":93,"ty":2,"nm":"玉子市场_00092.png","cl":"png","refId":"image_92","sr":1,"ks":{"o":{"a":0,"k":100,"ix":11},"r":{"a":0,"k":0,"ix":10},"p":{"a":0,"k":[180,320,0],"ix":2},"a":{"a":0,"k":[180,320,0],"ix":1},"s":{"a":0,"k":[100,100,100],"ix":6}},"ao":0,"ip":138,"op":142,"st":138,"bm":0},{"ddd":0,"ind":94,"ty":2,"nm":"玉子市场_00093.png","cl":"png","refId":"image_93","sr":1,"ks":{"o":{"a":0,"k":100,"ix":11},"r":{"a":0,"k":0,"ix":10},"p":{"a":0,"k":[180,320,0],"ix":2},"a":{"a":0,"k":[180,320,0],"ix":1},"s":{"a":0,"k":[100,100,100],"ix":6}},"ao":0,"ip":139.5,"op":143.5,"st":139.5,"bm":0},{"ddd":0,"ind":95,"ty":2,"nm":"玉子市场_00094.png","cl":"png","refId":"image_94","sr":1,"ks":{"o":{"a":0,"k":100,"ix":11},"r":{"a":0,"k":0,"ix":10},"p":{"a":0,"k":[180,320,0],"ix":2},"a":{"a":0,"k":[180,320,0],"ix":1},"s":{"a":0,"k":[100,100,100],"ix":6}},"ao":0,"ip":141,"op":145,"st":141,"bm":0},{"ddd":0,"ind":96,"ty":2,"nm":"玉子市场_00095.png","cl":"png","refId":"image_95","sr":1,"ks":{"o":{"a":0,"k":100,"ix":11},"r":{"a":0,"k":0,"ix":10},"p":{"a":0,"k":[180,320,0],"ix":2},"a":{"a":0,"k":[180,320,0],"ix":1},"s":{"a":0,"k":[100,100,100],"ix":6}},"ao":0,"ip":142.5,"op":146.5,"st":142.5,"bm":0},{"ddd":0,"ind":97,"ty":2,"nm":"玉子市场_00096.png","cl":"png","refId":"image_96","sr":1,"ks":{"o":{"a":0,"k":100,"ix":11},"r":{"a":0,"k":0,"ix":10},"p":{"a":0,"k":[180,320,0],"ix":2},"a":{"a":0,"k":[180,320,0],"ix":1},"s":{"a":0,"k":[100,100,100],"ix":6}},"ao":0,"ip":144,"op":148,"st":144,"bm":0},{"ddd":0,"ind":98,"ty":2,"nm":"玉子市场_00097.png","cl":"png","refId":"image_97","sr":1,"ks":{"o":{"a":0,"k":100,"ix":11},"r":{"a":0,"k":0,"ix":10},"p":{"a":0,"k":[180,320,0],"ix":2},"a":{"a":0,"k":[180,320,0],"ix":1},"s":{"a":0,"k":[100,100,100],"ix":6}},"ao":0,"ip":145.5,"op":149.5,"st":145.5,"bm":0},{"ddd":0,"ind":99,"ty":2,"nm":"玉子市场_00098.png","cl":"png","refId":"image_98","sr":1,"ks":{"o":{"a":0,"k":100,"ix":11},"r":{"a":0,"k":0,"ix":10},"p":{"a":0,"k":[180,320,0],"ix":2},"a":{"a":0,"k":[180,320,0],"ix":1},"s":{"a":0,"k":[100,100,100],"ix":6}},"ao":0,"ip":147,"op":151,"st":147,"bm":0},{"ddd":0,"ind":100,"ty":2,"nm":"玉子市场_00099.png","cl":"png","refId":"image_99","sr":1,"ks":{"o":{"a":0,"k":100,"ix":11},"r":{"a":0,"k":0,"ix":10},"p":{"a":0,"k":[180,320,0],"ix":2},"a":{"a":0,"k":[180,320,0],"ix":1},"s":{"a":0,"k":[100,100,100],"ix":6}},"ao":0,"ip":148.5,"op":152.5,"st":148.5,"bm":0},{"ddd":0,"ind":101,"ty":2,"nm":"玉子市场_00100.png","cl":"png","refId":"image_100","sr":1,"ks":{"o":{"a":0,"k":100,"ix":11},"r":{"a":0,"k":0,"ix":10},"p":{"a":0,"k":[180,320,0],"ix":2},"a":{"a":0,"k":[180,320,0],"ix":1},"s":{"a":0,"k":[100,100,100],"ix":6}},"ao":0,"ip":150,"op":154,"st":150,"bm":0},{"ddd":0,"ind":102,"ty":2,"nm":"玉子市场_00101.png","cl":"png","refId":"image_101","sr":1,"ks":{"o":{"a":0,"k":100,"ix":11},"r":{"a":0,"k":0,"ix":10},"p":{"a":0,"k":[180,320,0],"ix":2},"a":{"a":0,"k":[180,320,0],"ix":1},"s":{"a":0,"k":[100,100,100],"ix":6}},"ao":0,"ip":151.5,"op":155.5,"st":151.5,"bm":0},{"ddd":0,"ind":103,"ty":2,"nm":"玉子市场_00102.png","cl":"png","refId":"image_102","sr":1,"ks":{"o":{"a":0,"k":100,"ix":11},"r":{"a":0,"k":0,"ix":10},"p":{"a":0,"k":[180,320,0],"ix":2},"a":{"a":0,"k":[180,320,0],"ix":1},"s":{"a":0,"k":[100,100,100],"ix":6}},"ao":0,"ip":153,"op":157,"st":153,"bm":0},{"ddd":0,"ind":104,"ty":2,"nm":"玉子市场_00103.png","cl":"png","refId":"image_103","sr":1,"ks":{"o":{"a":0,"k":100,"ix":11},"r":{"a":0,"k":0,"ix":10},"p":{"a":0,"k":[180,320,0],"ix":2},"a":{"a":0,"k":[180,320,0],"ix":1},"s":{"a":0,"k":[100,100,100],"ix":6}},"ao":0,"ip":154.5,"op":158.5,"st":154.5,"bm":0},{"ddd":0,"ind":105,"ty":2,"nm":"玉子市场_00104.png","cl":"png","refId":"image_104","sr":1,"ks":{"o":{"a":0,"k":100,"ix":11},"r":{"a":0,"k":0,"ix":10},"p":{"a":0,"k":[180,320,0],"ix":2},"a":{"a":0,"k":[180,320,0],"ix":1},"s":{"a":0,"k":[100,100,100],"ix":6}},"ao":0,"ip":156,"op":160,"st":156,"bm":0},{"ddd":0,"ind":106,"ty":2,"nm":"玉子市场_00105.png","cl":"png","refId":"image_105","sr":1,"ks":{"o":{"a":0,"k":100,"ix":11},"r":{"a":0,"k":0,"ix":10},"p":{"a":0,"k":[180,320,0],"ix":2},"a":{"a":0,"k":[180,320,0],"ix":1},"s":{"a":0,"k":[100,100,100],"ix":6}},"ao":0,"ip":157.5,"op":161.5,"st":157.5,"bm":0},{"ddd":0,"ind":107,"ty":2,"nm":"玉子市场_00106.png","cl":"png","refId":"image_106","sr":1,"ks":{"o":{"a":0,"k":100,"ix":11},"r":{"a":0,"k":0,"ix":10},"p":{"a":0,"k":[180,320,0],"ix":2},"a":{"a":0,"k":[180,320,0],"ix":1},"s":{"a":0,"k":[100,100,100],"ix":6}},"ao":0,"ip":159,"op":163,"st":159,"bm":0},{"ddd":0,"ind":108,"ty":2,"nm":"玉子市场_00107.png","cl":"png","refId":"image_107","sr":1,"ks":{"o":{"a":0,"k":100,"ix":11},"r":{"a":0,"k":0,"ix":10},"p":{"a":0,"k":[180,320,0],"ix":2},"a":{"a":0,"k":[180,320,0],"ix":1},"s":{"a":0,"k":[100,100,100],"ix":6}},"ao":0,"ip":160.5,"op":164.5,"st":160.5,"bm":0},{"ddd":0,"ind":109,"ty":2,"nm":"玉子市场_00108.png","cl":"png","refId":"image_108","sr":1,"ks":{"o":{"a":0,"k":100,"ix":11},"r":{"a":0,"k":0,"ix":10},"p":{"a":0,"k":[180,320,0],"ix":2},"a":{"a":0,"k":[180,320,0],"ix":1},"s":{"a":0,"k":[100,100,100],"ix":6}},"ao":0,"ip":162,"op":166,"st":162,"bm":0},{"ddd":0,"ind":110,"ty":2,"nm":"玉子市场_00109.png","cl":"png","refId":"image_109","sr":1,"ks":{"o":{"a":0,"k":100,"ix":11},"r":{"a":0,"k":0,"ix":10},"p":{"a":0,"k":[180,320,0],"ix":2},"a":{"a":0,"k":[180,320,0],"ix":1},"s":{"a":0,"k":[100,100,100],"ix":6}},"ao":0,"ip":163.5,"op":167.5,"st":163.5,"bm":0},{"ddd":0,"ind":111,"ty":2,"nm":"玉子市场_00110.png","cl":"png","refId":"image_110","sr":1,"ks":{"o":{"a":0,"k":100,"ix":11},"r":{"a":0,"k":0,"ix":10},"p":{"a":0,"k":[180,320,0],"ix":2},"a":{"a":0,"k":[180,320,0],"ix":1},"s":{"a":0,"k":[100,100,100],"ix":6}},"ao":0,"ip":165,"op":169,"st":165,"bm":0},{"ddd":0,"ind":112,"ty":2,"nm":"玉子市场_00111.png","cl":"png","refId":"image_111","sr":1,"ks":{"o":{"a":0,"k":100,"ix":11},"r":{"a":0,"k":0,"ix":10},"p":{"a":0,"k":[180,320,0],"ix":2},"a":{"a":0,"k":[180,320,0],"ix":1},"s":{"a":0,"k":[100,100,100],"ix":6}},"ao":0,"ip":166.5,"op":170.5,"st":166.5,"bm":0},{"ddd":0,"ind":113,"ty":2,"nm":"玉子市场_00112.png","cl":"png","refId":"image_112","sr":1,"ks":{"o":{"a":0,"k":100,"ix":11},"r":{"a":0,"k":0,"ix":10},"p":{"a":0,"k":[180,320,0],"ix":2},"a":{"a":0,"k":[180,320,0],"ix":1},"s":{"a":0,"k":[100,100,100],"ix":6}},"ao":0,"ip":168,"op":172,"st":168,"bm":0},{"ddd":0,"ind":114,"ty":2,"nm":"玉子市场_00113.png","cl":"png","refId":"image_113","sr":1,"ks":{"o":{"a":0,"k":100,"ix":11},"r":{"a":0,"k":0,"ix":10},"p":{"a":0,"k":[180,320,0],"ix":2},"a":{"a":0,"k":[180,320,0],"ix":1},"s":{"a":0,"k":[100,100,100],"ix":6}},"ao":0,"ip":169.5,"op":173.5,"st":169.5,"bm":0},{"ddd":0,"ind":115,"ty":2,"nm":"玉子市场_00114.png","cl":"png","refId":"image_114","sr":1,"ks":{"o":{"a":0,"k":100,"ix":11},"r":{"a":0,"k":0,"ix":10},"p":{"a":0,"k":[180,320,0],"ix":2},"a":{"a":0,"k":[180,320,0],"ix":1},"s":{"a":0,"k":[100,100,100],"ix":6}},"ao":0,"ip":171,"op":175,"st":171,"bm":0},{"ddd":0,"ind":116,"ty":2,"nm":"玉子市场_00115.png","cl":"png","refId":"image_115","sr":1,"ks":{"o":{"a":0,"k":100,"ix":11},"r":{"a":0,"k":0,"ix":10},"p":{"a":0,"k":[180,320,0],"ix":2},"a":{"a":0,"k":[180,320,0],"ix":1},"s":{"a":0,"k":[100,100,100],"ix":6}},"ao":0,"ip":172.5,"op":176.5,"st":172.5,"bm":0},{"ddd":0,"ind":117,"ty":2,"nm":"玉子市场_00116.png","cl":"png","refId":"image_116","sr":1,"ks":{"o":{"a":0,"k":100,"ix":11},"r":{"a":0,"k":0,"ix":10},"p":{"a":0,"k":[180,320,0],"ix":2},"a":{"a":0,"k":[180,320,0],"ix":1},"s":{"a":0,"k":[100,100,100],"ix":6}},"ao":0,"ip":174,"op":178,"st":174,"bm":0},{"ddd":0,"ind":118,"ty":2,"nm":"玉子市场_00117.png","cl":"png","refId":"image_117","sr":1,"ks":{"o":{"a":0,"k":100,"ix":11},"r":{"a":0,"k":0,"ix":10},"p":{"a":0,"k":[180,320,0],"ix":2},"a":{"a":0,"k":[180,320,0],"ix":1},"s":{"a":0,"k":[100,100,100],"ix":6}},"ao":0,"ip":175.5,"op":179.5,"st":175.5,"bm":0},{"ddd":0,"ind":119,"ty":2,"nm":"玉子市场_00118.png","cl":"png","refId":"image_118","sr":1,"ks":{"o":{"a":0,"k":100,"ix":11},"r":{"a":0,"k":0,"ix":10},"p":{"a":0,"k":[180,320,0],"ix":2},"a":{"a":0,"k":[180,320,0],"ix":1},"s":{"a":0,"k":[100,100,100],"ix":6}},"ao":0,"ip":177,"op":181,"st":177,"bm":0},{"ddd":0,"ind":120,"ty":2,"nm":"玉子市场_00119.png","cl":"png","refId":"image_119","sr":1,"ks":{"o":{"a":0,"k":100,"ix":11},"r":{"a":0,"k":0,"ix":10},"p":{"a":0,"k":[180,320,0],"ix":2},"a":{"a":0,"k":[180,320,0],"ix":1},"s":{"a":0,"k":[100,100,100],"ix":6}},"ao":0,"ip":178.5,"op":182.5,"st":178.5,"bm":0},{"ddd":0,"ind":121,"ty":2,"nm":"玉子市场_00120.png","cl":"png","refId":"image_120","sr":1,"ks":{"o":{"a":0,"k":100,"ix":11},"r":{"a":0,"k":0,"ix":10},"p":{"a":0,"k":[180,320,0],"ix":2},"a":{"a":0,"k":[180,320,0],"ix":1},"s":{"a":0,"k":[100,100,100],"ix":6}},"ao":0,"ip":180,"op":184,"st":180,"bm":0},{"ddd":0,"ind":122,"ty":2,"nm":"玉子市场_00121.png","cl":"png","refId":"image_121","sr":1,"ks":{"o":{"a":0,"k":100,"ix":11},"r":{"a":0,"k":0,"ix":10},"p":{"a":0,"k":[180,320,0],"ix":2},"a":{"a":0,"k":[180,320,0],"ix":1},"s":{"a":0,"k":[100,100,100],"ix":6}},"ao":0,"ip":181.5,"op":185.5,"st":181.5,"bm":0},{"ddd":0,"ind":123,"ty":2,"nm":"玉子市场_00122.png","cl":"png","refId":"image_122","sr":1,"ks":{"o":{"a":0,"k":100,"ix":11},"r":{"a":0,"k":0,"ix":10},"p":{"a":0,"k":[180,320,0],"ix":2},"a":{"a":0,"k":[180,320,0],"ix":1},"s":{"a":0,"k":[100,100,100],"ix":6}},"ao":0,"ip":183,"op":187,"st":183,"bm":0},{"ddd":0,"ind":124,"ty":2,"nm":"玉子市场_00123.png","cl":"png","refId":"image_123","sr":1,"ks":{"o":{"a":0,"k":100,"ix":11},"r":{"a":0,"k":0,"ix":10},"p":{"a":0,"k":[180,320,0],"ix":2},"a":{"a":0,"k":[180,320,0],"ix":1},"s":{"a":0,"k":[100,100,100],"ix":6}},"ao":0,"ip":184.5,"op":188.5,"st":184.5,"bm":0},{"ddd":0,"ind":125,"ty":2,"nm":"玉子市场_00124.png","cl":"png","refId":"image_124","sr":1,"ks":{"o":{"a":0,"k":100,"ix":11},"r":{"a":0,"k":0,"ix":10},"p":{"a":0,"k":[180,320,0],"ix":2},"a":{"a":0,"k":[180,320,0],"ix":1},"s":{"a":0,"k":[100,100,100],"ix":6}},"ao":0,"ip":186,"op":190,"st":186,"bm":0},{"ddd":0,"ind":126,"ty":2,"nm":"玉子市场_00125.png","cl":"png","refId":"image_125","sr":1,"ks":{"o":{"a":0,"k":100,"ix":11},"r":{"a":0,"k":0,"ix":10},"p":{"a":0,"k":[180,320,0],"ix":2},"a":{"a":0,"k":[180,320,0],"ix":1},"s":{"a":0,"k":[100,100,100],"ix":6}},"ao":0,"ip":187.5,"op":191.5,"st":187.5,"bm":0},{"ddd":0,"ind":127,"ty":2,"nm":"玉子市场_00126.png","cl":"png","refId":"image_126","sr":1,"ks":{"o":{"a":0,"k":100,"ix":11},"r":{"a":0,"k":0,"ix":10},"p":{"a":0,"k":[180,320,0],"ix":2},"a":{"a":0,"k":[180,320,0],"ix":1},"s":{"a":0,"k":[100,100,100],"ix":6}},"ao":0,"ip":189,"op":193,"st":189,"bm":0},{"ddd":0,"ind":128,"ty":2,"nm":"玉子市场_00127.png","cl":"png","refId":"image_127","sr":1,"ks":{"o":{"a":0,"k":100,"ix":11},"r":{"a":0,"k":0,"ix":10},"p":{"a":0,"k":[180,320,0],"ix":2},"a":{"a":0,"k":[180,320,0],"ix":1},"s":{"a":0,"k":[100,100,100],"ix":6}},"ao":0,"ip":190.5,"op":194.5,"st":190.5,"bm":0},{"ddd":0,"ind":129,"ty":2,"nm":"玉子市场_00128.png","cl":"png","refId":"image_128","sr":1,"ks":{"o":{"a":0,"k":100,"ix":11},"r":{"a":0,"k":0,"ix":10},"p":{"a":0,"k":[180,320,0],"ix":2},"a":{"a":0,"k":[180,320,0],"ix":1},"s":{"a":0,"k":[100,100,100],"ix":6}},"ao":0,"ip":192,"op":196,"st":192,"bm":0},{"ddd":0,"ind":130,"ty":2,"nm":"玉子市场_00129.png","cl":"png","refId":"image_129","sr":1,"ks":{"o":{"a":0,"k":100,"ix":11},"r":{"a":0,"k":0,"ix":10},"p":{"a":0,"k":[180,320,0],"ix":2},"a":{"a":0,"k":[180,320,0],"ix":1},"s":{"a":0,"k":[100,100,100],"ix":6}},"ao":0,"ip":193.5,"op":197.5,"st":193.5,"bm":0},{"ddd":0,"ind":131,"ty":2,"nm":"玉子市场_00130.png","cl":"png","refId":"image_130","sr":1,"ks":{"o":{"a":0,"k":100,"ix":11},"r":{"a":0,"k":0,"ix":10},"p":{"a":0,"k":[180,320,0],"ix":2},"a":{"a":0,"k":[180,320,0],"ix":1},"s":{"a":0,"k":[100,100,100],"ix":6}},"ao":0,"ip":195,"op":199,"st":195,"bm":0},{"ddd":0,"ind":132,"ty":2,"nm":"玉子市场_00131.png","cl":"png","refId":"image_131","sr":1,"ks":{"o":{"a":0,"k":100,"ix":11},"r":{"a":0,"k":0,"ix":10},"p":{"a":0,"k":[180,320,0],"ix":2},"a":{"a":0,"k":[180,320,0],"ix":1},"s":{"a":0,"k":[100,100,100],"ix":6}},"ao":0,"ip":196.5,"op":200.5,"st":196.5,"bm":0},{"ddd":0,"ind":133,"ty":2,"nm":"玉子市场_00132.png","cl":"png","refId":"image_132","sr":1,"ks":{"o":{"a":0,"k":100,"ix":11},"r":{"a":0,"k":0,"ix":10},"p":{"a":0,"k":[180,320,0],"ix":2},"a":{"a":0,"k":[180,320,0],"ix":1},"s":{"a":0,"k":[100,100,100],"ix":6}},"ao":0,"ip":198,"op":202,"st":198,"bm":0},{"ddd":0,"ind":134,"ty":2,"nm":"玉子市场_00133.png","cl":"png","refId":"image_133","sr":1,"ks":{"o":{"a":0,"k":100,"ix":11},"r":{"a":0,"k":0,"ix":10},"p":{"a":0,"k":[180,320,0],"ix":2},"a":{"a":0,"k":[180,320,0],"ix":1},"s":{"a":0,"k":[100,100,100],"ix":6}},"ao":0,"ip":199.5,"op":203.5,"st":199.5,"bm":0},{"ddd":0,"ind":135,"ty":2,"nm":"玉子市场_00134.png","cl":"png","refId":"image_134","sr":1,"ks":{"o":{"a":0,"k":100,"ix":11},"r":{"a":0,"k":0,"ix":10},"p":{"a":0,"k":[180,320,0],"ix":2},"a":{"a":0,"k":[180,320,0],"ix":1},"s":{"a":0,"k":[100,100,100],"ix":6}},"ao":0,"ip":201,"op":205,"st":201,"bm":0},{"ddd":0,"ind":136,"ty":2,"nm":"玉子市场_00135.png","cl":"png","refId":"image_135","sr":1,"ks":{"o":{"a":0,"k":100,"ix":11},"r":{"a":0,"k":0,"ix":10},"p":{"a":0,"k":[180,320,0],"ix":2},"a":{"a":0,"k":[180,320,0],"ix":1},"s":{"a":0,"k":[100,100,100],"ix":6}},"ao":0,"ip":202.5,"op":206.5,"st":202.5,"bm":0},{"ddd":0,"ind":137,"ty":2,"nm":"玉子市场_00136.png","cl":"png","refId":"image_136","sr":1,"ks":{"o":{"a":0,"k":100,"ix":11},"r":{"a":0,"k":0,"ix":10},"p":{"a":0,"k":[180,320,0],"ix":2},"a":{"a":0,"k":[180,320,0],"ix":1},"s":{"a":0,"k":[100,100,100],"ix":6}},"ao":0,"ip":204,"op":208,"st":204,"bm":0},{"ddd":0,"ind":138,"ty":2,"nm":"玉子市场_00137.png","cl":"png","refId":"image_137","sr":1,"ks":{"o":{"a":0,"k":100,"ix":11},"r":{"a":0,"k":0,"ix":10},"p":{"a":0,"k":[180,320,0],"ix":2},"a":{"a":0,"k":[180,320,0],"ix":1},"s":{"a":0,"k":[100,100,100],"ix":6}},"ao":0,"ip":205.5,"op":209.5,"st":205.5,"bm":0},{"ddd":0,"ind":139,"ty":2,"nm":"玉子市场_00138.png","cl":"png","refId":"image_138","sr":1,"ks":{"o":{"a":0,"k":100,"ix":11},"r":{"a":0,"k":0,"ix":10},"p":{"a":0,"k":[180,320,0],"ix":2},"a":{"a":0,"k":[180,320,0],"ix":1},"s":{"a":0,"k":[100,100,100],"ix":6}},"ao":0,"ip":207,"op":211,"st":207,"bm":0},{"ddd":0,"ind":140,"ty":2,"nm":"玉子市场_00139.png","cl":"png","refId":"image_139","sr":1,"ks":{"o":{"a":0,"k":100,"ix":11},"r":{"a":0,"k":0,"ix":10},"p":{"a":0,"k":[180,320,0],"ix":2},"a":{"a":0,"k":[180,320,0],"ix":1},"s":{"a":0,"k":[100,100,100],"ix":6}},"ao":0,"ip":208.5,"op":212.5,"st":208.5,"bm":0},{"ddd":0,"ind":141,"ty":2,"nm":"玉子市场_00140.png","cl":"png","refId":"image_140","sr":1,"ks":{"o":{"a":0,"k":100,"ix":11},"r":{"a":0,"k":0,"ix":10},"p":{"a":0,"k":[180,320,0],"ix":2},"a":{"a":0,"k":[180,320,0],"ix":1},"s":{"a":0,"k":[100,100,100],"ix":6}},"ao":0,"ip":210,"op":214,"st":210,"bm":0},{"ddd":0,"ind":142,"ty":2,"nm":"玉子市场_00141.png","cl":"png","refId":"image_141","sr":1,"ks":{"o":{"a":0,"k":100,"ix":11},"r":{"a":0,"k":0,"ix":10},"p":{"a":0,"k":[180,320,0],"ix":2},"a":{"a":0,"k":[180,320,0],"ix":1},"s":{"a":0,"k":[100,100,100],"ix":6}},"ao":0,"ip":211.5,"op":215.5,"st":211.5,"bm":0},{"ddd":0,"ind":143,"ty":2,"nm":"玉子市场_00142.png","cl":"png","refId":"image_142","sr":1,"ks":{"o":{"a":0,"k":100,"ix":11},"r":{"a":0,"k":0,"ix":10},"p":{"a":0,"k":[180,320,0],"ix":2},"a":{"a":0,"k":[180,320,0],"ix":1},"s":{"a":0,"k":[100,100,100],"ix":6}},"ao":0,"ip":213,"op":217,"st":213,"bm":0},{"ddd":0,"ind":144,"ty":2,"nm":"玉子市场_00143.png","cl":"png","refId":"image_143","sr":1,"ks":{"o":{"a":0,"k":100,"ix":11},"r":{"a":0,"k":0,"ix":10},"p":{"a":0,"k":[180,320,0],"ix":2},"a":{"a":0,"k":[180,320,0],"ix":1},"s":{"a":0,"k":[100,100,100],"ix":6}},"ao":0,"ip":214.5,"op":218.5,"st":214.5,"bm":0},{"ddd":0,"ind":145,"ty":2,"nm":"玉子市场_00144.png","cl":"png","refId":"image_144","sr":1,"ks":{"o":{"a":0,"k":100,"ix":11},"r":{"a":0,"k":0,"ix":10},"p":{"a":0,"k":[180,320,0],"ix":2},"a":{"a":0,"k":[180,320,0],"ix":1},"s":{"a":0,"k":[100,100,100],"ix":6}},"ao":0,"ip":216,"op":220,"st":216,"bm":0},{"ddd":0,"ind":146,"ty":2,"nm":"玉子市场_00145.png","cl":"png","refId":"image_145","sr":1,"ks":{"o":{"a":0,"k":100,"ix":11},"r":{"a":0,"k":0,"ix":10},"p":{"a":0,"k":[180,320,0],"ix":2},"a":{"a":0,"k":[180,320,0],"ix":1},"s":{"a":0,"k":[100,100,100],"ix":6}},"ao":0,"ip":217.5,"op":221.5,"st":217.5,"bm":0}],"markers":[]}