{"v":"5.6.6","fr":19,"ip":0,"op":100,"w":403,"h":716,"nm":"daoxiaodao_00000","ddd":0,"assets":[{"id":"image_0","w":403,"h":716,"u":"images/","p":"img_0.jpg","e":0},{"id":"image_1","w":403,"h":716,"u":"images/","p":"img_1.jpg","e":0},{"id":"image_2","w":403,"h":716,"u":"images/","p":"img_2.jpg","e":0},{"id":"image_3","w":403,"h":716,"u":"images/","p":"img_3.jpg","e":0},{"id":"image_4","w":403,"h":716,"u":"images/","p":"img_4.jpg","e":0},{"id":"image_5","w":403,"h":716,"u":"images/","p":"img_5.jpg","e":0},{"id":"image_6","w":403,"h":716,"u":"images/","p":"img_6.jpg","e":0},{"id":"image_7","w":403,"h":716,"u":"images/","p":"img_7.jpg","e":0},{"id":"image_8","w":403,"h":716,"u":"images/","p":"img_8.jpg","e":0},{"id":"image_9","w":403,"h":716,"u":"images/","p":"img_9.jpg","e":0},{"id":"image_10","w":403,"h":716,"u":"images/","p":"img_10.jpg","e":0},{"id":"image_11","w":403,"h":716,"u":"images/","p":"img_11.jpg","e":0},{"id":"image_12","w":403,"h":716,"u":"images/","p":"img_12.jpg","e":0},{"id":"image_13","w":403,"h":716,"u":"images/","p":"img_13.jpg","e":0},{"id":"image_14","w":403,"h":716,"u":"images/","p":"img_14.jpg","e":0},{"id":"image_15","w":403,"h":716,"u":"images/","p":"img_15.jpg","e":0},{"id":"image_16","w":403,"h":716,"u":"images/","p":"img_16.jpg","e":0},{"id":"image_17","w":403,"h":716,"u":"images/","p":"img_17.jpg","e":0},{"id":"image_18","w":403,"h":716,"u":"images/","p":"img_18.jpg","e":0},{"id":"image_19","w":403,"h":716,"u":"images/","p":"img_19.jpg","e":0},{"id":"image_20","w":403,"h":716,"u":"images/","p":"img_20.jpg","e":0},{"id":"image_21","w":403,"h":716,"u":"images/","p":"img_21.jpg","e":0},{"id":"image_22","w":403,"h":716,"u":"images/","p":"img_22.jpg","e":0},{"id":"image_23","w":403,"h":716,"u":"images/","p":"img_23.jpg","e":0},{"id":"image_24","w":403,"h":716,"u":"images/","p":"img_24.jpg","e":0},{"id":"image_25","w":403,"h":716,"u":"images/","p":"img_25.jpg","e":0},{"id":"image_26","w":403,"h":716,"u":"images/","p":"img_26.jpg","e":0},{"id":"image_27","w":403,"h":716,"u":"images/","p":"img_27.jpg","e":0},{"id":"image_28","w":403,"h":716,"u":"images/","p":"img_28.jpg","e":0},{"id":"image_29","w":403,"h":716,"u":"images/","p":"img_29.jpg","e":0},{"id":"image_30","w":403,"h":716,"u":"images/","p":"img_30.jpg","e":0},{"id":"image_31","w":403,"h":716,"u":"images/","p":"img_31.jpg","e":0},{"id":"image_32","w":403,"h":716,"u":"images/","p":"img_32.jpg","e":0},{"id":"image_33","w":403,"h":716,"u":"images/","p":"img_33.jpg","e":0},{"id":"image_34","w":403,"h":716,"u":"images/","p":"img_34.jpg","e":0},{"id":"image_35","w":403,"h":716,"u":"images/","p":"img_35.jpg","e":0},{"id":"image_36","w":403,"h":716,"u":"images/","p":"img_36.jpg","e":0},{"id":"image_37","w":403,"h":716,"u":"images/","p":"img_37.jpg","e":0},{"id":"image_38","w":403,"h":716,"u":"images/","p":"img_38.jpg","e":0},{"id":"image_39","w":403,"h":716,"u":"images/","p":"img_39.jpg","e":0},{"id":"image_40","w":403,"h":716,"u":"images/","p":"img_40.jpg","e":0},{"id":"image_41","w":403,"h":716,"u":"images/","p":"img_41.jpg","e":0},{"id":"image_42","w":403,"h":716,"u":"images/","p":"img_42.jpg","e":0},{"id":"image_43","w":403,"h":716,"u":"images/","p":"img_43.jpg","e":0},{"id":"image_44","w":403,"h":716,"u":"images/","p":"img_44.jpg","e":0},{"id":"image_45","w":403,"h":716,"u":"images/","p":"img_45.jpg","e":0},{"id":"image_46","w":403,"h":716,"u":"images/","p":"img_46.jpg","e":0},{"id":"image_47","w":403,"h":716,"u":"images/","p":"img_47.jpg","e":0},{"id":"image_48","w":403,"h":716,"u":"images/","p":"img_48.jpg","e":0},{"id":"image_49","w":403,"h":716,"u":"images/","p":"img_49.jpg","e":0},{"id":"image_50","w":403,"h":716,"u":"images/","p":"img_50.jpg","e":0},{"id":"image_51","w":403,"h":716,"u":"images/","p":"img_51.jpg","e":0},{"id":"image_52","w":403,"h":716,"u":"images/","p":"img_52.jpg","e":0},{"id":"image_53","w":403,"h":716,"u":"images/","p":"img_53.jpg","e":0},{"id":"image_54","w":403,"h":716,"u":"images/","p":"img_54.jpg","e":0},{"id":"image_55","w":403,"h":716,"u":"images/","p":"img_55.jpg","e":0},{"id":"image_56","w":403,"h":716,"u":"images/","p":"img_56.jpg","e":0},{"id":"image_57","w":403,"h":716,"u":"images/","p":"img_57.jpg","e":0},{"id":"image_58","w":403,"h":716,"u":"images/","p":"img_58.jpg","e":0},{"id":"image_59","w":403,"h":716,"u":"images/","p":"img_59.jpg","e":0},{"id":"image_60","w":403,"h":716,"u":"images/","p":"img_60.jpg","e":0},{"id":"image_61","w":403,"h":716,"u":"images/","p":"img_61.jpg","e":0},{"id":"image_62","w":403,"h":716,"u":"images/","p":"img_62.jpg","e":0},{"id":"image_63","w":403,"h":716,"u":"images/","p":"img_63.jpg","e":0},{"id":"image_64","w":403,"h":716,"u":"images/","p":"img_64.jpg","e":0},{"id":"image_65","w":403,"h":716,"u":"images/","p":"img_65.jpg","e":0},{"id":"image_66","w":403,"h":716,"u":"images/","p":"img_66.jpg","e":0},{"id":"image_67","w":403,"h":716,"u":"images/","p":"img_67.jpg","e":0},{"id":"image_68","w":403,"h":716,"u":"images/","p":"img_68.jpg","e":0},{"id":"image_69","w":403,"h":716,"u":"images/","p":"img_69.jpg","e":0},{"id":"image_70","w":403,"h":716,"u":"images/","p":"img_70.jpg","e":0},{"id":"image_71","w":403,"h":716,"u":"images/","p":"img_71.jpg","e":0},{"id":"image_72","w":403,"h":716,"u":"images/","p":"img_72.jpg","e":0},{"id":"image_73","w":403,"h":716,"u":"images/","p":"img_73.jpg","e":0},{"id":"image_74","w":403,"h":716,"u":"images/","p":"img_74.jpg","e":0},{"id":"image_75","w":403,"h":716,"u":"images/","p":"img_75.jpg","e":0},{"id":"image_76","w":403,"h":716,"u":"images/","p":"img_76.jpg","e":0},{"id":"image_77","w":403,"h":716,"u":"images/","p":"img_77.jpg","e":0},{"id":"image_78","w":403,"h":716,"u":"images/","p":"img_78.jpg","e":0},{"id":"image_79","w":403,"h":716,"u":"images/","p":"img_79.jpg","e":0},{"id":"image_80","w":403,"h":716,"u":"images/","p":"img_80.jpg","e":0},{"id":"image_81","w":403,"h":716,"u":"images/","p":"img_81.jpg","e":0},{"id":"image_82","w":403,"h":716,"u":"images/","p":"img_82.jpg","e":0},{"id":"image_83","w":403,"h":716,"u":"images/","p":"img_83.jpg","e":0},{"id":"image_84","w":403,"h":716,"u":"images/","p":"img_84.jpg","e":0},{"id":"image_85","w":403,"h":716,"u":"images/","p":"img_85.jpg","e":0},{"id":"image_86","w":403,"h":716,"u":"images/","p":"img_86.jpg","e":0},{"id":"image_87","w":403,"h":716,"u":"images/","p":"img_87.jpg","e":0},{"id":"image_88","w":403,"h":716,"u":"images/","p":"img_88.jpg","e":0},{"id":"image_89","w":403,"h":716,"u":"images/","p":"img_89.jpg","e":0},{"id":"image_90","w":403,"h":716,"u":"images/","p":"img_90.jpg","e":0},{"id":"image_91","w":403,"h":716,"u":"images/","p":"img_91.jpg","e":0},{"id":"image_92","w":403,"h":716,"u":"images/","p":"img_92.jpg","e":0},{"id":"image_93","w":403,"h":716,"u":"images/","p":"img_93.jpg","e":0},{"id":"image_94","w":403,"h":716,"u":"images/","p":"img_94.jpg","e":0},{"id":"image_95","w":403,"h":716,"u":"images/","p":"img_95.jpg","e":0},{"id":"image_96","w":403,"h":716,"u":"images/","p":"img_96.jpg","e":0},{"id":"image_97","w":403,"h":716,"u":"images/","p":"img_97.jpg","e":0},{"id":"image_98","w":403,"h":716,"u":"images/","p":"img_98.jpg","e":0},{"id":"image_99","w":403,"h":716,"u":"images/","p":"img_99.jpg","e":0},{"id":"image_100","w":403,"h":716,"u":"images/","p":"img_100.jpg","e":0},{"id":"image_101","w":403,"h":716,"u":"images/","p":"img_101.jpg","e":0},{"id":"image_102","w":403,"h":716,"u":"images/","p":"img_102.jpg","e":0},{"id":"image_103","w":403,"h":716,"u":"images/","p":"img_103.jpg","e":0},{"id":"image_104","w":403,"h":716,"u":"images/","p":"img_104.jpg","e":0},{"id":"image_105","w":403,"h":716,"u":"images/","p":"img_105.jpg","e":0},{"id":"image_106","w":403,"h":716,"u":"images/","p":"img_106.jpg","e":0},{"id":"image_107","w":403,"h":716,"u":"images/","p":"img_107.jpg","e":0},{"id":"image_108","w":403,"h":716,"u":"images/","p":"img_108.jpg","e":0},{"id":"image_109","w":403,"h":716,"u":"images/","p":"img_109.jpg","e":0},{"id":"image_110","w":403,"h":716,"u":"images/","p":"img_110.jpg","e":0},{"id":"image_111","w":403,"h":716,"u":"images/","p":"img_111.jpg","e":0},{"id":"image_112","w":403,"h":716,"u":"images/","p":"img_112.jpg","e":0},{"id":"image_113","w":403,"h":716,"u":"images/","p":"img_113.jpg","e":0},{"id":"image_114","w":403,"h":716,"u":"images/","p":"img_114.jpg","e":0},{"id":"image_115","w":403,"h":716,"u":"images/","p":"img_115.jpg","e":0},{"id":"image_116","w":403,"h":716,"u":"images/","p":"img_116.jpg","e":0},{"id":"image_117","w":403,"h":716,"u":"images/","p":"img_117.jpg","e":0},{"id":"image_118","w":403,"h":716,"u":"images/","p":"img_118.jpg","e":0},{"id":"image_119","w":403,"h":716,"u":"images/","p":"img_119.jpg","e":0},{"id":"image_120","w":403,"h":716,"u":"images/","p":"img_120.jpg","e":0},{"id":"image_121","w":403,"h":716,"u":"images/","p":"img_121.jpg","e":0},{"id":"image_122","w":403,"h":716,"u":"images/","p":"img_122.jpg","e":0},{"id":"image_123","w":403,"h":716,"u":"images/","p":"img_123.jpg","e":0},{"id":"image_124","w":403,"h":640,"u":"images/","p":"img_124.jpg","e":0},{"id":"image_125","w":403,"h":716,"u":"images/","p":"img_125.jpg","e":0},{"id":"image_126","w":403,"h":716,"u":"images/","p":"img_126.jpg","e":0},{"id":"image_127","w":403,"h":716,"u":"images/","p":"img_127.jpg","e":0},{"id":"image_128","w":403,"h":716,"u":"images/","p":"img_128.jpg","e":0},{"id":"image_129","w":403,"h":716,"u":"images/","p":"img_129.jpg","e":0},{"id":"image_130","w":403,"h":716,"u":"images/","p":"img_130.jpg","e":0},{"id":"image_131","w":403,"h":716,"u":"images/","p":"img_131.jpg","e":0},{"id":"image_132","w":403,"h":716,"u":"images/","p":"img_132.jpg","e":0},{"id":"image_133","w":403,"h":716,"u":"images/","p":"img_133.jpg","e":0},{"id":"image_134","w":403,"h":716,"u":"images/","p":"img_134.jpg","e":0},{"id":"image_135","w":403,"h":716,"u":"images/","p":"img_135.jpg","e":0},{"id":"image_136","w":403,"h":716,"u":"images/","p":"img_136.jpg","e":0},{"id":"image_137","w":403,"h":716,"u":"images/","p":"img_137.jpg","e":0},{"id":"image_138","w":403,"h":716,"u":"images/","p":"img_138.jpg","e":0},{"id":"image_139","w":403,"h":716,"u":"images/","p":"img_139.jpg","e":0},{"id":"image_140","w":403,"h":716,"u":"images/","p":"img_140.jpg","e":0},{"id":"image_141","w":403,"h":716,"u":"images/","p":"img_141.jpg","e":0},{"id":"image_142","w":403,"h":716,"u":"images/","p":"img_142.jpg","e":0},{"id":"image_143","w":403,"h":716,"u":"images/","p":"img_143.jpg","e":0},{"id":"image_144","w":403,"h":716,"u":"images/","p":"img_144.jpg","e":0},{"id":"image_145","w":403,"h":716,"u":"images/","p":"img_145.jpg","e":0},{"id":"image_146","w":403,"h":716,"u":"images/","p":"img_146.jpg","e":0},{"id":"image_147","w":403,"h":716,"u":"images/","p":"img_147.jpg","e":0},{"id":"image_148","w":403,"h":716,"u":"images/","p":"img_148.jpg","e":0},{"id":"image_149","w":403,"h":716,"u":"images/","p":"img_149.jpg","e":0},{"id":"image_150","w":403,"h":716,"u":"images/","p":"img_150.jpg","e":0},{"id":"image_151","w":403,"h":716,"u":"images/","p":"img_151.jpg","e":0},{"id":"image_152","w":403,"h":716,"u":"images/","p":"img_152.jpg","e":0},{"id":"image_153","w":403,"h":716,"u":"images/","p":"img_153.jpg","e":0},{"id":"image_154","w":403,"h":716,"u":"images/","p":"img_154.jpg","e":0},{"id":"image_155","w":403,"h":716,"u":"images/","p":"img_155.jpg","e":0}],"layers":[{"ddd":0,"ind":1,"ty":2,"nm":"daoxiaodao_00000.jpg","cl":"jpg","refId":"image_0","sr":1,"ks":{"o":{"a":0,"k":100,"ix":11},"r":{"a":0,"k":0,"ix":10},"p":{"a":0,"k":[144,256,0],"ix":2},"a":{"a":0,"k":[144,256,0],"ix":1},"s":{"a":0,"k":[100,100,100],"ix":6}},"ao":0,"ip":0,"op":1.66666666666667,"st":0,"bm":0},{"ddd":0,"ind":2,"ty":2,"nm":"daoxiaodao_00001.jpg","cl":"jpg","refId":"image_1","sr":1,"ks":{"o":{"a":0,"k":100,"ix":11},"r":{"a":0,"k":0,"ix":10},"p":{"a":0,"k":[144,256,0],"ix":2},"a":{"a":0,"k":[144,256,0],"ix":1},"s":{"a":0,"k":[100,100,100],"ix":6}},"ao":0,"ip":1.66666666666667,"op":3.33333333333333,"st":1.66666666666667,"bm":0},{"ddd":0,"ind":3,"ty":2,"nm":"daoxiaodao_00002.jpg","cl":"jpg","refId":"image_2","sr":1,"ks":{"o":{"a":0,"k":100,"ix":11},"r":{"a":0,"k":0,"ix":10},"p":{"a":0,"k":[144,256,0],"ix":2},"a":{"a":0,"k":[144,256,0],"ix":1},"s":{"a":0,"k":[100,100,100],"ix":6}},"ao":0,"ip":3.33333333333333,"op":5,"st":3.33333333333333,"bm":0},{"ddd":0,"ind":4,"ty":2,"nm":"daoxiaodao_00003.jpg","cl":"jpg","refId":"image_3","sr":1,"ks":{"o":{"a":0,"k":100,"ix":11},"r":{"a":0,"k":0,"ix":10},"p":{"a":0,"k":[144,256,0],"ix":2},"a":{"a":0,"k":[144,256,0],"ix":1},"s":{"a":0,"k":[100,100,100],"ix":6}},"ao":0,"ip":5,"op":6.66666666666667,"st":5,"bm":0},{"ddd":0,"ind":5,"ty":2,"nm":"daoxiaodao_00004.jpg","cl":"jpg","refId":"image_4","sr":1,"ks":{"o":{"a":0,"k":100,"ix":11},"r":{"a":0,"k":0,"ix":10},"p":{"a":0,"k":[144,256,0],"ix":2},"a":{"a":0,"k":[144,256,0],"ix":1},"s":{"a":0,"k":[100,100,100],"ix":6}},"ao":0,"ip":6.66666666666667,"op":8.33333333333333,"st":6.66666666666667,"bm":0},{"ddd":0,"ind":6,"ty":2,"nm":"daoxiaodao_00005.jpg","cl":"jpg","refId":"image_5","sr":1,"ks":{"o":{"a":0,"k":100,"ix":11},"r":{"a":0,"k":0,"ix":10},"p":{"a":0,"k":[144,256,0],"ix":2},"a":{"a":0,"k":[144,256,0],"ix":1},"s":{"a":0,"k":[100,100,100],"ix":6}},"ao":0,"ip":8.33333333333333,"op":10,"st":8.33333333333333,"bm":0},{"ddd":0,"ind":7,"ty":2,"nm":"daoxiaodao_00006.jpg","cl":"jpg","refId":"image_6","sr":1,"ks":{"o":{"a":0,"k":100,"ix":11},"r":{"a":0,"k":0,"ix":10},"p":{"a":0,"k":[144,256,0],"ix":2},"a":{"a":0,"k":[144,256,0],"ix":1},"s":{"a":0,"k":[100,100,100],"ix":6}},"ao":0,"ip":10,"op":11.6666666666667,"st":10,"bm":0},{"ddd":0,"ind":8,"ty":2,"nm":"daoxiaodao_00007.jpg","cl":"jpg","refId":"image_7","sr":1,"ks":{"o":{"a":0,"k":100,"ix":11},"r":{"a":0,"k":0,"ix":10},"p":{"a":0,"k":[144,256,0],"ix":2},"a":{"a":0,"k":[144,256,0],"ix":1},"s":{"a":0,"k":[100,100,100],"ix":6}},"ao":0,"ip":11.6666666666667,"op":13.3333333333333,"st":11.6666666666667,"bm":0},{"ddd":0,"ind":9,"ty":2,"nm":"daoxiaodao_00008.jpg","cl":"jpg","refId":"image_8","sr":1,"ks":{"o":{"a":0,"k":100,"ix":11},"r":{"a":0,"k":0,"ix":10},"p":{"a":0,"k":[144,256,0],"ix":2},"a":{"a":0,"k":[144,256,0],"ix":1},"s":{"a":0,"k":[100,100,100],"ix":6}},"ao":0,"ip":13.3333333333333,"op":15,"st":13.3333333333333,"bm":0},{"ddd":0,"ind":10,"ty":2,"nm":"daoxiaodao_00009.jpg","cl":"jpg","refId":"image_9","sr":1,"ks":{"o":{"a":0,"k":100,"ix":11},"r":{"a":0,"k":0,"ix":10},"p":{"a":0,"k":[144,256,0],"ix":2},"a":{"a":0,"k":[144,256,0],"ix":1},"s":{"a":0,"k":[100,100,100],"ix":6}},"ao":0,"ip":15,"op":16.6666666666667,"st":15,"bm":0},{"ddd":0,"ind":11,"ty":2,"nm":"daoxiaodao_00010.jpg","cl":"jpg","refId":"image_10","sr":1,"ks":{"o":{"a":0,"k":100,"ix":11},"r":{"a":0,"k":0,"ix":10},"p":{"a":0,"k":[144,256,0],"ix":2},"a":{"a":0,"k":[144,256,0],"ix":1},"s":{"a":0,"k":[100,100,100],"ix":6}},"ao":0,"ip":16.6666666666667,"op":18.3333333333333,"st":16.6666666666667,"bm":0},{"ddd":0,"ind":12,"ty":2,"nm":"daoxiaodao_00011.jpg","cl":"jpg","refId":"image_11","sr":1,"ks":{"o":{"a":0,"k":100,"ix":11},"r":{"a":0,"k":0,"ix":10},"p":{"a":0,"k":[144,256,0],"ix":2},"a":{"a":0,"k":[144,256,0],"ix":1},"s":{"a":0,"k":[100,100,100],"ix":6}},"ao":0,"ip":18.3333333333333,"op":20,"st":18.3333333333333,"bm":0},{"ddd":0,"ind":13,"ty":2,"nm":"daoxiaodao_00012.jpg","cl":"jpg","refId":"image_12","sr":1,"ks":{"o":{"a":0,"k":100,"ix":11},"r":{"a":0,"k":0,"ix":10},"p":{"a":0,"k":[144,256,0],"ix":2},"a":{"a":0,"k":[144,256,0],"ix":1},"s":{"a":0,"k":[100,100,100],"ix":6}},"ao":0,"ip":20,"op":21.6666666666667,"st":20,"bm":0},{"ddd":0,"ind":14,"ty":2,"nm":"daoxiaodao_00013.jpg","cl":"jpg","refId":"image_13","sr":1,"ks":{"o":{"a":0,"k":100,"ix":11},"r":{"a":0,"k":0,"ix":10},"p":{"a":0,"k":[144,256,0],"ix":2},"a":{"a":0,"k":[144,256,0],"ix":1},"s":{"a":0,"k":[100,100,100],"ix":6}},"ao":0,"ip":21.6666666666667,"op":23.3333333333333,"st":21.6666666666667,"bm":0},{"ddd":0,"ind":15,"ty":2,"nm":"daoxiaodao_00014.jpg","cl":"jpg","refId":"image_14","sr":1,"ks":{"o":{"a":0,"k":100,"ix":11},"r":{"a":0,"k":0,"ix":10},"p":{"a":0,"k":[144,256,0],"ix":2},"a":{"a":0,"k":[144,256,0],"ix":1},"s":{"a":0,"k":[100,100,100],"ix":6}},"ao":0,"ip":23.3333333333333,"op":25,"st":23.3333333333333,"bm":0},{"ddd":0,"ind":16,"ty":2,"nm":"daoxiaodao_00015.jpg","cl":"jpg","refId":"image_15","sr":1,"ks":{"o":{"a":0,"k":100,"ix":11},"r":{"a":0,"k":0,"ix":10},"p":{"a":0,"k":[144,256,0],"ix":2},"a":{"a":0,"k":[144,256,0],"ix":1},"s":{"a":0,"k":[100,100,100],"ix":6}},"ao":0,"ip":25,"op":26.6666666666667,"st":25,"bm":0},{"ddd":0,"ind":17,"ty":2,"nm":"daoxiaodao_00016.jpg","cl":"jpg","refId":"image_16","sr":1,"ks":{"o":{"a":0,"k":100,"ix":11},"r":{"a":0,"k":0,"ix":10},"p":{"a":0,"k":[144,256,0],"ix":2},"a":{"a":0,"k":[144,256,0],"ix":1},"s":{"a":0,"k":[100,100,100],"ix":6}},"ao":0,"ip":26.6666666666667,"op":28.3333333333333,"st":26.6666666666667,"bm":0},{"ddd":0,"ind":18,"ty":2,"nm":"daoxiaodao_00017.jpg","cl":"jpg","refId":"image_17","sr":1,"ks":{"o":{"a":0,"k":100,"ix":11},"r":{"a":0,"k":0,"ix":10},"p":{"a":0,"k":[144,256,0],"ix":2},"a":{"a":0,"k":[144,256,0],"ix":1},"s":{"a":0,"k":[100,100,100],"ix":6}},"ao":0,"ip":28.3333333333333,"op":30,"st":28.3333333333333,"bm":0},{"ddd":0,"ind":19,"ty":2,"nm":"daoxiaodao_00018.jpg","cl":"jpg","refId":"image_18","sr":1,"ks":{"o":{"a":0,"k":100,"ix":11},"r":{"a":0,"k":0,"ix":10},"p":{"a":0,"k":[144,256,0],"ix":2},"a":{"a":0,"k":[144,256,0],"ix":1},"s":{"a":0,"k":[100,100,100],"ix":6}},"ao":0,"ip":30,"op":31.6666666666667,"st":30,"bm":0},{"ddd":0,"ind":20,"ty":2,"nm":"daoxiaodao_00019.jpg","cl":"jpg","refId":"image_19","sr":1,"ks":{"o":{"a":0,"k":100,"ix":11},"r":{"a":0,"k":0,"ix":10},"p":{"a":0,"k":[144,256,0],"ix":2},"a":{"a":0,"k":[144,256,0],"ix":1},"s":{"a":0,"k":[100,100,100],"ix":6}},"ao":0,"ip":31.6666666666667,"op":33.3333333333333,"st":31.6666666666667,"bm":0},{"ddd":0,"ind":21,"ty":2,"nm":"daoxiaodao_00020.jpg","cl":"jpg","refId":"image_20","sr":1,"ks":{"o":{"a":0,"k":100,"ix":11},"r":{"a":0,"k":0,"ix":10},"p":{"a":0,"k":[144,256,0],"ix":2},"a":{"a":0,"k":[144,256,0],"ix":1},"s":{"a":0,"k":[100,100,100],"ix":6}},"ao":0,"ip":33.3333333333333,"op":35,"st":33.3333333333333,"bm":0},{"ddd":0,"ind":22,"ty":2,"nm":"daoxiaodao_00021.jpg","cl":"jpg","refId":"image_21","sr":1,"ks":{"o":{"a":0,"k":100,"ix":11},"r":{"a":0,"k":0,"ix":10},"p":{"a":0,"k":[144,256,0],"ix":2},"a":{"a":0,"k":[144,256,0],"ix":1},"s":{"a":0,"k":[100,100,100],"ix":6}},"ao":0,"ip":35,"op":36.6666666666667,"st":35,"bm":0},{"ddd":0,"ind":23,"ty":2,"nm":"daoxiaodao_00022.jpg","cl":"jpg","refId":"image_22","sr":1,"ks":{"o":{"a":0,"k":100,"ix":11},"r":{"a":0,"k":0,"ix":10},"p":{"a":0,"k":[144,256,0],"ix":2},"a":{"a":0,"k":[144,256,0],"ix":1},"s":{"a":0,"k":[100,100,100],"ix":6}},"ao":0,"ip":36.6666666666667,"op":38.3333333333333,"st":36.6666666666667,"bm":0},{"ddd":0,"ind":24,"ty":2,"nm":"daoxiaodao_00023.jpg","cl":"jpg","refId":"image_23","sr":1,"ks":{"o":{"a":0,"k":100,"ix":11},"r":{"a":0,"k":0,"ix":10},"p":{"a":0,"k":[144,256,0],"ix":2},"a":{"a":0,"k":[144,256,0],"ix":1},"s":{"a":0,"k":[100,100,100],"ix":6}},"ao":0,"ip":38.3333333333333,"op":40,"st":38.3333333333333,"bm":0},{"ddd":0,"ind":25,"ty":2,"nm":"daoxiaodao_00024.jpg","cl":"jpg","refId":"image_24","sr":1,"ks":{"o":{"a":0,"k":100,"ix":11},"r":{"a":0,"k":0,"ix":10},"p":{"a":0,"k":[144,256,0],"ix":2},"a":{"a":0,"k":[144,256,0],"ix":1},"s":{"a":0,"k":[100,100,100],"ix":6}},"ao":0,"ip":40,"op":41.6666666666667,"st":40,"bm":0},{"ddd":0,"ind":26,"ty":2,"nm":"daoxiaodao_00025.jpg","cl":"jpg","refId":"image_25","sr":1,"ks":{"o":{"a":0,"k":100,"ix":11},"r":{"a":0,"k":0,"ix":10},"p":{"a":0,"k":[144,256,0],"ix":2},"a":{"a":0,"k":[144,256,0],"ix":1},"s":{"a":0,"k":[100,100,100],"ix":6}},"ao":0,"ip":41.6666666666667,"op":43.3333333333333,"st":41.6666666666667,"bm":0},{"ddd":0,"ind":27,"ty":2,"nm":"daoxiaodao_00026.jpg","cl":"jpg","refId":"image_26","sr":1,"ks":{"o":{"a":0,"k":100,"ix":11},"r":{"a":0,"k":0,"ix":10},"p":{"a":0,"k":[144,256,0],"ix":2},"a":{"a":0,"k":[144,256,0],"ix":1},"s":{"a":0,"k":[100,100,100],"ix":6}},"ao":0,"ip":43.3333333333333,"op":45,"st":43.3333333333333,"bm":0},{"ddd":0,"ind":28,"ty":2,"nm":"daoxiaodao_00027.jpg","cl":"jpg","refId":"image_27","sr":1,"ks":{"o":{"a":0,"k":100,"ix":11},"r":{"a":0,"k":0,"ix":10},"p":{"a":0,"k":[144,256,0],"ix":2},"a":{"a":0,"k":[144,256,0],"ix":1},"s":{"a":0,"k":[100,100,100],"ix":6}},"ao":0,"ip":45,"op":46.6666666666667,"st":45,"bm":0},{"ddd":0,"ind":29,"ty":2,"nm":"daoxiaodao_00028.jpg","cl":"jpg","refId":"image_28","sr":1,"ks":{"o":{"a":0,"k":100,"ix":11},"r":{"a":0,"k":0,"ix":10},"p":{"a":0,"k":[144,256,0],"ix":2},"a":{"a":0,"k":[144,256,0],"ix":1},"s":{"a":0,"k":[100,100,100],"ix":6}},"ao":0,"ip":46.6666666666667,"op":48.3333333333333,"st":46.6666666666667,"bm":0},{"ddd":0,"ind":30,"ty":2,"nm":"daoxiaodao_00029.jpg","cl":"jpg","refId":"image_29","sr":1,"ks":{"o":{"a":0,"k":100,"ix":11},"r":{"a":0,"k":0,"ix":10},"p":{"a":0,"k":[144,256,0],"ix":2},"a":{"a":0,"k":[144,256,0],"ix":1},"s":{"a":0,"k":[100,100,100],"ix":6}},"ao":0,"ip":48.3333333333333,"op":50,"st":48.3333333333333,"bm":0},{"ddd":0,"ind":31,"ty":2,"nm":"daoxiaodao_00030.jpg","cl":"jpg","refId":"image_30","sr":1,"ks":{"o":{"a":0,"k":100,"ix":11},"r":{"a":0,"k":0,"ix":10},"p":{"a":0,"k":[144,256,0],"ix":2},"a":{"a":0,"k":[144,256,0],"ix":1},"s":{"a":0,"k":[100,100,100],"ix":6}},"ao":0,"ip":50,"op":51.6666666666667,"st":50,"bm":0},{"ddd":0,"ind":32,"ty":2,"nm":"daoxiaodao_00031.jpg","cl":"jpg","refId":"image_31","sr":1,"ks":{"o":{"a":0,"k":100,"ix":11},"r":{"a":0,"k":0,"ix":10},"p":{"a":0,"k":[144,256,0],"ix":2},"a":{"a":0,"k":[144,256,0],"ix":1},"s":{"a":0,"k":[100,100,100],"ix":6}},"ao":0,"ip":51.6666666666667,"op":53.3333333333333,"st":51.6666666666667,"bm":0},{"ddd":0,"ind":33,"ty":2,"nm":"daoxiaodao_00032.jpg","cl":"jpg","refId":"image_32","sr":1,"ks":{"o":{"a":0,"k":100,"ix":11},"r":{"a":0,"k":0,"ix":10},"p":{"a":0,"k":[144,256,0],"ix":2},"a":{"a":0,"k":[144,256,0],"ix":1},"s":{"a":0,"k":[100,100,100],"ix":6}},"ao":0,"ip":53.3333333333333,"op":55,"st":53.3333333333333,"bm":0},{"ddd":0,"ind":34,"ty":2,"nm":"daoxiaodao_00033.jpg","cl":"jpg","refId":"image_33","sr":1,"ks":{"o":{"a":0,"k":100,"ix":11},"r":{"a":0,"k":0,"ix":10},"p":{"a":0,"k":[144,256,0],"ix":2},"a":{"a":0,"k":[144,256,0],"ix":1},"s":{"a":0,"k":[100,100,100],"ix":6}},"ao":0,"ip":55,"op":56.6666666666667,"st":55,"bm":0},{"ddd":0,"ind":35,"ty":2,"nm":"daoxiaodao_00034.jpg","cl":"jpg","refId":"image_34","sr":1,"ks":{"o":{"a":0,"k":100,"ix":11},"r":{"a":0,"k":0,"ix":10},"p":{"a":0,"k":[144,256,0],"ix":2},"a":{"a":0,"k":[144,256,0],"ix":1},"s":{"a":0,"k":[100,100,100],"ix":6}},"ao":0,"ip":56.6666666666667,"op":58.3333333333333,"st":56.6666666666667,"bm":0},{"ddd":0,"ind":36,"ty":2,"nm":"daoxiaodao_00035.jpg","cl":"jpg","refId":"image_35","sr":1,"ks":{"o":{"a":0,"k":100,"ix":11},"r":{"a":0,"k":0,"ix":10},"p":{"a":0,"k":[144,256,0],"ix":2},"a":{"a":0,"k":[144,256,0],"ix":1},"s":{"a":0,"k":[100,100,100],"ix":6}},"ao":0,"ip":58.3333333333333,"op":60,"st":58.3333333333333,"bm":0},{"ddd":0,"ind":37,"ty":2,"nm":"daoxiaodao_00036.jpg","cl":"jpg","refId":"image_36","sr":1,"ks":{"o":{"a":0,"k":100,"ix":11},"r":{"a":0,"k":0,"ix":10},"p":{"a":0,"k":[144,256,0],"ix":2},"a":{"a":0,"k":[144,256,0],"ix":1},"s":{"a":0,"k":[100,100,100],"ix":6}},"ao":0,"ip":60,"op":61.6666666666667,"st":60,"bm":0},{"ddd":0,"ind":38,"ty":2,"nm":"daoxiaodao_00037.jpg","cl":"jpg","refId":"image_37","sr":1,"ks":{"o":{"a":0,"k":100,"ix":11},"r":{"a":0,"k":0,"ix":10},"p":{"a":0,"k":[144,256,0],"ix":2},"a":{"a":0,"k":[144,256,0],"ix":1},"s":{"a":0,"k":[100,100,100],"ix":6}},"ao":0,"ip":61.6666666666667,"op":63.3333333333333,"st":61.6666666666667,"bm":0},{"ddd":0,"ind":39,"ty":2,"nm":"daoxiaodao_00038.jpg","cl":"jpg","refId":"image_38","sr":1,"ks":{"o":{"a":0,"k":100,"ix":11},"r":{"a":0,"k":0,"ix":10},"p":{"a":0,"k":[144,256,0],"ix":2},"a":{"a":0,"k":[144,256,0],"ix":1},"s":{"a":0,"k":[100,100,100],"ix":6}},"ao":0,"ip":63.3333333333333,"op":65,"st":63.3333333333333,"bm":0},{"ddd":0,"ind":40,"ty":2,"nm":"daoxiaodao_00039.jpg","cl":"jpg","refId":"image_39","sr":1,"ks":{"o":{"a":0,"k":100,"ix":11},"r":{"a":0,"k":0,"ix":10},"p":{"a":0,"k":[144,256,0],"ix":2},"a":{"a":0,"k":[144,256,0],"ix":1},"s":{"a":0,"k":[100,100,100],"ix":6}},"ao":0,"ip":65,"op":66.6666666666667,"st":65,"bm":0},{"ddd":0,"ind":41,"ty":2,"nm":"daoxiaodao_00040.jpg","cl":"jpg","refId":"image_40","sr":1,"ks":{"o":{"a":0,"k":100,"ix":11},"r":{"a":0,"k":0,"ix":10},"p":{"a":0,"k":[144,256,0],"ix":2},"a":{"a":0,"k":[144,256,0],"ix":1},"s":{"a":0,"k":[100,100,100],"ix":6}},"ao":0,"ip":66.6666666666667,"op":68.3333333333333,"st":66.6666666666667,"bm":0},{"ddd":0,"ind":42,"ty":2,"nm":"daoxiaodao_00041.jpg","cl":"jpg","refId":"image_41","sr":1,"ks":{"o":{"a":0,"k":100,"ix":11},"r":{"a":0,"k":0,"ix":10},"p":{"a":0,"k":[144,256,0],"ix":2},"a":{"a":0,"k":[144,256,0],"ix":1},"s":{"a":0,"k":[100,100,100],"ix":6}},"ao":0,"ip":68.3333333333333,"op":70,"st":68.3333333333333,"bm":0},{"ddd":0,"ind":43,"ty":2,"nm":"daoxiaodao_00042.jpg","cl":"jpg","refId":"image_42","sr":1,"ks":{"o":{"a":0,"k":100,"ix":11},"r":{"a":0,"k":0,"ix":10},"p":{"a":0,"k":[144,256,0],"ix":2},"a":{"a":0,"k":[144,256,0],"ix":1},"s":{"a":0,"k":[100,100,100],"ix":6}},"ao":0,"ip":70,"op":71.6666666666667,"st":70,"bm":0},{"ddd":0,"ind":44,"ty":2,"nm":"daoxiaodao_00043.jpg","cl":"jpg","refId":"image_43","sr":1,"ks":{"o":{"a":0,"k":100,"ix":11},"r":{"a":0,"k":0,"ix":10},"p":{"a":0,"k":[144,256,0],"ix":2},"a":{"a":0,"k":[144,256,0],"ix":1},"s":{"a":0,"k":[100,100,100],"ix":6}},"ao":0,"ip":71.6666666666667,"op":73.3333333333333,"st":71.6666666666667,"bm":0},{"ddd":0,"ind":45,"ty":2,"nm":"daoxiaodao_00044.jpg","cl":"jpg","refId":"image_44","sr":1,"ks":{"o":{"a":0,"k":100,"ix":11},"r":{"a":0,"k":0,"ix":10},"p":{"a":0,"k":[144,256,0],"ix":2},"a":{"a":0,"k":[144,256,0],"ix":1},"s":{"a":0,"k":[100,100,100],"ix":6}},"ao":0,"ip":73.3333333333333,"op":75,"st":73.3333333333333,"bm":0},{"ddd":0,"ind":46,"ty":2,"nm":"daoxiaodao_00045.jpg","cl":"jpg","refId":"image_45","sr":1,"ks":{"o":{"a":0,"k":100,"ix":11},"r":{"a":0,"k":0,"ix":10},"p":{"a":0,"k":[144,256,0],"ix":2},"a":{"a":0,"k":[144,256,0],"ix":1},"s":{"a":0,"k":[100,100,100],"ix":6}},"ao":0,"ip":75,"op":76.6666666666667,"st":75,"bm":0},{"ddd":0,"ind":47,"ty":2,"nm":"daoxiaodao_00046.jpg","cl":"jpg","refId":"image_46","sr":1,"ks":{"o":{"a":0,"k":100,"ix":11},"r":{"a":0,"k":0,"ix":10},"p":{"a":0,"k":[144,256,0],"ix":2},"a":{"a":0,"k":[144,256,0],"ix":1},"s":{"a":0,"k":[100,100,100],"ix":6}},"ao":0,"ip":76.6666666666667,"op":78.3333333333333,"st":76.6666666666667,"bm":0},{"ddd":0,"ind":48,"ty":2,"nm":"daoxiaodao_00047.jpg","cl":"jpg","refId":"image_47","sr":1,"ks":{"o":{"a":0,"k":100,"ix":11},"r":{"a":0,"k":0,"ix":10},"p":{"a":0,"k":[144,256,0],"ix":2},"a":{"a":0,"k":[144,256,0],"ix":1},"s":{"a":0,"k":[100,100,100],"ix":6}},"ao":0,"ip":78.3333333333333,"op":80,"st":78.3333333333333,"bm":0},{"ddd":0,"ind":49,"ty":2,"nm":"daoxiaodao_00048.jpg","cl":"jpg","refId":"image_48","sr":1,"ks":{"o":{"a":0,"k":100,"ix":11},"r":{"a":0,"k":0,"ix":10},"p":{"a":0,"k":[144,256,0],"ix":2},"a":{"a":0,"k":[144,256,0],"ix":1},"s":{"a":0,"k":[100,100,100],"ix":6}},"ao":0,"ip":80,"op":81.6666666666667,"st":80,"bm":0},{"ddd":0,"ind":50,"ty":2,"nm":"daoxiaodao_00049.jpg","cl":"jpg","refId":"image_49","sr":1,"ks":{"o":{"a":0,"k":100,"ix":11},"r":{"a":0,"k":0,"ix":10},"p":{"a":0,"k":[144,256,0],"ix":2},"a":{"a":0,"k":[144,256,0],"ix":1},"s":{"a":0,"k":[100,100,100],"ix":6}},"ao":0,"ip":81.6666666666667,"op":83.3333333333333,"st":81.6666666666667,"bm":0},{"ddd":0,"ind":51,"ty":2,"nm":"daoxiaodao_00050.jpg","cl":"jpg","refId":"image_50","sr":1,"ks":{"o":{"a":0,"k":100,"ix":11},"r":{"a":0,"k":0,"ix":10},"p":{"a":0,"k":[144,256,0],"ix":2},"a":{"a":0,"k":[144,256,0],"ix":1},"s":{"a":0,"k":[100,100,100],"ix":6}},"ao":0,"ip":83.3333333333333,"op":85,"st":83.3333333333333,"bm":0},{"ddd":0,"ind":52,"ty":2,"nm":"daoxiaodao_00051.jpg","cl":"jpg","refId":"image_51","sr":1,"ks":{"o":{"a":0,"k":100,"ix":11},"r":{"a":0,"k":0,"ix":10},"p":{"a":0,"k":[144,256,0],"ix":2},"a":{"a":0,"k":[144,256,0],"ix":1},"s":{"a":0,"k":[100,100,100],"ix":6}},"ao":0,"ip":85,"op":86.6666666666667,"st":85,"bm":0},{"ddd":0,"ind":53,"ty":2,"nm":"daoxiaodao_00052.jpg","cl":"jpg","refId":"image_52","sr":1,"ks":{"o":{"a":0,"k":100,"ix":11},"r":{"a":0,"k":0,"ix":10},"p":{"a":0,"k":[144,256,0],"ix":2},"a":{"a":0,"k":[144,256,0],"ix":1},"s":{"a":0,"k":[100,100,100],"ix":6}},"ao":0,"ip":86.6666666666667,"op":88.3333333333333,"st":86.6666666666667,"bm":0},{"ddd":0,"ind":54,"ty":2,"nm":"daoxiaodao_00053.jpg","cl":"jpg","refId":"image_53","sr":1,"ks":{"o":{"a":0,"k":100,"ix":11},"r":{"a":0,"k":0,"ix":10},"p":{"a":0,"k":[144,256,0],"ix":2},"a":{"a":0,"k":[144,256,0],"ix":1},"s":{"a":0,"k":[100,100,100],"ix":6}},"ao":0,"ip":88.3333333333333,"op":90,"st":88.3333333333333,"bm":0},{"ddd":0,"ind":55,"ty":2,"nm":"daoxiaodao_00054.jpg","cl":"jpg","refId":"image_54","sr":1,"ks":{"o":{"a":0,"k":100,"ix":11},"r":{"a":0,"k":0,"ix":10},"p":{"a":0,"k":[144,256,0],"ix":2},"a":{"a":0,"k":[144,256,0],"ix":1},"s":{"a":0,"k":[100,100,100],"ix":6}},"ao":0,"ip":90,"op":91.6666666666667,"st":90,"bm":0},{"ddd":0,"ind":56,"ty":2,"nm":"daoxiaodao_00055.jpg","cl":"jpg","refId":"image_55","sr":1,"ks":{"o":{"a":0,"k":100,"ix":11},"r":{"a":0,"k":0,"ix":10},"p":{"a":0,"k":[144,256,0],"ix":2},"a":{"a":0,"k":[144,256,0],"ix":1},"s":{"a":0,"k":[100,100,100],"ix":6}},"ao":0,"ip":91.6666666666667,"op":93.3333333333333,"st":91.6666666666667,"bm":0},{"ddd":0,"ind":57,"ty":2,"nm":"daoxiaodao_00056.jpg","cl":"jpg","refId":"image_56","sr":1,"ks":{"o":{"a":0,"k":100,"ix":11},"r":{"a":0,"k":0,"ix":10},"p":{"a":0,"k":[144,256,0],"ix":2},"a":{"a":0,"k":[144,256,0],"ix":1},"s":{"a":0,"k":[100,100,100],"ix":6}},"ao":0,"ip":93.3333333333333,"op":95,"st":93.3333333333333,"bm":0},{"ddd":0,"ind":58,"ty":2,"nm":"daoxiaodao_00057.jpg","cl":"jpg","refId":"image_57","sr":1,"ks":{"o":{"a":0,"k":100,"ix":11},"r":{"a":0,"k":0,"ix":10},"p":{"a":0,"k":[144,256,0],"ix":2},"a":{"a":0,"k":[144,256,0],"ix":1},"s":{"a":0,"k":[100,100,100],"ix":6}},"ao":0,"ip":95,"op":96.6666666666667,"st":95,"bm":0},{"ddd":0,"ind":59,"ty":2,"nm":"daoxiaodao_00058.jpg","cl":"jpg","refId":"image_58","sr":1,"ks":{"o":{"a":0,"k":100,"ix":11},"r":{"a":0,"k":0,"ix":10},"p":{"a":0,"k":[144,256,0],"ix":2},"a":{"a":0,"k":[144,256,0],"ix":1},"s":{"a":0,"k":[100,100,100],"ix":6}},"ao":0,"ip":96.6666666666667,"op":98.3333333333333,"st":96.6666666666667,"bm":0},{"ddd":0,"ind":60,"ty":2,"nm":"daoxiaodao_00059.jpg","cl":"jpg","refId":"image_59","sr":1,"ks":{"o":{"a":0,"k":100,"ix":11},"r":{"a":0,"k":0,"ix":10},"p":{"a":0,"k":[144,256,0],"ix":2},"a":{"a":0,"k":[144,256,0],"ix":1},"s":{"a":0,"k":[100,100,100],"ix":6}},"ao":0,"ip":98.3333333333333,"op":100,"st":98.3333333333333,"bm":0},{"ddd":0,"ind":61,"ty":2,"nm":"daoxiaodao_00060.jpg","cl":"jpg","refId":"image_60","sr":1,"ks":{"o":{"a":0,"k":100,"ix":11},"r":{"a":0,"k":0,"ix":10},"p":{"a":0,"k":[144,256,0],"ix":2},"a":{"a":0,"k":[144,256,0],"ix":1},"s":{"a":0,"k":[100,100,100],"ix":6}},"ao":0,"ip":100,"op":101.666666666667,"st":100,"bm":0},{"ddd":0,"ind":62,"ty":2,"nm":"daoxiaodao_00061.jpg","cl":"jpg","refId":"image_61","sr":1,"ks":{"o":{"a":0,"k":100,"ix":11},"r":{"a":0,"k":0,"ix":10},"p":{"a":0,"k":[144,256,0],"ix":2},"a":{"a":0,"k":[144,256,0],"ix":1},"s":{"a":0,"k":[100,100,100],"ix":6}},"ao":0,"ip":101.666666666667,"op":103.333333333333,"st":101.666666666667,"bm":0},{"ddd":0,"ind":63,"ty":2,"nm":"daoxiaodao_00062.jpg","cl":"jpg","refId":"image_62","sr":1,"ks":{"o":{"a":0,"k":100,"ix":11},"r":{"a":0,"k":0,"ix":10},"p":{"a":0,"k":[144,256,0],"ix":2},"a":{"a":0,"k":[144,256,0],"ix":1},"s":{"a":0,"k":[100,100,100],"ix":6}},"ao":0,"ip":103.333333333333,"op":105,"st":103.333333333333,"bm":0},{"ddd":0,"ind":64,"ty":2,"nm":"daoxiaodao_00063.jpg","cl":"jpg","refId":"image_63","sr":1,"ks":{"o":{"a":0,"k":100,"ix":11},"r":{"a":0,"k":0,"ix":10},"p":{"a":0,"k":[144,256,0],"ix":2},"a":{"a":0,"k":[144,256,0],"ix":1},"s":{"a":0,"k":[100,100,100],"ix":6}},"ao":0,"ip":105,"op":106.666666666667,"st":105,"bm":0},{"ddd":0,"ind":65,"ty":2,"nm":"daoxiaodao_00064.jpg","cl":"jpg","refId":"image_64","sr":1,"ks":{"o":{"a":0,"k":100,"ix":11},"r":{"a":0,"k":0,"ix":10},"p":{"a":0,"k":[144,256,0],"ix":2},"a":{"a":0,"k":[144,256,0],"ix":1},"s":{"a":0,"k":[100,100,100],"ix":6}},"ao":0,"ip":106.666666666667,"op":108.333333333333,"st":106.666666666667,"bm":0},{"ddd":0,"ind":66,"ty":2,"nm":"daoxiaodao_00065.jpg","cl":"jpg","refId":"image_65","sr":1,"ks":{"o":{"a":0,"k":100,"ix":11},"r":{"a":0,"k":0,"ix":10},"p":{"a":0,"k":[144,256,0],"ix":2},"a":{"a":0,"k":[144,256,0],"ix":1},"s":{"a":0,"k":[100,100,100],"ix":6}},"ao":0,"ip":108.333333333333,"op":110,"st":108.333333333333,"bm":0},{"ddd":0,"ind":67,"ty":2,"nm":"daoxiaodao_00066.jpg","cl":"jpg","refId":"image_66","sr":1,"ks":{"o":{"a":0,"k":100,"ix":11},"r":{"a":0,"k":0,"ix":10},"p":{"a":0,"k":[144,256,0],"ix":2},"a":{"a":0,"k":[144,256,0],"ix":1},"s":{"a":0,"k":[100,100,100],"ix":6}},"ao":0,"ip":110,"op":111.666666666667,"st":110,"bm":0},{"ddd":0,"ind":68,"ty":2,"nm":"daoxiaodao_00067.jpg","cl":"jpg","refId":"image_67","sr":1,"ks":{"o":{"a":0,"k":100,"ix":11},"r":{"a":0,"k":0,"ix":10},"p":{"a":0,"k":[144,256,0],"ix":2},"a":{"a":0,"k":[144,256,0],"ix":1},"s":{"a":0,"k":[100,100,100],"ix":6}},"ao":0,"ip":111.666666666667,"op":113.333333333333,"st":111.666666666667,"bm":0},{"ddd":0,"ind":69,"ty":2,"nm":"daoxiaodao_00068.jpg","cl":"jpg","refId":"image_68","sr":1,"ks":{"o":{"a":0,"k":100,"ix":11},"r":{"a":0,"k":0,"ix":10},"p":{"a":0,"k":[144,256,0],"ix":2},"a":{"a":0,"k":[144,256,0],"ix":1},"s":{"a":0,"k":[100,100,100],"ix":6}},"ao":0,"ip":113.333333333333,"op":115,"st":113.333333333333,"bm":0},{"ddd":0,"ind":70,"ty":2,"nm":"daoxiaodao_00069.jpg","cl":"jpg","refId":"image_69","sr":1,"ks":{"o":{"a":0,"k":100,"ix":11},"r":{"a":0,"k":0,"ix":10},"p":{"a":0,"k":[144,256,0],"ix":2},"a":{"a":0,"k":[144,256,0],"ix":1},"s":{"a":0,"k":[100,100,100],"ix":6}},"ao":0,"ip":115,"op":116.666666666667,"st":115,"bm":0},{"ddd":0,"ind":71,"ty":2,"nm":"daoxiaodao_00070.jpg","cl":"jpg","refId":"image_70","sr":1,"ks":{"o":{"a":0,"k":100,"ix":11},"r":{"a":0,"k":0,"ix":10},"p":{"a":0,"k":[144,256,0],"ix":2},"a":{"a":0,"k":[144,256,0],"ix":1},"s":{"a":0,"k":[100,100,100],"ix":6}},"ao":0,"ip":116.666666666667,"op":118.333333333333,"st":116.666666666667,"bm":0},{"ddd":0,"ind":72,"ty":2,"nm":"daoxiaodao_00071.jpg","cl":"jpg","refId":"image_71","sr":1,"ks":{"o":{"a":0,"k":100,"ix":11},"r":{"a":0,"k":0,"ix":10},"p":{"a":0,"k":[144,256,0],"ix":2},"a":{"a":0,"k":[144,256,0],"ix":1},"s":{"a":0,"k":[100,100,100],"ix":6}},"ao":0,"ip":118.333333333333,"op":120,"st":118.333333333333,"bm":0},{"ddd":0,"ind":73,"ty":2,"nm":"daoxiaodao_00072.jpg","cl":"jpg","refId":"image_72","sr":1,"ks":{"o":{"a":0,"k":100,"ix":11},"r":{"a":0,"k":0,"ix":10},"p":{"a":0,"k":[144,256,0],"ix":2},"a":{"a":0,"k":[144,256,0],"ix":1},"s":{"a":0,"k":[100,100,100],"ix":6}},"ao":0,"ip":120,"op":121.666666666667,"st":120,"bm":0},{"ddd":0,"ind":74,"ty":2,"nm":"daoxiaodao_00073.jpg","cl":"jpg","refId":"image_73","sr":1,"ks":{"o":{"a":0,"k":100,"ix":11},"r":{"a":0,"k":0,"ix":10},"p":{"a":0,"k":[144,256,0],"ix":2},"a":{"a":0,"k":[144,256,0],"ix":1},"s":{"a":0,"k":[100,100,100],"ix":6}},"ao":0,"ip":121.666666666667,"op":123.333333333333,"st":121.666666666667,"bm":0},{"ddd":0,"ind":75,"ty":2,"nm":"daoxiaodao_00074.jpg","cl":"jpg","refId":"image_74","sr":1,"ks":{"o":{"a":0,"k":100,"ix":11},"r":{"a":0,"k":0,"ix":10},"p":{"a":0,"k":[144,256,0],"ix":2},"a":{"a":0,"k":[144,256,0],"ix":1},"s":{"a":0,"k":[100,100,100],"ix":6}},"ao":0,"ip":123.333333333333,"op":125,"st":123.333333333333,"bm":0},{"ddd":0,"ind":76,"ty":2,"nm":"daoxiaodao_00075.jpg","cl":"jpg","refId":"image_75","sr":1,"ks":{"o":{"a":0,"k":100,"ix":11},"r":{"a":0,"k":0,"ix":10},"p":{"a":0,"k":[144,256,0],"ix":2},"a":{"a":0,"k":[144,256,0],"ix":1},"s":{"a":0,"k":[100,100,100],"ix":6}},"ao":0,"ip":125,"op":126.666666666667,"st":125,"bm":0},{"ddd":0,"ind":77,"ty":2,"nm":"daoxiaodao_00076.jpg","cl":"jpg","refId":"image_76","sr":1,"ks":{"o":{"a":0,"k":100,"ix":11},"r":{"a":0,"k":0,"ix":10},"p":{"a":0,"k":[144,256,0],"ix":2},"a":{"a":0,"k":[144,256,0],"ix":1},"s":{"a":0,"k":[100,100,100],"ix":6}},"ao":0,"ip":126.666666666667,"op":128.333333333333,"st":126.666666666667,"bm":0},{"ddd":0,"ind":78,"ty":2,"nm":"daoxiaodao_00077.jpg","cl":"jpg","refId":"image_77","sr":1,"ks":{"o":{"a":0,"k":100,"ix":11},"r":{"a":0,"k":0,"ix":10},"p":{"a":0,"k":[144,256,0],"ix":2},"a":{"a":0,"k":[144,256,0],"ix":1},"s":{"a":0,"k":[100,100,100],"ix":6}},"ao":0,"ip":128.333333333333,"op":130,"st":128.333333333333,"bm":0},{"ddd":0,"ind":79,"ty":2,"nm":"daoxiaodao_00078.jpg","cl":"jpg","refId":"image_78","sr":1,"ks":{"o":{"a":0,"k":100,"ix":11},"r":{"a":0,"k":0,"ix":10},"p":{"a":0,"k":[144,256,0],"ix":2},"a":{"a":0,"k":[144,256,0],"ix":1},"s":{"a":0,"k":[100,100,100],"ix":6}},"ao":0,"ip":130,"op":131.666666666667,"st":130,"bm":0},{"ddd":0,"ind":80,"ty":2,"nm":"daoxiaodao_00079.jpg","cl":"jpg","refId":"image_79","sr":1,"ks":{"o":{"a":0,"k":100,"ix":11},"r":{"a":0,"k":0,"ix":10},"p":{"a":0,"k":[144,256,0],"ix":2},"a":{"a":0,"k":[144,256,0],"ix":1},"s":{"a":0,"k":[100,100,100],"ix":6}},"ao":0,"ip":131.666666666667,"op":133.333333333333,"st":131.666666666667,"bm":0},{"ddd":0,"ind":81,"ty":2,"nm":"daoxiaodao_00080.jpg","cl":"jpg","refId":"image_80","sr":1,"ks":{"o":{"a":0,"k":100,"ix":11},"r":{"a":0,"k":0,"ix":10},"p":{"a":0,"k":[144,256,0],"ix":2},"a":{"a":0,"k":[144,256,0],"ix":1},"s":{"a":0,"k":[100,100,100],"ix":6}},"ao":0,"ip":133.333333333333,"op":135,"st":133.333333333333,"bm":0},{"ddd":0,"ind":82,"ty":2,"nm":"daoxiaodao_00081.jpg","cl":"jpg","refId":"image_81","sr":1,"ks":{"o":{"a":0,"k":100,"ix":11},"r":{"a":0,"k":0,"ix":10},"p":{"a":0,"k":[144,256,0],"ix":2},"a":{"a":0,"k":[144,256,0],"ix":1},"s":{"a":0,"k":[100,100,100],"ix":6}},"ao":0,"ip":135,"op":136.666666666667,"st":135,"bm":0},{"ddd":0,"ind":83,"ty":2,"nm":"daoxiaodao_00082.jpg","cl":"jpg","refId":"image_82","sr":1,"ks":{"o":{"a":0,"k":100,"ix":11},"r":{"a":0,"k":0,"ix":10},"p":{"a":0,"k":[144,256,0],"ix":2},"a":{"a":0,"k":[144,256,0],"ix":1},"s":{"a":0,"k":[100,100,100],"ix":6}},"ao":0,"ip":136.666666666667,"op":138.333333333333,"st":136.666666666667,"bm":0},{"ddd":0,"ind":84,"ty":2,"nm":"daoxiaodao_00083.jpg","cl":"jpg","refId":"image_83","sr":1,"ks":{"o":{"a":0,"k":100,"ix":11},"r":{"a":0,"k":0,"ix":10},"p":{"a":0,"k":[144,256,0],"ix":2},"a":{"a":0,"k":[144,256,0],"ix":1},"s":{"a":0,"k":[100,100,100],"ix":6}},"ao":0,"ip":138.333333333333,"op":140,"st":138.333333333333,"bm":0},{"ddd":0,"ind":85,"ty":2,"nm":"daoxiaodao_00084.jpg","cl":"jpg","refId":"image_84","sr":1,"ks":{"o":{"a":0,"k":100,"ix":11},"r":{"a":0,"k":0,"ix":10},"p":{"a":0,"k":[144,256,0],"ix":2},"a":{"a":0,"k":[144,256,0],"ix":1},"s":{"a":0,"k":[100,100,100],"ix":6}},"ao":0,"ip":140,"op":141.666666666667,"st":140,"bm":0},{"ddd":0,"ind":86,"ty":2,"nm":"daoxiaodao_00085.jpg","cl":"jpg","refId":"image_85","sr":1,"ks":{"o":{"a":0,"k":100,"ix":11},"r":{"a":0,"k":0,"ix":10},"p":{"a":0,"k":[144,256,0],"ix":2},"a":{"a":0,"k":[144,256,0],"ix":1},"s":{"a":0,"k":[100,100,100],"ix":6}},"ao":0,"ip":141.666666666667,"op":143.333333333333,"st":141.666666666667,"bm":0},{"ddd":0,"ind":87,"ty":2,"nm":"daoxiaodao_00086.jpg","cl":"jpg","refId":"image_86","sr":1,"ks":{"o":{"a":0,"k":100,"ix":11},"r":{"a":0,"k":0,"ix":10},"p":{"a":0,"k":[144,256,0],"ix":2},"a":{"a":0,"k":[144,256,0],"ix":1},"s":{"a":0,"k":[100,100,100],"ix":6}},"ao":0,"ip":143.333333333333,"op":145,"st":143.333333333333,"bm":0},{"ddd":0,"ind":88,"ty":2,"nm":"daoxiaodao_00087.jpg","cl":"jpg","refId":"image_87","sr":1,"ks":{"o":{"a":0,"k":100,"ix":11},"r":{"a":0,"k":0,"ix":10},"p":{"a":0,"k":[144,256,0],"ix":2},"a":{"a":0,"k":[144,256,0],"ix":1},"s":{"a":0,"k":[100,100,100],"ix":6}},"ao":0,"ip":145,"op":146.666666666667,"st":145,"bm":0},{"ddd":0,"ind":89,"ty":2,"nm":"daoxiaodao_00088.jpg","cl":"jpg","refId":"image_88","sr":1,"ks":{"o":{"a":0,"k":100,"ix":11},"r":{"a":0,"k":0,"ix":10},"p":{"a":0,"k":[144,256,0],"ix":2},"a":{"a":0,"k":[144,256,0],"ix":1},"s":{"a":0,"k":[100,100,100],"ix":6}},"ao":0,"ip":146.666666666667,"op":148.333333333333,"st":146.666666666667,"bm":0},{"ddd":0,"ind":90,"ty":2,"nm":"daoxiaodao_00089.jpg","cl":"jpg","refId":"image_89","sr":1,"ks":{"o":{"a":0,"k":100,"ix":11},"r":{"a":0,"k":0,"ix":10},"p":{"a":0,"k":[144,256,0],"ix":2},"a":{"a":0,"k":[144,256,0],"ix":1},"s":{"a":0,"k":[100,100,100],"ix":6}},"ao":0,"ip":148.333333333333,"op":150,"st":148.333333333333,"bm":0},{"ddd":0,"ind":91,"ty":2,"nm":"daoxiaodao_00090.jpg","cl":"jpg","refId":"image_90","sr":1,"ks":{"o":{"a":0,"k":100,"ix":11},"r":{"a":0,"k":0,"ix":10},"p":{"a":0,"k":[144,256,0],"ix":2},"a":{"a":0,"k":[144,256,0],"ix":1},"s":{"a":0,"k":[100,100,100],"ix":6}},"ao":0,"ip":150,"op":151.666666666667,"st":150,"bm":0},{"ddd":0,"ind":92,"ty":2,"nm":"daoxiaodao_00091.jpg","cl":"jpg","refId":"image_91","sr":1,"ks":{"o":{"a":0,"k":100,"ix":11},"r":{"a":0,"k":0,"ix":10},"p":{"a":0,"k":[144,256,0],"ix":2},"a":{"a":0,"k":[144,256,0],"ix":1},"s":{"a":0,"k":[100,100,100],"ix":6}},"ao":0,"ip":151.666666666667,"op":153.333333333333,"st":151.666666666667,"bm":0},{"ddd":0,"ind":93,"ty":2,"nm":"daoxiaodao_00092.jpg","cl":"jpg","refId":"image_92","sr":1,"ks":{"o":{"a":0,"k":100,"ix":11},"r":{"a":0,"k":0,"ix":10},"p":{"a":0,"k":[144,256,0],"ix":2},"a":{"a":0,"k":[144,256,0],"ix":1},"s":{"a":0,"k":[100,100,100],"ix":6}},"ao":0,"ip":153.333333333333,"op":155,"st":153.333333333333,"bm":0},{"ddd":0,"ind":94,"ty":2,"nm":"daoxiaodao_00093.jpg","cl":"jpg","refId":"image_93","sr":1,"ks":{"o":{"a":0,"k":100,"ix":11},"r":{"a":0,"k":0,"ix":10},"p":{"a":0,"k":[144,256,0],"ix":2},"a":{"a":0,"k":[144,256,0],"ix":1},"s":{"a":0,"k":[100,100,100],"ix":6}},"ao":0,"ip":155,"op":156.666666666667,"st":155,"bm":0},{"ddd":0,"ind":95,"ty":2,"nm":"daoxiaodao_00094.jpg","cl":"jpg","refId":"image_94","sr":1,"ks":{"o":{"a":0,"k":100,"ix":11},"r":{"a":0,"k":0,"ix":10},"p":{"a":0,"k":[144,256,0],"ix":2},"a":{"a":0,"k":[144,256,0],"ix":1},"s":{"a":0,"k":[100,100,100],"ix":6}},"ao":0,"ip":156.666666666667,"op":158.333333333333,"st":156.666666666667,"bm":0},{"ddd":0,"ind":96,"ty":2,"nm":"daoxiaodao_00095.jpg","cl":"jpg","refId":"image_95","sr":1,"ks":{"o":{"a":0,"k":100,"ix":11},"r":{"a":0,"k":0,"ix":10},"p":{"a":0,"k":[144,256,0],"ix":2},"a":{"a":0,"k":[144,256,0],"ix":1},"s":{"a":0,"k":[100,100,100],"ix":6}},"ao":0,"ip":158.333333333333,"op":160,"st":158.333333333333,"bm":0},{"ddd":0,"ind":97,"ty":2,"nm":"daoxiaodao_00096.jpg","cl":"jpg","refId":"image_96","sr":1,"ks":{"o":{"a":0,"k":100,"ix":11},"r":{"a":0,"k":0,"ix":10},"p":{"a":0,"k":[144,256,0],"ix":2},"a":{"a":0,"k":[144,256,0],"ix":1},"s":{"a":0,"k":[100,100,100],"ix":6}},"ao":0,"ip":160,"op":161.666666666667,"st":160,"bm":0},{"ddd":0,"ind":98,"ty":2,"nm":"daoxiaodao_00097.jpg","cl":"jpg","refId":"image_97","sr":1,"ks":{"o":{"a":0,"k":100,"ix":11},"r":{"a":0,"k":0,"ix":10},"p":{"a":0,"k":[144,256,0],"ix":2},"a":{"a":0,"k":[144,256,0],"ix":1},"s":{"a":0,"k":[100,100,100],"ix":6}},"ao":0,"ip":161.666666666667,"op":163.333333333333,"st":161.666666666667,"bm":0},{"ddd":0,"ind":99,"ty":2,"nm":"daoxiaodao_00098.jpg","cl":"jpg","refId":"image_98","sr":1,"ks":{"o":{"a":0,"k":100,"ix":11},"r":{"a":0,"k":0,"ix":10},"p":{"a":0,"k":[144,256,0],"ix":2},"a":{"a":0,"k":[144,256,0],"ix":1},"s":{"a":0,"k":[100,100,100],"ix":6}},"ao":0,"ip":163.333333333333,"op":165,"st":163.333333333333,"bm":0},{"ddd":0,"ind":100,"ty":2,"nm":"daoxiaodao_00099.jpg","cl":"jpg","refId":"image_99","sr":1,"ks":{"o":{"a":0,"k":100,"ix":11},"r":{"a":0,"k":0,"ix":10},"p":{"a":0,"k":[144,256,0],"ix":2},"a":{"a":0,"k":[144,256,0],"ix":1},"s":{"a":0,"k":[100,100,100],"ix":6}},"ao":0,"ip":165,"op":166.666666666667,"st":165,"bm":0},{"ddd":0,"ind":101,"ty":2,"nm":"daoxiaodao_00100.jpg","cl":"jpg","refId":"image_100","sr":1,"ks":{"o":{"a":0,"k":100,"ix":11},"r":{"a":0,"k":0,"ix":10},"p":{"a":0,"k":[144,256,0],"ix":2},"a":{"a":0,"k":[144,256,0],"ix":1},"s":{"a":0,"k":[100,100,100],"ix":6}},"ao":0,"ip":166.666666666667,"op":168.333333333333,"st":166.666666666667,"bm":0},{"ddd":0,"ind":102,"ty":2,"nm":"daoxiaodao_00101.jpg","cl":"jpg","refId":"image_101","sr":1,"ks":{"o":{"a":0,"k":100,"ix":11},"r":{"a":0,"k":0,"ix":10},"p":{"a":0,"k":[144,256,0],"ix":2},"a":{"a":0,"k":[144,256,0],"ix":1},"s":{"a":0,"k":[100,100,100],"ix":6}},"ao":0,"ip":168.333333333333,"op":170,"st":168.333333333333,"bm":0},{"ddd":0,"ind":103,"ty":2,"nm":"daoxiaodao_00102.jpg","cl":"jpg","refId":"image_102","sr":1,"ks":{"o":{"a":0,"k":100,"ix":11},"r":{"a":0,"k":0,"ix":10},"p":{"a":0,"k":[144,256,0],"ix":2},"a":{"a":0,"k":[144,256,0],"ix":1},"s":{"a":0,"k":[100,100,100],"ix":6}},"ao":0,"ip":170,"op":171.666666666667,"st":170,"bm":0},{"ddd":0,"ind":104,"ty":2,"nm":"daoxiaodao_00103.jpg","cl":"jpg","refId":"image_103","sr":1,"ks":{"o":{"a":0,"k":100,"ix":11},"r":{"a":0,"k":0,"ix":10},"p":{"a":0,"k":[144,256,0],"ix":2},"a":{"a":0,"k":[144,256,0],"ix":1},"s":{"a":0,"k":[100,100,100],"ix":6}},"ao":0,"ip":171.666666666667,"op":173.333333333333,"st":171.666666666667,"bm":0},{"ddd":0,"ind":105,"ty":2,"nm":"daoxiaodao_00104.jpg","cl":"jpg","refId":"image_104","sr":1,"ks":{"o":{"a":0,"k":100,"ix":11},"r":{"a":0,"k":0,"ix":10},"p":{"a":0,"k":[144,256,0],"ix":2},"a":{"a":0,"k":[144,256,0],"ix":1},"s":{"a":0,"k":[100,100,100],"ix":6}},"ao":0,"ip":173.333333333333,"op":175,"st":173.333333333333,"bm":0},{"ddd":0,"ind":106,"ty":2,"nm":"daoxiaodao_00105.jpg","cl":"jpg","refId":"image_105","sr":1,"ks":{"o":{"a":0,"k":100,"ix":11},"r":{"a":0,"k":0,"ix":10},"p":{"a":0,"k":[144,256,0],"ix":2},"a":{"a":0,"k":[144,256,0],"ix":1},"s":{"a":0,"k":[100,100,100],"ix":6}},"ao":0,"ip":175,"op":176.666666666667,"st":175,"bm":0},{"ddd":0,"ind":107,"ty":2,"nm":"daoxiaodao_00106.jpg","cl":"jpg","refId":"image_106","sr":1,"ks":{"o":{"a":0,"k":100,"ix":11},"r":{"a":0,"k":0,"ix":10},"p":{"a":0,"k":[144,256,0],"ix":2},"a":{"a":0,"k":[144,256,0],"ix":1},"s":{"a":0,"k":[100,100,100],"ix":6}},"ao":0,"ip":176.666666666667,"op":178.333333333333,"st":176.666666666667,"bm":0},{"ddd":0,"ind":108,"ty":2,"nm":"daoxiaodao_00107.jpg","cl":"jpg","refId":"image_107","sr":1,"ks":{"o":{"a":0,"k":100,"ix":11},"r":{"a":0,"k":0,"ix":10},"p":{"a":0,"k":[144,256,0],"ix":2},"a":{"a":0,"k":[144,256,0],"ix":1},"s":{"a":0,"k":[100,100,100],"ix":6}},"ao":0,"ip":178.333333333333,"op":180,"st":178.333333333333,"bm":0},{"ddd":0,"ind":109,"ty":2,"nm":"daoxiaodao_00108.jpg","cl":"jpg","refId":"image_108","sr":1,"ks":{"o":{"a":0,"k":100,"ix":11},"r":{"a":0,"k":0,"ix":10},"p":{"a":0,"k":[144,256,0],"ix":2},"a":{"a":0,"k":[144,256,0],"ix":1},"s":{"a":0,"k":[100,100,100],"ix":6}},"ao":0,"ip":180,"op":181.666666666667,"st":180,"bm":0},{"ddd":0,"ind":110,"ty":2,"nm":"daoxiaodao_00109.jpg","cl":"jpg","refId":"image_109","sr":1,"ks":{"o":{"a":0,"k":100,"ix":11},"r":{"a":0,"k":0,"ix":10},"p":{"a":0,"k":[144,256,0],"ix":2},"a":{"a":0,"k":[144,256,0],"ix":1},"s":{"a":0,"k":[100,100,100],"ix":6}},"ao":0,"ip":181.666666666667,"op":183.333333333333,"st":181.666666666667,"bm":0},{"ddd":0,"ind":111,"ty":2,"nm":"daoxiaodao_00110.jpg","cl":"jpg","refId":"image_110","sr":1,"ks":{"o":{"a":0,"k":100,"ix":11},"r":{"a":0,"k":0,"ix":10},"p":{"a":0,"k":[144,256,0],"ix":2},"a":{"a":0,"k":[144,256,0],"ix":1},"s":{"a":0,"k":[100,100,100],"ix":6}},"ao":0,"ip":183.333333333333,"op":185,"st":183.333333333333,"bm":0},{"ddd":0,"ind":112,"ty":2,"nm":"daoxiaodao_00111.jpg","cl":"jpg","refId":"image_111","sr":1,"ks":{"o":{"a":0,"k":100,"ix":11},"r":{"a":0,"k":0,"ix":10},"p":{"a":0,"k":[144,256,0],"ix":2},"a":{"a":0,"k":[144,256,0],"ix":1},"s":{"a":0,"k":[100,100,100],"ix":6}},"ao":0,"ip":185,"op":186.666666666667,"st":185,"bm":0},{"ddd":0,"ind":113,"ty":2,"nm":"daoxiaodao_00112.jpg","cl":"jpg","refId":"image_112","sr":1,"ks":{"o":{"a":0,"k":100,"ix":11},"r":{"a":0,"k":0,"ix":10},"p":{"a":0,"k":[144,256,0],"ix":2},"a":{"a":0,"k":[144,256,0],"ix":1},"s":{"a":0,"k":[100,100,100],"ix":6}},"ao":0,"ip":186.666666666667,"op":188.333333333333,"st":186.666666666667,"bm":0},{"ddd":0,"ind":114,"ty":2,"nm":"daoxiaodao_00113.jpg","cl":"jpg","refId":"image_113","sr":1,"ks":{"o":{"a":0,"k":100,"ix":11},"r":{"a":0,"k":0,"ix":10},"p":{"a":0,"k":[144,256,0],"ix":2},"a":{"a":0,"k":[144,256,0],"ix":1},"s":{"a":0,"k":[100,100,100],"ix":6}},"ao":0,"ip":188.333333333333,"op":190,"st":188.333333333333,"bm":0},{"ddd":0,"ind":115,"ty":2,"nm":"daoxiaodao_00114.jpg","cl":"jpg","refId":"image_114","sr":1,"ks":{"o":{"a":0,"k":100,"ix":11},"r":{"a":0,"k":0,"ix":10},"p":{"a":0,"k":[144,256,0],"ix":2},"a":{"a":0,"k":[144,256,0],"ix":1},"s":{"a":0,"k":[100,100,100],"ix":6}},"ao":0,"ip":190,"op":191.666666666667,"st":190,"bm":0},{"ddd":0,"ind":116,"ty":2,"nm":"daoxiaodao_00115.jpg","cl":"jpg","refId":"image_115","sr":1,"ks":{"o":{"a":0,"k":100,"ix":11},"r":{"a":0,"k":0,"ix":10},"p":{"a":0,"k":[144,256,0],"ix":2},"a":{"a":0,"k":[144,256,0],"ix":1},"s":{"a":0,"k":[100,100,100],"ix":6}},"ao":0,"ip":191.666666666667,"op":193.333333333333,"st":191.666666666667,"bm":0},{"ddd":0,"ind":117,"ty":2,"nm":"daoxiaodao_00116.jpg","cl":"jpg","refId":"image_116","sr":1,"ks":{"o":{"a":0,"k":100,"ix":11},"r":{"a":0,"k":0,"ix":10},"p":{"a":0,"k":[144,256,0],"ix":2},"a":{"a":0,"k":[144,256,0],"ix":1},"s":{"a":0,"k":[100,100,100],"ix":6}},"ao":0,"ip":193.333333333333,"op":195,"st":193.333333333333,"bm":0},{"ddd":0,"ind":118,"ty":2,"nm":"daoxiaodao_00117.jpg","cl":"jpg","refId":"image_117","sr":1,"ks":{"o":{"a":0,"k":100,"ix":11},"r":{"a":0,"k":0,"ix":10},"p":{"a":0,"k":[144,256,0],"ix":2},"a":{"a":0,"k":[144,256,0],"ix":1},"s":{"a":0,"k":[100,100,100],"ix":6}},"ao":0,"ip":195,"op":196.666666666667,"st":195,"bm":0},{"ddd":0,"ind":119,"ty":2,"nm":"daoxiaodao_00118.jpg","cl":"jpg","refId":"image_118","sr":1,"ks":{"o":{"a":0,"k":100,"ix":11},"r":{"a":0,"k":0,"ix":10},"p":{"a":0,"k":[144,256,0],"ix":2},"a":{"a":0,"k":[144,256,0],"ix":1},"s":{"a":0,"k":[100,100,100],"ix":6}},"ao":0,"ip":196.666666666667,"op":198.333333333333,"st":196.666666666667,"bm":0},{"ddd":0,"ind":120,"ty":2,"nm":"daoxiaodao_00119.jpg","cl":"jpg","refId":"image_119","sr":1,"ks":{"o":{"a":0,"k":100,"ix":11},"r":{"a":0,"k":0,"ix":10},"p":{"a":0,"k":[144,256,0],"ix":2},"a":{"a":0,"k":[144,256,0],"ix":1},"s":{"a":0,"k":[100,100,100],"ix":6}},"ao":0,"ip":198.333333333333,"op":200,"st":198.333333333333,"bm":0},{"ddd":0,"ind":121,"ty":2,"nm":"daoxiaodao_00120.jpg","cl":"jpg","refId":"image_120","sr":1,"ks":{"o":{"a":0,"k":100,"ix":11},"r":{"a":0,"k":0,"ix":10},"p":{"a":0,"k":[144,256,0],"ix":2},"a":{"a":0,"k":[144,256,0],"ix":1},"s":{"a":0,"k":[100,100,100],"ix":6}},"ao":0,"ip":200,"op":201.666666666667,"st":200,"bm":0},{"ddd":0,"ind":122,"ty":2,"nm":"daoxiaodao_00121.jpg","cl":"jpg","refId":"image_121","sr":1,"ks":{"o":{"a":0,"k":100,"ix":11},"r":{"a":0,"k":0,"ix":10},"p":{"a":0,"k":[144,256,0],"ix":2},"a":{"a":0,"k":[144,256,0],"ix":1},"s":{"a":0,"k":[100,100,100],"ix":6}},"ao":0,"ip":201.666666666667,"op":203.333333333333,"st":201.666666666667,"bm":0},{"ddd":0,"ind":123,"ty":2,"nm":"daoxiaodao_00122.jpg","cl":"jpg","refId":"image_122","sr":1,"ks":{"o":{"a":0,"k":100,"ix":11},"r":{"a":0,"k":0,"ix":10},"p":{"a":0,"k":[144,256,0],"ix":2},"a":{"a":0,"k":[144,256,0],"ix":1},"s":{"a":0,"k":[100,100,100],"ix":6}},"ao":0,"ip":203.333333333333,"op":205,"st":203.333333333333,"bm":0},{"ddd":0,"ind":124,"ty":2,"nm":"daoxiaodao_00123.jpg","cl":"jpg","refId":"image_123","sr":1,"ks":{"o":{"a":0,"k":100,"ix":11},"r":{"a":0,"k":0,"ix":10},"p":{"a":0,"k":[144,256,0],"ix":2},"a":{"a":0,"k":[144,256,0],"ix":1},"s":{"a":0,"k":[100,100,100],"ix":6}},"ao":0,"ip":205,"op":206.666666666667,"st":205,"bm":0},{"ddd":0,"ind":125,"ty":2,"nm":"daoxiaodao_00124.jpg","cl":"jpg","refId":"image_124","sr":1,"ks":{"o":{"a":0,"k":100,"ix":11},"r":{"a":0,"k":0,"ix":10},"p":{"a":0,"k":[144,256,0],"ix":2},"a":{"a":0,"k":[144,256,0],"ix":1},"s":{"a":0,"k":[100,100,100],"ix":6}},"ao":0,"ip":206.666666666667,"op":208.333333333333,"st":206.666666666667,"bm":0},{"ddd":0,"ind":126,"ty":2,"nm":"daoxiaodao_00125.jpg","cl":"jpg","refId":"image_125","sr":1,"ks":{"o":{"a":0,"k":100,"ix":11},"r":{"a":0,"k":0,"ix":10},"p":{"a":0,"k":[144,256,0],"ix":2},"a":{"a":0,"k":[144,256,0],"ix":1},"s":{"a":0,"k":[100,100,100],"ix":6}},"ao":0,"ip":208.333333333333,"op":210,"st":208.333333333333,"bm":0},{"ddd":0,"ind":127,"ty":2,"nm":"daoxiaodao_00126.jpg","cl":"jpg","refId":"image_126","sr":1,"ks":{"o":{"a":0,"k":100,"ix":11},"r":{"a":0,"k":0,"ix":10},"p":{"a":0,"k":[144,256,0],"ix":2},"a":{"a":0,"k":[144,256,0],"ix":1},"s":{"a":0,"k":[100,100,100],"ix":6}},"ao":0,"ip":210,"op":211.666666666667,"st":210,"bm":0},{"ddd":0,"ind":128,"ty":2,"nm":"daoxiaodao_00127.jpg","cl":"jpg","refId":"image_127","sr":1,"ks":{"o":{"a":0,"k":100,"ix":11},"r":{"a":0,"k":0,"ix":10},"p":{"a":0,"k":[144,256,0],"ix":2},"a":{"a":0,"k":[144,256,0],"ix":1},"s":{"a":0,"k":[100,100,100],"ix":6}},"ao":0,"ip":211.666666666667,"op":213.333333333333,"st":211.666666666667,"bm":0},{"ddd":0,"ind":129,"ty":2,"nm":"daoxiaodao_00128.jpg","cl":"jpg","refId":"image_128","sr":1,"ks":{"o":{"a":0,"k":100,"ix":11},"r":{"a":0,"k":0,"ix":10},"p":{"a":0,"k":[144,256,0],"ix":2},"a":{"a":0,"k":[144,256,0],"ix":1},"s":{"a":0,"k":[100,100,100],"ix":6}},"ao":0,"ip":213.333333333333,"op":215,"st":213.333333333333,"bm":0},{"ddd":0,"ind":130,"ty":2,"nm":"daoxiaodao_00129.jpg","cl":"jpg","refId":"image_129","sr":1,"ks":{"o":{"a":0,"k":100,"ix":11},"r":{"a":0,"k":0,"ix":10},"p":{"a":0,"k":[144,256,0],"ix":2},"a":{"a":0,"k":[144,256,0],"ix":1},"s":{"a":0,"k":[100,100,100],"ix":6}},"ao":0,"ip":215,"op":216.666666666667,"st":215,"bm":0},{"ddd":0,"ind":131,"ty":2,"nm":"daoxiaodao_00130.jpg","cl":"jpg","refId":"image_130","sr":1,"ks":{"o":{"a":0,"k":100,"ix":11},"r":{"a":0,"k":0,"ix":10},"p":{"a":0,"k":[144,256,0],"ix":2},"a":{"a":0,"k":[144,256,0],"ix":1},"s":{"a":0,"k":[100,100,100],"ix":6}},"ao":0,"ip":216.666666666667,"op":218.333333333333,"st":216.666666666667,"bm":0},{"ddd":0,"ind":132,"ty":2,"nm":"daoxiaodao_00131.jpg","cl":"jpg","refId":"image_131","sr":1,"ks":{"o":{"a":0,"k":100,"ix":11},"r":{"a":0,"k":0,"ix":10},"p":{"a":0,"k":[144,256,0],"ix":2},"a":{"a":0,"k":[144,256,0],"ix":1},"s":{"a":0,"k":[100,100,100],"ix":6}},"ao":0,"ip":218.333333333333,"op":220,"st":218.333333333333,"bm":0},{"ddd":0,"ind":133,"ty":2,"nm":"daoxiaodao_00132.jpg","cl":"jpg","refId":"image_132","sr":1,"ks":{"o":{"a":0,"k":100,"ix":11},"r":{"a":0,"k":0,"ix":10},"p":{"a":0,"k":[144,256,0],"ix":2},"a":{"a":0,"k":[144,256,0],"ix":1},"s":{"a":0,"k":[100,100,100],"ix":6}},"ao":0,"ip":220,"op":221.666666666667,"st":220,"bm":0},{"ddd":0,"ind":134,"ty":2,"nm":"daoxiaodao_00133.jpg","cl":"jpg","refId":"image_133","sr":1,"ks":{"o":{"a":0,"k":100,"ix":11},"r":{"a":0,"k":0,"ix":10},"p":{"a":0,"k":[144,256,0],"ix":2},"a":{"a":0,"k":[144,256,0],"ix":1},"s":{"a":0,"k":[100,100,100],"ix":6}},"ao":0,"ip":221.666666666667,"op":223.333333333333,"st":221.666666666667,"bm":0},{"ddd":0,"ind":135,"ty":2,"nm":"daoxiaodao_00134.jpg","cl":"jpg","refId":"image_134","sr":1,"ks":{"o":{"a":0,"k":100,"ix":11},"r":{"a":0,"k":0,"ix":10},"p":{"a":0,"k":[144,256,0],"ix":2},"a":{"a":0,"k":[144,256,0],"ix":1},"s":{"a":0,"k":[100,100,100],"ix":6}},"ao":0,"ip":223.333333333333,"op":225,"st":223.333333333333,"bm":0},{"ddd":0,"ind":136,"ty":2,"nm":"daoxiaodao_00135.jpg","cl":"jpg","refId":"image_135","sr":1,"ks":{"o":{"a":0,"k":100,"ix":11},"r":{"a":0,"k":0,"ix":10},"p":{"a":0,"k":[144,256,0],"ix":2},"a":{"a":0,"k":[144,256,0],"ix":1},"s":{"a":0,"k":[100,100,100],"ix":6}},"ao":0,"ip":225,"op":226.666666666667,"st":225,"bm":0},{"ddd":0,"ind":137,"ty":2,"nm":"daoxiaodao_00136.jpg","cl":"jpg","refId":"image_136","sr":1,"ks":{"o":{"a":0,"k":100,"ix":11},"r":{"a":0,"k":0,"ix":10},"p":{"a":0,"k":[144,256,0],"ix":2},"a":{"a":0,"k":[144,256,0],"ix":1},"s":{"a":0,"k":[100,100,100],"ix":6}},"ao":0,"ip":226.666666666667,"op":228.333333333333,"st":226.666666666667,"bm":0},{"ddd":0,"ind":138,"ty":2,"nm":"daoxiaodao_00137.jpg","cl":"jpg","refId":"image_137","sr":1,"ks":{"o":{"a":0,"k":100,"ix":11},"r":{"a":0,"k":0,"ix":10},"p":{"a":0,"k":[144,256,0],"ix":2},"a":{"a":0,"k":[144,256,0],"ix":1},"s":{"a":0,"k":[100,100,100],"ix":6}},"ao":0,"ip":228.333333333333,"op":230,"st":228.333333333333,"bm":0},{"ddd":0,"ind":139,"ty":2,"nm":"daoxiaodao_00138.jpg","cl":"jpg","refId":"image_138","sr":1,"ks":{"o":{"a":0,"k":100,"ix":11},"r":{"a":0,"k":0,"ix":10},"p":{"a":0,"k":[144,256,0],"ix":2},"a":{"a":0,"k":[144,256,0],"ix":1},"s":{"a":0,"k":[100,100,100],"ix":6}},"ao":0,"ip":230,"op":231.666666666667,"st":230,"bm":0},{"ddd":0,"ind":140,"ty":2,"nm":"daoxiaodao_00139.jpg","cl":"jpg","refId":"image_139","sr":1,"ks":{"o":{"a":0,"k":100,"ix":11},"r":{"a":0,"k":0,"ix":10},"p":{"a":0,"k":[144,256,0],"ix":2},"a":{"a":0,"k":[144,256,0],"ix":1},"s":{"a":0,"k":[100,100,100],"ix":6}},"ao":0,"ip":231.666666666667,"op":233.333333333333,"st":231.666666666667,"bm":0},{"ddd":0,"ind":141,"ty":2,"nm":"daoxiaodao_00140.jpg","cl":"jpg","refId":"image_140","sr":1,"ks":{"o":{"a":0,"k":100,"ix":11},"r":{"a":0,"k":0,"ix":10},"p":{"a":0,"k":[144,256,0],"ix":2},"a":{"a":0,"k":[144,256,0],"ix":1},"s":{"a":0,"k":[100,100,100],"ix":6}},"ao":0,"ip":233.333333333333,"op":235,"st":233.333333333333,"bm":0},{"ddd":0,"ind":142,"ty":2,"nm":"daoxiaodao_00141.jpg","cl":"jpg","refId":"image_141","sr":1,"ks":{"o":{"a":0,"k":100,"ix":11},"r":{"a":0,"k":0,"ix":10},"p":{"a":0,"k":[144,256,0],"ix":2},"a":{"a":0,"k":[144,256,0],"ix":1},"s":{"a":0,"k":[100,100,100],"ix":6}},"ao":0,"ip":235,"op":236.666666666667,"st":235,"bm":0},{"ddd":0,"ind":143,"ty":2,"nm":"daoxiaodao_00142.jpg","cl":"jpg","refId":"image_142","sr":1,"ks":{"o":{"a":0,"k":100,"ix":11},"r":{"a":0,"k":0,"ix":10},"p":{"a":0,"k":[144,256,0],"ix":2},"a":{"a":0,"k":[144,256,0],"ix":1},"s":{"a":0,"k":[100,100,100],"ix":6}},"ao":0,"ip":236.666666666667,"op":238.333333333333,"st":236.666666666667,"bm":0},{"ddd":0,"ind":144,"ty":2,"nm":"daoxiaodao_00143.jpg","cl":"jpg","refId":"image_143","sr":1,"ks":{"o":{"a":0,"k":100,"ix":11},"r":{"a":0,"k":0,"ix":10},"p":{"a":0,"k":[144,256,0],"ix":2},"a":{"a":0,"k":[144,256,0],"ix":1},"s":{"a":0,"k":[100,100,100],"ix":6}},"ao":0,"ip":238.333333333333,"op":240,"st":238.333333333333,"bm":0},{"ddd":0,"ind":145,"ty":2,"nm":"daoxiaodao_00144.jpg","cl":"jpg","refId":"image_144","sr":1,"ks":{"o":{"a":0,"k":100,"ix":11},"r":{"a":0,"k":0,"ix":10},"p":{"a":0,"k":[144,256,0],"ix":2},"a":{"a":0,"k":[144,256,0],"ix":1},"s":{"a":0,"k":[100,100,100],"ix":6}},"ao":0,"ip":240,"op":241.666666666667,"st":240,"bm":0},{"ddd":0,"ind":146,"ty":2,"nm":"daoxiaodao_00145.jpg","cl":"jpg","refId":"image_145","sr":1,"ks":{"o":{"a":0,"k":100,"ix":11},"r":{"a":0,"k":0,"ix":10},"p":{"a":0,"k":[144,256,0],"ix":2},"a":{"a":0,"k":[144,256,0],"ix":1},"s":{"a":0,"k":[100,100,100],"ix":6}},"ao":0,"ip":241.666666666667,"op":243.333333333333,"st":241.666666666667,"bm":0},{"ddd":0,"ind":147,"ty":2,"nm":"daoxiaodao_00146.jpg","cl":"jpg","refId":"image_146","sr":1,"ks":{"o":{"a":0,"k":100,"ix":11},"r":{"a":0,"k":0,"ix":10},"p":{"a":0,"k":[144,256,0],"ix":2},"a":{"a":0,"k":[144,256,0],"ix":1},"s":{"a":0,"k":[100,100,100],"ix":6}},"ao":0,"ip":243.333333333333,"op":245,"st":243.333333333333,"bm":0},{"ddd":0,"ind":148,"ty":2,"nm":"daoxiaodao_00147.jpg","cl":"jpg","refId":"image_147","sr":1,"ks":{"o":{"a":0,"k":100,"ix":11},"r":{"a":0,"k":0,"ix":10},"p":{"a":0,"k":[144,256,0],"ix":2},"a":{"a":0,"k":[144,256,0],"ix":1},"s":{"a":0,"k":[100,100,100],"ix":6}},"ao":0,"ip":245,"op":246.666666666667,"st":245,"bm":0},{"ddd":0,"ind":149,"ty":2,"nm":"daoxiaodao_00148.jpg","cl":"jpg","refId":"image_148","sr":1,"ks":{"o":{"a":0,"k":100,"ix":11},"r":{"a":0,"k":0,"ix":10},"p":{"a":0,"k":[144,256,0],"ix":2},"a":{"a":0,"k":[144,256,0],"ix":1},"s":{"a":0,"k":[100,100,100],"ix":6}},"ao":0,"ip":246.666666666667,"op":248.333333333333,"st":246.666666666667,"bm":0},{"ddd":0,"ind":150,"ty":2,"nm":"daoxiaodao_00149.jpg","cl":"jpg","refId":"image_149","sr":1,"ks":{"o":{"a":0,"k":100,"ix":11},"r":{"a":0,"k":0,"ix":10},"p":{"a":0,"k":[144,256,0],"ix":2},"a":{"a":0,"k":[144,256,0],"ix":1},"s":{"a":0,"k":[100,100,100],"ix":6}},"ao":0,"ip":248.333333333333,"op":250,"st":248.333333333333,"bm":0},{"ddd":0,"ind":151,"ty":2,"nm":"daoxiaodao_00150.jpg","cl":"jpg","refId":"image_150","sr":1,"ks":{"o":{"a":0,"k":100,"ix":11},"r":{"a":0,"k":0,"ix":10},"p":{"a":0,"k":[144,256,0],"ix":2},"a":{"a":0,"k":[144,256,0],"ix":1},"s":{"a":0,"k":[100,100,100],"ix":6}},"ao":0,"ip":250,"op":251.666666666667,"st":250,"bm":0},{"ddd":0,"ind":152,"ty":2,"nm":"daoxiaodao_00151.jpg","cl":"jpg","refId":"image_151","sr":1,"ks":{"o":{"a":0,"k":100,"ix":11},"r":{"a":0,"k":0,"ix":10},"p":{"a":0,"k":[144,256,0],"ix":2},"a":{"a":0,"k":[144,256,0],"ix":1},"s":{"a":0,"k":[100,100,100],"ix":6}},"ao":0,"ip":251.666666666667,"op":253.333333333333,"st":251.666666666667,"bm":0},{"ddd":0,"ind":153,"ty":2,"nm":"daoxiaodao_00152.jpg","cl":"jpg","refId":"image_152","sr":1,"ks":{"o":{"a":0,"k":100,"ix":11},"r":{"a":0,"k":0,"ix":10},"p":{"a":0,"k":[144,256,0],"ix":2},"a":{"a":0,"k":[144,256,0],"ix":1},"s":{"a":0,"k":[100,100,100],"ix":6}},"ao":0,"ip":253.333333333333,"op":255,"st":253.333333333333,"bm":0},{"ddd":0,"ind":154,"ty":2,"nm":"daoxiaodao_00153.jpg","cl":"jpg","refId":"image_153","sr":1,"ks":{"o":{"a":0,"k":100,"ix":11},"r":{"a":0,"k":0,"ix":10},"p":{"a":0,"k":[144,256,0],"ix":2},"a":{"a":0,"k":[144,256,0],"ix":1},"s":{"a":0,"k":[100,100,100],"ix":6}},"ao":0,"ip":255,"op":256.666666666667,"st":255,"bm":0},{"ddd":0,"ind":155,"ty":2,"nm":"daoxiaodao_00154.jpg","cl":"jpg","refId":"image_154","sr":1,"ks":{"o":{"a":0,"k":100,"ix":11},"r":{"a":0,"k":0,"ix":10},"p":{"a":0,"k":[144,256,0],"ix":2},"a":{"a":0,"k":[144,256,0],"ix":1},"s":{"a":0,"k":[100,100,100],"ix":6}},"ao":0,"ip":256.666666666667,"op":258.333333333333,"st":256.666666666667,"bm":0},{"ddd":0,"ind":156,"ty":2,"nm":"daoxiaodao_00155.jpg","cl":"jpg","refId":"image_155","sr":1,"ks":{"o":{"a":0,"k":100,"ix":11},"r":{"a":0,"k":0,"ix":10},"p":{"a":0,"k":[144,256,0],"ix":2},"a":{"a":0,"k":[144,256,0],"ix":1},"s":{"a":0,"k":[100,100,100],"ix":6}},"ao":0,"ip":258.333333333333,"op":260,"st":258.333333333333,"bm":0}],"markers":[]}