{"v":"5.6.10","fr":60,"ip":0,"op":3240,"w":1080,"h":1920,"nm":"最终-轮播","ddd":0,"assets":[{"id":"image_0","w":400,"h":650,"u":"images/","p":"img_0.png","e":0},{"id":"image_1","w":400,"h":650,"u":"images/","p":"img_1.png","e":0},{"id":"image_2","w":400,"h":650,"u":"images/","p":"img_2.png","e":0},{"id":"image_3","w":400,"h":650,"u":"images/","p":"img_3.png","e":0},{"id":"image_4","w":400,"h":650,"u":"images/","p":"img_4.png","e":0},{"id":"image_5","w":400,"h":650,"u":"images/","p":"img_5.png","e":0},{"id":"image_6","w":400,"h":650,"u":"images/","p":"img_6.png","e":0},{"id":"image_7","w":400,"h":650,"u":"images/","p":"img_7.png","e":0},{"id":"image_8","w":400,"h":650,"u":"images/","p":"img_8.png","e":0},{"id":"image_9","w":400,"h":650,"u":"images/","p":"img_9.png","e":0},{"id":"image_10","w":400,"h":650,"u":"images/","p":"img_10.png","e":0},{"id":"image_11","w":400,"h":650,"u":"images/","p":"img_11.png","e":0},{"id":"image_12","w":400,"h":650,"u":"images/","p":"img_12.png","e":0},{"id":"image_13","w":400,"h":650,"u":"images/","p":"img_13.png","e":0},{"id":"image_14","w":400,"h":650,"u":"images/","p":"img_14.png","e":0},{"id":"image_15","w":400,"h":650,"u":"images/","p":"img_15.png","e":0},{"id":"image_16","w":400,"h":650,"u":"images/","p":"img_16.png","e":0},{"id":"image_17","w":400,"h":650,"u":"images/","p":"img_17.png","e":0},{"id":"image_18","w":400,"h":650,"u":"images/","p":"img_18.png","e":0},{"id":"image_19","w":400,"h":650,"u":"images/","p":"img_19.png","e":0},{"id":"image_20","w":400,"h":650,"u":"images/","p":"img_20.png","e":0},{"id":"image_21","w":400,"h":650,"u":"images/","p":"img_21.png","e":0},{"id":"image_22","w":400,"h":650,"u":"images/","p":"img_22.png","e":0},{"id":"image_23","w":400,"h":650,"u":"images/","p":"img_23.png","e":0},{"id":"image_24","w":400,"h":650,"u":"images/","p":"img_24.png","e":0},{"id":"image_25","w":400,"h":650,"u":"images/","p":"img_25.png","e":0},{"id":"image_26","w":400,"h":650,"u":"images/","p":"img_26.png","e":0},{"id":"image_27","w":400,"h":650,"u":"images/","p":"img_27.png","e":0},{"id":"image_28","w":400,"h":650,"u":"images/","p":"img_28.png","e":0},{"id":"image_29","w":400,"h":650,"u":"images/","p":"img_29.png","e":0},{"id":"image_30","w":400,"h":650,"u":"images/","p":"img_30.png","e":0},{"id":"image_31","w":400,"h":650,"u":"images/","p":"img_31.png","e":0},{"id":"image_32","w":400,"h":650,"u":"images/","p":"img_32.png","e":0},{"id":"image_33","w":400,"h":650,"u":"images/","p":"img_33.png","e":0},{"id":"image_34","w":400,"h":650,"u":"images/","p":"img_34.png","e":0},{"id":"image_35","w":400,"h":650,"u":"images/","p":"img_35.png","e":0},{"id":"comp_0","layers":[{"ddd":0,"ind":1,"ty":0,"nm":"3","refId":"comp_1","sr":1,"ks":{"o":{"a":1,"k":[{"i":{"x":[0.667],"y":[1]},"o":{"x":[0.333],"y":[0]},"t":0,"s":[0]},{"t":30,"s":[75],"h":1},{"i":{"x":[0.667],"y":[1]},"o":{"x":[0.333],"y":[0]},"t":90,"s":[75]},{"t":120,"s":[100],"h":1},{"i":{"x":[0.667],"y":[1]},"o":{"x":[0.333],"y":[0]},"t":180,"s":[100]},{"t":210,"s":[75],"h":1},{"i":{"x":[0.667],"y":[1]},"o":{"x":[0.333],"y":[0]},"t":270,"s":[75]},{"t":300,"s":[0],"h":1}],"ix":11},"r":{"a":0,"k":0,"ix":10},"p":{"s":true,"x":{"a":1,"k":[{"i":{"x":[0],"y":[1]},"o":{"x":[0.333],"y":[0]},"t":0,"s":[1209]},{"i":{"x":[0.667],"y":[1]},"o":{"x":[0.333],"y":[0]},"t":30,"s":[870]},{"i":{"x":[0],"y":[1]},"o":{"x":[0.333],"y":[0]},"t":90,"s":[870]},{"i":{"x":[0.667],"y":[1]},"o":{"x":[0.333],"y":[0]},"t":120,"s":[540]},{"i":{"x":[0.005],"y":[1]},"o":{"x":[0.333],"y":[0]},"t":180,"s":[540]},{"i":{"x":[0.667],"y":[1]},"o":{"x":[0.333],"y":[0]},"t":210,"s":[210]},{"i":{"x":[0],"y":[1.125]},"o":{"x":[0.333],"y":[0]},"t":270,"s":[210]},{"t":300,"s":[-125],"h":1}],"ix":3},"y":{"a":1,"k":[{"i":{"x":[0.667],"y":[1]},"o":{"x":[0.333],"y":[0]},"t":0,"s":[325]},{"i":{"x":[0.667],"y":[1]},"o":{"x":[0.333],"y":[0]},"t":30,"s":[325]},{"i":{"x":[0.667],"y":[1]},"o":{"x":[0.333],"y":[0]},"t":90,"s":[325]},{"i":{"x":[0.667],"y":[1]},"o":{"x":[0.333],"y":[0]},"t":120,"s":[325]},{"i":{"x":[0.667],"y":[1]},"o":{"x":[0.333],"y":[0]},"t":180,"s":[325]},{"i":{"x":[0.667],"y":[1]},"o":{"x":[0.333],"y":[0]},"t":210,"s":[325]},{"i":{"x":[0.667],"y":[1]},"o":{"x":[0.333],"y":[0]},"t":270,"s":[325]},{"t":300,"s":[325],"h":1}],"ix":4}},"a":{"a":0,"k":[200,325,0],"ix":1},"s":{"a":1,"k":[{"i":{"x":[0.667,0.667,0.667],"y":[1,1,1]},"o":{"x":[0.333,0.333,0.333],"y":[0,0,0]},"t":0,"s":[0,0,100]},{"t":30,"s":[60,60,100],"h":1},{"i":{"x":[0.667,0.667,0.667],"y":[1,1,1]},"o":{"x":[0.333,0.333,0.333],"y":[0,0,0]},"t":90,"s":[60,60,100]},{"t":120,"s":[100,100,100],"h":1},{"i":{"x":[0.667,0.667,0.667],"y":[1,1,1]},"o":{"x":[0.333,0.333,0.333],"y":[0,0,0]},"t":180,"s":[100,100,100]},{"t":210,"s":[60,60,100],"h":1},{"i":{"x":[0.667,0.667,0.667],"y":[1,1,1]},"o":{"x":[0.333,0.333,0.333],"y":[0,0,0]},"t":270,"s":[60,60,100]},{"t":300,"s":[0,0,100],"h":1}],"ix":6}},"ao":0,"w":400,"h":650,"ip":0,"op":300,"st":0,"bm":0},{"ddd":0,"ind":2,"ty":0,"nm":"4","refId":"comp_2","sr":1,"ks":{"o":{"a":1,"k":[{"i":{"x":[0.667],"y":[1]},"o":{"x":[0.333],"y":[0]},"t":90,"s":[0]},{"t":120,"s":[75],"h":1},{"i":{"x":[0.667],"y":[1]},"o":{"x":[0.333],"y":[0]},"t":180,"s":[75]},{"t":210,"s":[100],"h":1},{"i":{"x":[0.667],"y":[1]},"o":{"x":[0.333],"y":[0]},"t":270,"s":[100]},{"t":300,"s":[75],"h":1},{"i":{"x":[0.667],"y":[1]},"o":{"x":[0.333],"y":[0]},"t":360,"s":[75]},{"t":390,"s":[0],"h":1}],"ix":11},"r":{"a":0,"k":0,"ix":10},"p":{"s":true,"x":{"a":1,"k":[{"i":{"x":[0],"y":[1]},"o":{"x":[0.333],"y":[0]},"t":90,"s":[1209]},{"i":{"x":[0.667],"y":[1]},"o":{"x":[0.333],"y":[0]},"t":120,"s":[870]},{"i":{"x":[0],"y":[1]},"o":{"x":[0.333],"y":[0]},"t":180,"s":[870]},{"i":{"x":[0.667],"y":[1]},"o":{"x":[0.333],"y":[0]},"t":210,"s":[540]},{"i":{"x":[0.005],"y":[1]},"o":{"x":[0.333],"y":[0]},"t":270,"s":[540]},{"i":{"x":[0.667],"y":[1]},"o":{"x":[0.333],"y":[0]},"t":300,"s":[210]},{"i":{"x":[0],"y":[1.125]},"o":{"x":[0.333],"y":[0]},"t":360,"s":[210]},{"t":390,"s":[-125],"h":1}],"ix":3},"y":{"a":1,"k":[{"i":{"x":[0.667],"y":[1]},"o":{"x":[0.333],"y":[0]},"t":90,"s":[325]},{"i":{"x":[0.667],"y":[1]},"o":{"x":[0.333],"y":[0]},"t":120,"s":[325]},{"i":{"x":[0.667],"y":[1]},"o":{"x":[0.333],"y":[0]},"t":180,"s":[325]},{"i":{"x":[0.667],"y":[1]},"o":{"x":[0.333],"y":[0]},"t":210,"s":[325]},{"i":{"x":[0.667],"y":[1]},"o":{"x":[0.333],"y":[0]},"t":270,"s":[325]},{"i":{"x":[0.667],"y":[1]},"o":{"x":[0.333],"y":[0]},"t":300,"s":[325]},{"i":{"x":[0.667],"y":[1]},"o":{"x":[0.333],"y":[0]},"t":360,"s":[325]},{"t":390,"s":[325],"h":1}],"ix":4}},"a":{"a":0,"k":[200,325,0],"ix":1},"s":{"a":1,"k":[{"i":{"x":[0.667,0.667,0.667],"y":[1,1,1]},"o":{"x":[0.333,0.333,0.333],"y":[0,0,0]},"t":90,"s":[0,0,100]},{"t":120,"s":[60,60,100],"h":1},{"i":{"x":[0.667,0.667,0.667],"y":[1,1,1]},"o":{"x":[0.333,0.333,0.333],"y":[0,0,0]},"t":180,"s":[60,60,100]},{"t":210,"s":[100,100,100],"h":1},{"i":{"x":[0.667,0.667,0.667],"y":[1,1,1]},"o":{"x":[0.333,0.333,0.333],"y":[0,0,0]},"t":270,"s":[100,100,100]},{"t":300,"s":[60,60,100],"h":1},{"i":{"x":[0.667,0.667,0.667],"y":[1,1,1]},"o":{"x":[0.333,0.333,0.333],"y":[0,0,0]},"t":360,"s":[60,60,100]},{"t":390,"s":[0,0,100],"h":1}],"ix":6}},"ao":0,"w":400,"h":650,"ip":90,"op":390,"st":90,"bm":0},{"ddd":0,"ind":3,"ty":0,"nm":"5","refId":"comp_3","sr":1,"ks":{"o":{"a":1,"k":[{"i":{"x":[0.667],"y":[1]},"o":{"x":[0.333],"y":[0]},"t":180,"s":[0]},{"t":210,"s":[75],"h":1},{"i":{"x":[0.667],"y":[1]},"o":{"x":[0.333],"y":[0]},"t":270,"s":[75]},{"t":300,"s":[100],"h":1},{"i":{"x":[0.667],"y":[1]},"o":{"x":[0.333],"y":[0]},"t":360,"s":[100]},{"t":390,"s":[75],"h":1},{"i":{"x":[0.667],"y":[1]},"o":{"x":[0.333],"y":[0]},"t":450,"s":[75]},{"t":480,"s":[0],"h":1}],"ix":11},"r":{"a":0,"k":0,"ix":10},"p":{"s":true,"x":{"a":1,"k":[{"i":{"x":[0],"y":[1]},"o":{"x":[0.333],"y":[0]},"t":180,"s":[1209]},{"i":{"x":[0.667],"y":[1]},"o":{"x":[0.333],"y":[0]},"t":210,"s":[870]},{"i":{"x":[0],"y":[1]},"o":{"x":[0.333],"y":[0]},"t":270,"s":[870]},{"i":{"x":[0.667],"y":[1]},"o":{"x":[0.333],"y":[0]},"t":300,"s":[540]},{"i":{"x":[0.005],"y":[1]},"o":{"x":[0.333],"y":[0]},"t":360,"s":[540]},{"i":{"x":[0.667],"y":[1]},"o":{"x":[0.333],"y":[0]},"t":390,"s":[210]},{"i":{"x":[0],"y":[1.125]},"o":{"x":[0.333],"y":[0]},"t":450,"s":[210]},{"t":480,"s":[-125],"h":1}],"ix":3},"y":{"a":1,"k":[{"i":{"x":[0.667],"y":[1]},"o":{"x":[0.333],"y":[0]},"t":180,"s":[325]},{"i":{"x":[0.667],"y":[1]},"o":{"x":[0.333],"y":[0]},"t":210,"s":[325]},{"i":{"x":[0.667],"y":[1]},"o":{"x":[0.333],"y":[0]},"t":270,"s":[325]},{"i":{"x":[0.667],"y":[1]},"o":{"x":[0.333],"y":[0]},"t":300,"s":[325]},{"i":{"x":[0.667],"y":[1]},"o":{"x":[0.333],"y":[0]},"t":360,"s":[325]},{"i":{"x":[0.667],"y":[1]},"o":{"x":[0.333],"y":[0]},"t":390,"s":[325]},{"i":{"x":[0.667],"y":[1]},"o":{"x":[0.333],"y":[0]},"t":450,"s":[325]},{"t":480,"s":[325],"h":1}],"ix":4}},"a":{"a":0,"k":[540,325,0],"ix":1},"s":{"a":1,"k":[{"i":{"x":[0.667,0.667,0.667],"y":[1,1,1]},"o":{"x":[0.333,0.333,0.333],"y":[0,0,0]},"t":180,"s":[0,0,100]},{"t":210,"s":[60,60,100],"h":1},{"i":{"x":[0.667,0.667,0.667],"y":[1,1,1]},"o":{"x":[0.333,0.333,0.333],"y":[0,0,0]},"t":270,"s":[60,60,100]},{"t":300,"s":[100,100,100],"h":1},{"i":{"x":[0.667,0.667,0.667],"y":[1,1,1]},"o":{"x":[0.333,0.333,0.333],"y":[0,0,0]},"t":360,"s":[100,100,100]},{"t":390,"s":[60,60,100],"h":1},{"i":{"x":[0.667,0.667,0.667],"y":[1,1,1]},"o":{"x":[0.333,0.333,0.333],"y":[0,0,0]},"t":450,"s":[60,60,100]},{"t":480,"s":[0,0,100],"h":1}],"ix":6}},"ao":0,"w":1080,"h":650,"ip":180,"op":480,"st":180,"bm":0},{"ddd":0,"ind":4,"ty":2,"nm":"result(6).png","cl":"png","refId":"image_3","sr":1,"ks":{"o":{"a":1,"k":[{"i":{"x":[0.667],"y":[1]},"o":{"x":[0.333],"y":[0]},"t":270,"s":[0]},{"t":300,"s":[75],"h":1},{"i":{"x":[0.667],"y":[1]},"o":{"x":[0.333],"y":[0]},"t":360,"s":[75]},{"t":390,"s":[100],"h":1},{"i":{"x":[0.667],"y":[1]},"o":{"x":[0.333],"y":[0]},"t":450,"s":[100]},{"t":480,"s":[75],"h":1},{"i":{"x":[0.667],"y":[1]},"o":{"x":[0.333],"y":[0]},"t":540,"s":[75]},{"t":570,"s":[0],"h":1}],"ix":11},"r":{"a":0,"k":0,"ix":10},"p":{"s":true,"x":{"a":1,"k":[{"i":{"x":[0],"y":[1]},"o":{"x":[0.333],"y":[0]},"t":270,"s":[1209]},{"i":{"x":[0.667],"y":[1]},"o":{"x":[0.333],"y":[0]},"t":300,"s":[870]},{"i":{"x":[0],"y":[1]},"o":{"x":[0.333],"y":[0]},"t":360,"s":[870]},{"i":{"x":[0.667],"y":[1]},"o":{"x":[0.333],"y":[0]},"t":390,"s":[540]},{"i":{"x":[0.005],"y":[1]},"o":{"x":[0.333],"y":[0]},"t":450,"s":[540]},{"i":{"x":[0.667],"y":[1]},"o":{"x":[0.333],"y":[0]},"t":480,"s":[210]},{"i":{"x":[0],"y":[1.125]},"o":{"x":[0.333],"y":[0]},"t":540,"s":[210]},{"t":570,"s":[-125],"h":1}],"ix":3},"y":{"a":1,"k":[{"i":{"x":[0.667],"y":[1]},"o":{"x":[0.333],"y":[0]},"t":270,"s":[325]},{"i":{"x":[0.667],"y":[1]},"o":{"x":[0.333],"y":[0]},"t":300,"s":[325]},{"i":{"x":[0.667],"y":[1]},"o":{"x":[0.333],"y":[0]},"t":360,"s":[325]},{"i":{"x":[0.667],"y":[1]},"o":{"x":[0.333],"y":[0]},"t":390,"s":[325]},{"i":{"x":[0.667],"y":[1]},"o":{"x":[0.333],"y":[0]},"t":450,"s":[325]},{"i":{"x":[0.667],"y":[1]},"o":{"x":[0.333],"y":[0]},"t":480,"s":[325]},{"i":{"x":[0.667],"y":[1]},"o":{"x":[0.333],"y":[0]},"t":540,"s":[325]},{"t":570,"s":[325],"h":1}],"ix":4}},"a":{"a":0,"k":[200,325,0],"ix":1},"s":{"a":1,"k":[{"i":{"x":[0.667,0.667,0.667],"y":[1,1,1]},"o":{"x":[0.333,0.333,0.333],"y":[0,0,0]},"t":270,"s":[0,0,100]},{"t":300,"s":[60,60,100],"h":1},{"i":{"x":[0.667,0.667,0.667],"y":[1,1,1]},"o":{"x":[0.333,0.333,0.333],"y":[0,0,0]},"t":360,"s":[60,60,100]},{"t":390,"s":[100,100,100],"h":1},{"i":{"x":[0.667,0.667,0.667],"y":[1,1,1]},"o":{"x":[0.333,0.333,0.333],"y":[0,0,0]},"t":450,"s":[100,100,100]},{"t":480,"s":[60,60,100],"h":1},{"i":{"x":[0.667,0.667,0.667],"y":[1,1,1]},"o":{"x":[0.333,0.333,0.333],"y":[0,0,0]},"t":540,"s":[60,60,100]},{"t":570,"s":[0,0,100],"h":1}],"ix":6}},"ao":0,"ip":270,"op":570,"st":270,"bm":0},{"ddd":0,"ind":5,"ty":2,"nm":"result(7).png","cl":"png","refId":"image_4","sr":1,"ks":{"o":{"a":1,"k":[{"i":{"x":[0.667],"y":[1]},"o":{"x":[0.333],"y":[0]},"t":360,"s":[0]},{"t":390,"s":[75],"h":1},{"i":{"x":[0.667],"y":[1]},"o":{"x":[0.333],"y":[0]},"t":450,"s":[75]},{"t":480,"s":[100],"h":1},{"i":{"x":[0.667],"y":[1]},"o":{"x":[0.333],"y":[0]},"t":540,"s":[100]},{"t":570,"s":[75],"h":1},{"i":{"x":[0.667],"y":[1]},"o":{"x":[0.333],"y":[0]},"t":630,"s":[75]},{"t":660,"s":[0],"h":1}],"ix":11},"r":{"a":0,"k":0,"ix":10},"p":{"s":true,"x":{"a":1,"k":[{"i":{"x":[0],"y":[1]},"o":{"x":[0.333],"y":[0]},"t":360,"s":[1209]},{"i":{"x":[0.667],"y":[1]},"o":{"x":[0.333],"y":[0]},"t":390,"s":[870]},{"i":{"x":[0],"y":[1]},"o":{"x":[0.333],"y":[0]},"t":450,"s":[870]},{"i":{"x":[0.667],"y":[1]},"o":{"x":[0.333],"y":[0]},"t":480,"s":[540]},{"i":{"x":[0.005],"y":[1]},"o":{"x":[0.333],"y":[0]},"t":540,"s":[540]},{"i":{"x":[0.667],"y":[1]},"o":{"x":[0.333],"y":[0]},"t":570,"s":[210]},{"i":{"x":[0],"y":[1.125]},"o":{"x":[0.333],"y":[0]},"t":630,"s":[210]},{"t":660,"s":[-125],"h":1}],"ix":3},"y":{"a":1,"k":[{"i":{"x":[0.667],"y":[1]},"o":{"x":[0.333],"y":[0]},"t":360,"s":[325]},{"i":{"x":[0.667],"y":[1]},"o":{"x":[0.333],"y":[0]},"t":390,"s":[325]},{"i":{"x":[0.667],"y":[1]},"o":{"x":[0.333],"y":[0]},"t":450,"s":[325]},{"i":{"x":[0.667],"y":[1]},"o":{"x":[0.333],"y":[0]},"t":480,"s":[325]},{"i":{"x":[0.667],"y":[1]},"o":{"x":[0.333],"y":[0]},"t":540,"s":[325]},{"i":{"x":[0.667],"y":[1]},"o":{"x":[0.333],"y":[0]},"t":570,"s":[325]},{"i":{"x":[0.667],"y":[1]},"o":{"x":[0.333],"y":[0]},"t":630,"s":[325]},{"t":660,"s":[325],"h":1}],"ix":4}},"a":{"a":0,"k":[200,325,0],"ix":1},"s":{"a":1,"k":[{"i":{"x":[0.667,0.667,0.667],"y":[1,1,1]},"o":{"x":[0.333,0.333,0.333],"y":[0,0,0]},"t":360,"s":[0,0,100]},{"t":390,"s":[60,60,100],"h":1},{"i":{"x":[0.667,0.667,0.667],"y":[1,1,1]},"o":{"x":[0.333,0.333,0.333],"y":[0,0,0]},"t":450,"s":[60,60,100]},{"t":480,"s":[100,100,100],"h":1},{"i":{"x":[0.667,0.667,0.667],"y":[1,1,1]},"o":{"x":[0.333,0.333,0.333],"y":[0,0,0]},"t":540,"s":[100,100,100]},{"t":570,"s":[60,60,100],"h":1},{"i":{"x":[0.667,0.667,0.667],"y":[1,1,1]},"o":{"x":[0.333,0.333,0.333],"y":[0,0,0]},"t":630,"s":[60,60,100]},{"t":660,"s":[0,0,100],"h":1}],"ix":6}},"ao":0,"ip":360,"op":660,"st":360,"bm":0},{"ddd":0,"ind":6,"ty":2,"nm":"result(8).png","cl":"png","refId":"image_5","sr":1,"ks":{"o":{"a":1,"k":[{"i":{"x":[0.667],"y":[1]},"o":{"x":[0.333],"y":[0]},"t":450,"s":[0]},{"t":480,"s":[75],"h":1},{"i":{"x":[0.667],"y":[1]},"o":{"x":[0.333],"y":[0]},"t":540,"s":[75]},{"t":570,"s":[100],"h":1},{"i":{"x":[0.667],"y":[1]},"o":{"x":[0.333],"y":[0]},"t":630,"s":[100]},{"t":660,"s":[75],"h":1},{"i":{"x":[0.667],"y":[1]},"o":{"x":[0.333],"y":[0]},"t":720,"s":[75]},{"t":750,"s":[0],"h":1}],"ix":11},"r":{"a":0,"k":0,"ix":10},"p":{"s":true,"x":{"a":1,"k":[{"i":{"x":[0],"y":[1]},"o":{"x":[0.333],"y":[0]},"t":450,"s":[1209]},{"i":{"x":[0.667],"y":[1]},"o":{"x":[0.333],"y":[0]},"t":480,"s":[870]},{"i":{"x":[0],"y":[1]},"o":{"x":[0.333],"y":[0]},"t":540,"s":[870]},{"i":{"x":[0.667],"y":[1]},"o":{"x":[0.333],"y":[0]},"t":570,"s":[540]},{"i":{"x":[0.005],"y":[1]},"o":{"x":[0.333],"y":[0]},"t":630,"s":[540]},{"i":{"x":[0.667],"y":[1]},"o":{"x":[0.333],"y":[0]},"t":660,"s":[210]},{"i":{"x":[0],"y":[1.125]},"o":{"x":[0.333],"y":[0]},"t":720,"s":[210]},{"t":750,"s":[-125],"h":1}],"ix":3},"y":{"a":1,"k":[{"i":{"x":[0.667],"y":[1]},"o":{"x":[0.333],"y":[0]},"t":450,"s":[325]},{"i":{"x":[0.667],"y":[1]},"o":{"x":[0.333],"y":[0]},"t":480,"s":[325]},{"i":{"x":[0.667],"y":[1]},"o":{"x":[0.333],"y":[0]},"t":540,"s":[325]},{"i":{"x":[0.667],"y":[1]},"o":{"x":[0.333],"y":[0]},"t":570,"s":[325]},{"i":{"x":[0.667],"y":[1]},"o":{"x":[0.333],"y":[0]},"t":630,"s":[325]},{"i":{"x":[0.667],"y":[1]},"o":{"x":[0.333],"y":[0]},"t":660,"s":[325]},{"i":{"x":[0.667],"y":[1]},"o":{"x":[0.333],"y":[0]},"t":720,"s":[325]},{"t":750,"s":[325],"h":1}],"ix":4}},"a":{"a":0,"k":[200,325,0],"ix":1},"s":{"a":1,"k":[{"i":{"x":[0.667,0.667,0.667],"y":[1,1,1]},"o":{"x":[0.333,0.333,0.333],"y":[0,0,0]},"t":450,"s":[0,0,100]},{"t":480,"s":[60,60,100],"h":1},{"i":{"x":[0.667,0.667,0.667],"y":[1,1,1]},"o":{"x":[0.333,0.333,0.333],"y":[0,0,0]},"t":540,"s":[60,60,100]},{"t":570,"s":[100,100,100],"h":1},{"i":{"x":[0.667,0.667,0.667],"y":[1,1,1]},"o":{"x":[0.333,0.333,0.333],"y":[0,0,0]},"t":630,"s":[100,100,100]},{"t":660,"s":[60,60,100],"h":1},{"i":{"x":[0.667,0.667,0.667],"y":[1,1,1]},"o":{"x":[0.333,0.333,0.333],"y":[0,0,0]},"t":720,"s":[60,60,100]},{"t":750,"s":[0,0,100],"h":1}],"ix":6}},"ao":0,"ip":450,"op":750,"st":450,"bm":0},{"ddd":0,"ind":7,"ty":2,"nm":"result(9).png","cl":"png","refId":"image_6","sr":1,"ks":{"o":{"a":1,"k":[{"i":{"x":[0.667],"y":[1]},"o":{"x":[0.333],"y":[0]},"t":540,"s":[0]},{"t":570,"s":[75],"h":1},{"i":{"x":[0.667],"y":[1]},"o":{"x":[0.333],"y":[0]},"t":630,"s":[75]},{"t":660,"s":[100],"h":1},{"i":{"x":[0.667],"y":[1]},"o":{"x":[0.333],"y":[0]},"t":720,"s":[100]},{"t":750,"s":[75],"h":1},{"i":{"x":[0.667],"y":[1]},"o":{"x":[0.333],"y":[0]},"t":810,"s":[75]},{"t":840,"s":[0],"h":1}],"ix":11},"r":{"a":0,"k":0,"ix":10},"p":{"s":true,"x":{"a":1,"k":[{"i":{"x":[0],"y":[1]},"o":{"x":[0.333],"y":[0]},"t":540,"s":[1209]},{"i":{"x":[0.667],"y":[1]},"o":{"x":[0.333],"y":[0]},"t":570,"s":[870]},{"i":{"x":[0],"y":[1]},"o":{"x":[0.333],"y":[0]},"t":630,"s":[870]},{"i":{"x":[0.667],"y":[1]},"o":{"x":[0.333],"y":[0]},"t":660,"s":[540]},{"i":{"x":[0.005],"y":[1]},"o":{"x":[0.333],"y":[0]},"t":720,"s":[540]},{"i":{"x":[0.667],"y":[1]},"o":{"x":[0.333],"y":[0]},"t":750,"s":[210]},{"i":{"x":[0],"y":[1.125]},"o":{"x":[0.333],"y":[0]},"t":810,"s":[210]},{"t":840,"s":[-125],"h":1}],"ix":3},"y":{"a":1,"k":[{"i":{"x":[0.667],"y":[1]},"o":{"x":[0.333],"y":[0]},"t":540,"s":[325]},{"i":{"x":[0.667],"y":[1]},"o":{"x":[0.333],"y":[0]},"t":570,"s":[325]},{"i":{"x":[0.667],"y":[1]},"o":{"x":[0.333],"y":[0]},"t":630,"s":[325]},{"i":{"x":[0.667],"y":[1]},"o":{"x":[0.333],"y":[0]},"t":660,"s":[325]},{"i":{"x":[0.667],"y":[1]},"o":{"x":[0.333],"y":[0]},"t":720,"s":[325]},{"i":{"x":[0.667],"y":[1]},"o":{"x":[0.333],"y":[0]},"t":750,"s":[325]},{"i":{"x":[0.667],"y":[1]},"o":{"x":[0.333],"y":[0]},"t":810,"s":[325]},{"t":840,"s":[325],"h":1}],"ix":4}},"a":{"a":0,"k":[200,325,0],"ix":1},"s":{"a":1,"k":[{"i":{"x":[0.667,0.667,0.667],"y":[1,1,1]},"o":{"x":[0.333,0.333,0.333],"y":[0,0,0]},"t":540,"s":[0,0,100]},{"t":570,"s":[60,60,100],"h":1},{"i":{"x":[0.667,0.667,0.667],"y":[1,1,1]},"o":{"x":[0.333,0.333,0.333],"y":[0,0,0]},"t":630,"s":[60,60,100]},{"t":660,"s":[100,100,100],"h":1},{"i":{"x":[0.667,0.667,0.667],"y":[1,1,1]},"o":{"x":[0.333,0.333,0.333],"y":[0,0,0]},"t":720,"s":[100,100,100]},{"t":750,"s":[60,60,100],"h":1},{"i":{"x":[0.667,0.667,0.667],"y":[1,1,1]},"o":{"x":[0.333,0.333,0.333],"y":[0,0,0]},"t":810,"s":[60,60,100]},{"t":840,"s":[0,0,100],"h":1}],"ix":6}},"ao":0,"ip":540,"op":840,"st":540,"bm":0},{"ddd":0,"ind":8,"ty":2,"nm":"result(10).png","cl":"png","refId":"image_7","sr":1,"ks":{"o":{"a":1,"k":[{"i":{"x":[0.667],"y":[1]},"o":{"x":[0.333],"y":[0]},"t":630,"s":[0]},{"t":660,"s":[75],"h":1},{"i":{"x":[0.667],"y":[1]},"o":{"x":[0.333],"y":[0]},"t":720,"s":[75]},{"t":750,"s":[100],"h":1},{"i":{"x":[0.667],"y":[1]},"o":{"x":[0.333],"y":[0]},"t":810,"s":[100]},{"t":840,"s":[75],"h":1},{"i":{"x":[0.667],"y":[1]},"o":{"x":[0.333],"y":[0]},"t":900,"s":[75]},{"t":930,"s":[0],"h":1}],"ix":11},"r":{"a":0,"k":0,"ix":10},"p":{"s":true,"x":{"a":1,"k":[{"i":{"x":[0],"y":[1]},"o":{"x":[0.333],"y":[0]},"t":630,"s":[1209]},{"i":{"x":[0.667],"y":[1]},"o":{"x":[0.333],"y":[0]},"t":660,"s":[870]},{"i":{"x":[0],"y":[1]},"o":{"x":[0.333],"y":[0]},"t":720,"s":[870]},{"i":{"x":[0.667],"y":[1]},"o":{"x":[0.333],"y":[0]},"t":750,"s":[540]},{"i":{"x":[0.005],"y":[1]},"o":{"x":[0.333],"y":[0]},"t":810,"s":[540]},{"i":{"x":[0.667],"y":[1]},"o":{"x":[0.333],"y":[0]},"t":840,"s":[210]},{"i":{"x":[0],"y":[1.125]},"o":{"x":[0.333],"y":[0]},"t":900,"s":[210]},{"t":930,"s":[-125],"h":1}],"ix":3},"y":{"a":1,"k":[{"i":{"x":[0.667],"y":[1]},"o":{"x":[0.333],"y":[0]},"t":630,"s":[325]},{"i":{"x":[0.667],"y":[1]},"o":{"x":[0.333],"y":[0]},"t":660,"s":[325]},{"i":{"x":[0.667],"y":[1]},"o":{"x":[0.333],"y":[0]},"t":720,"s":[325]},{"i":{"x":[0.667],"y":[1]},"o":{"x":[0.333],"y":[0]},"t":750,"s":[325]},{"i":{"x":[0.667],"y":[1]},"o":{"x":[0.333],"y":[0]},"t":810,"s":[325]},{"i":{"x":[0.667],"y":[1]},"o":{"x":[0.333],"y":[0]},"t":840,"s":[325]},{"i":{"x":[0.667],"y":[1]},"o":{"x":[0.333],"y":[0]},"t":900,"s":[325]},{"t":930,"s":[325],"h":1}],"ix":4}},"a":{"a":0,"k":[200,325,0],"ix":1},"s":{"a":1,"k":[{"i":{"x":[0.667,0.667,0.667],"y":[1,1,1]},"o":{"x":[0.333,0.333,0.333],"y":[0,0,0]},"t":630,"s":[0,0,100]},{"t":660,"s":[60,60,100],"h":1},{"i":{"x":[0.667,0.667,0.667],"y":[1,1,1]},"o":{"x":[0.333,0.333,0.333],"y":[0,0,0]},"t":720,"s":[60,60,100]},{"t":750,"s":[100,100,100],"h":1},{"i":{"x":[0.667,0.667,0.667],"y":[1,1,1]},"o":{"x":[0.333,0.333,0.333],"y":[0,0,0]},"t":810,"s":[100,100,100]},{"t":840,"s":[60,60,100],"h":1},{"i":{"x":[0.667,0.667,0.667],"y":[1,1,1]},"o":{"x":[0.333,0.333,0.333],"y":[0,0,0]},"t":900,"s":[60,60,100]},{"t":930,"s":[0,0,100],"h":1}],"ix":6}},"ao":0,"ip":630,"op":930,"st":630,"bm":0},{"ddd":0,"ind":9,"ty":2,"nm":"result(11).png","cl":"png","refId":"image_8","sr":1,"ks":{"o":{"a":1,"k":[{"i":{"x":[0.667],"y":[1]},"o":{"x":[0.333],"y":[0]},"t":720,"s":[0]},{"t":750,"s":[75],"h":1},{"i":{"x":[0.667],"y":[1]},"o":{"x":[0.333],"y":[0]},"t":810,"s":[75]},{"t":840,"s":[100],"h":1},{"i":{"x":[0.667],"y":[1]},"o":{"x":[0.333],"y":[0]},"t":900,"s":[100]},{"t":930,"s":[75],"h":1},{"i":{"x":[0.667],"y":[1]},"o":{"x":[0.333],"y":[0]},"t":990,"s":[75]},{"t":1020,"s":[0],"h":1}],"ix":11},"r":{"a":0,"k":0,"ix":10},"p":{"s":true,"x":{"a":1,"k":[{"i":{"x":[0],"y":[1]},"o":{"x":[0.333],"y":[0]},"t":720,"s":[1209]},{"i":{"x":[0.667],"y":[1]},"o":{"x":[0.333],"y":[0]},"t":750,"s":[870]},{"i":{"x":[0],"y":[1]},"o":{"x":[0.333],"y":[0]},"t":810,"s":[870]},{"i":{"x":[0.667],"y":[1]},"o":{"x":[0.333],"y":[0]},"t":840,"s":[540]},{"i":{"x":[0.005],"y":[1]},"o":{"x":[0.333],"y":[0]},"t":900,"s":[540]},{"i":{"x":[0.667],"y":[1]},"o":{"x":[0.333],"y":[0]},"t":930,"s":[210]},{"i":{"x":[0],"y":[1.125]},"o":{"x":[0.333],"y":[0]},"t":990,"s":[210]},{"t":1020,"s":[-125],"h":1}],"ix":3},"y":{"a":1,"k":[{"i":{"x":[0.667],"y":[1]},"o":{"x":[0.333],"y":[0]},"t":720,"s":[325]},{"i":{"x":[0.667],"y":[1]},"o":{"x":[0.333],"y":[0]},"t":750,"s":[325]},{"i":{"x":[0.667],"y":[1]},"o":{"x":[0.333],"y":[0]},"t":810,"s":[325]},{"i":{"x":[0.667],"y":[1]},"o":{"x":[0.333],"y":[0]},"t":840,"s":[325]},{"i":{"x":[0.667],"y":[1]},"o":{"x":[0.333],"y":[0]},"t":900,"s":[325]},{"i":{"x":[0.667],"y":[1]},"o":{"x":[0.333],"y":[0]},"t":930,"s":[325]},{"i":{"x":[0.667],"y":[1]},"o":{"x":[0.333],"y":[0]},"t":990,"s":[325]},{"t":1020,"s":[325],"h":1}],"ix":4}},"a":{"a":0,"k":[200,325,0],"ix":1},"s":{"a":1,"k":[{"i":{"x":[0.667,0.667,0.667],"y":[1,1,1]},"o":{"x":[0.333,0.333,0.333],"y":[0,0,0]},"t":720,"s":[0,0,100]},{"t":750,"s":[60,60,100],"h":1},{"i":{"x":[0.667,0.667,0.667],"y":[1,1,1]},"o":{"x":[0.333,0.333,0.333],"y":[0,0,0]},"t":810,"s":[60,60,100]},{"t":840,"s":[100,100,100],"h":1},{"i":{"x":[0.667,0.667,0.667],"y":[1,1,1]},"o":{"x":[0.333,0.333,0.333],"y":[0,0,0]},"t":900,"s":[100,100,100]},{"t":930,"s":[60,60,100],"h":1},{"i":{"x":[0.667,0.667,0.667],"y":[1,1,1]},"o":{"x":[0.333,0.333,0.333],"y":[0,0,0]},"t":990,"s":[60,60,100]},{"t":1020,"s":[0,0,100],"h":1}],"ix":6}},"ao":0,"ip":720,"op":1020,"st":720,"bm":0},{"ddd":0,"ind":10,"ty":2,"nm":"result(12).png","cl":"png","refId":"image_9","sr":1,"ks":{"o":{"a":1,"k":[{"i":{"x":[0.667],"y":[1]},"o":{"x":[0.333],"y":[0]},"t":810,"s":[0]},{"t":840,"s":[75],"h":1},{"i":{"x":[0.667],"y":[1]},"o":{"x":[0.333],"y":[0]},"t":900,"s":[75]},{"t":930,"s":[100],"h":1},{"i":{"x":[0.667],"y":[1]},"o":{"x":[0.333],"y":[0]},"t":990,"s":[100]},{"t":1020,"s":[75],"h":1},{"i":{"x":[0.667],"y":[1]},"o":{"x":[0.333],"y":[0]},"t":1080,"s":[75]},{"t":1110,"s":[0],"h":1}],"ix":11},"r":{"a":0,"k":0,"ix":10},"p":{"s":true,"x":{"a":1,"k":[{"i":{"x":[0],"y":[1]},"o":{"x":[0.333],"y":[0]},"t":810,"s":[1209]},{"i":{"x":[0.667],"y":[1]},"o":{"x":[0.333],"y":[0]},"t":840,"s":[870]},{"i":{"x":[0],"y":[1]},"o":{"x":[0.333],"y":[0]},"t":900,"s":[870]},{"i":{"x":[0.667],"y":[1]},"o":{"x":[0.333],"y":[0]},"t":930,"s":[540]},{"i":{"x":[0.005],"y":[1]},"o":{"x":[0.333],"y":[0]},"t":990,"s":[540]},{"i":{"x":[0.667],"y":[1]},"o":{"x":[0.333],"y":[0]},"t":1020,"s":[210]},{"i":{"x":[0],"y":[1.125]},"o":{"x":[0.333],"y":[0]},"t":1080,"s":[210]},{"t":1110,"s":[-125],"h":1}],"ix":3},"y":{"a":1,"k":[{"i":{"x":[0.667],"y":[1]},"o":{"x":[0.333],"y":[0]},"t":810,"s":[325]},{"i":{"x":[0.667],"y":[1]},"o":{"x":[0.333],"y":[0]},"t":840,"s":[325]},{"i":{"x":[0.667],"y":[1]},"o":{"x":[0.333],"y":[0]},"t":900,"s":[325]},{"i":{"x":[0.667],"y":[1]},"o":{"x":[0.333],"y":[0]},"t":930,"s":[325]},{"i":{"x":[0.667],"y":[1]},"o":{"x":[0.333],"y":[0]},"t":990,"s":[325]},{"i":{"x":[0.667],"y":[1]},"o":{"x":[0.333],"y":[0]},"t":1020,"s":[325]},{"i":{"x":[0.667],"y":[1]},"o":{"x":[0.333],"y":[0]},"t":1080,"s":[325]},{"t":1110,"s":[325],"h":1}],"ix":4}},"a":{"a":0,"k":[200,325,0],"ix":1},"s":{"a":1,"k":[{"i":{"x":[0.667,0.667,0.667],"y":[1,1,1]},"o":{"x":[0.333,0.333,0.333],"y":[0,0,0]},"t":810,"s":[0,0,100]},{"t":840,"s":[60,60,100],"h":1},{"i":{"x":[0.667,0.667,0.667],"y":[1,1,1]},"o":{"x":[0.333,0.333,0.333],"y":[0,0,0]},"t":900,"s":[60,60,100]},{"t":930,"s":[100,100,100],"h":1},{"i":{"x":[0.667,0.667,0.667],"y":[1,1,1]},"o":{"x":[0.333,0.333,0.333],"y":[0,0,0]},"t":990,"s":[100,100,100]},{"t":1020,"s":[60,60,100],"h":1},{"i":{"x":[0.667,0.667,0.667],"y":[1,1,1]},"o":{"x":[0.333,0.333,0.333],"y":[0,0,0]},"t":1080,"s":[60,60,100]},{"t":1110,"s":[0,0,100],"h":1}],"ix":6}},"ao":0,"ip":810,"op":1110,"st":810,"bm":0},{"ddd":0,"ind":11,"ty":2,"nm":"result(13).png","cl":"png","refId":"image_10","sr":1,"ks":{"o":{"a":1,"k":[{"i":{"x":[0.667],"y":[1]},"o":{"x":[0.333],"y":[0]},"t":900,"s":[0]},{"t":930,"s":[75],"h":1},{"i":{"x":[0.667],"y":[1]},"o":{"x":[0.333],"y":[0]},"t":990,"s":[75]},{"t":1020,"s":[100],"h":1},{"i":{"x":[0.667],"y":[1]},"o":{"x":[0.333],"y":[0]},"t":1080,"s":[100]},{"t":1110,"s":[75],"h":1},{"i":{"x":[0.667],"y":[1]},"o":{"x":[0.333],"y":[0]},"t":1170,"s":[75]},{"t":1200,"s":[0],"h":1}],"ix":11},"r":{"a":0,"k":0,"ix":10},"p":{"s":true,"x":{"a":1,"k":[{"i":{"x":[0],"y":[1]},"o":{"x":[0.333],"y":[0]},"t":900,"s":[1209]},{"i":{"x":[0.667],"y":[1]},"o":{"x":[0.333],"y":[0]},"t":930,"s":[870]},{"i":{"x":[0],"y":[1]},"o":{"x":[0.333],"y":[0]},"t":990,"s":[870]},{"i":{"x":[0.667],"y":[1]},"o":{"x":[0.333],"y":[0]},"t":1020,"s":[540]},{"i":{"x":[0.005],"y":[1]},"o":{"x":[0.333],"y":[0]},"t":1080,"s":[540]},{"i":{"x":[0.667],"y":[1]},"o":{"x":[0.333],"y":[0]},"t":1110,"s":[210]},{"i":{"x":[0],"y":[1.125]},"o":{"x":[0.333],"y":[0]},"t":1170,"s":[210]},{"t":1200,"s":[-125],"h":1}],"ix":3},"y":{"a":1,"k":[{"i":{"x":[0.667],"y":[1]},"o":{"x":[0.333],"y":[0]},"t":900,"s":[325]},{"i":{"x":[0.667],"y":[1]},"o":{"x":[0.333],"y":[0]},"t":930,"s":[325]},{"i":{"x":[0.667],"y":[1]},"o":{"x":[0.333],"y":[0]},"t":990,"s":[325]},{"i":{"x":[0.667],"y":[1]},"o":{"x":[0.333],"y":[0]},"t":1020,"s":[325]},{"i":{"x":[0.667],"y":[1]},"o":{"x":[0.333],"y":[0]},"t":1080,"s":[325]},{"i":{"x":[0.667],"y":[1]},"o":{"x":[0.333],"y":[0]},"t":1110,"s":[325]},{"i":{"x":[0.667],"y":[1]},"o":{"x":[0.333],"y":[0]},"t":1170,"s":[325]},{"t":1200,"s":[325],"h":1}],"ix":4}},"a":{"a":0,"k":[200,325,0],"ix":1},"s":{"a":1,"k":[{"i":{"x":[0.667,0.667,0.667],"y":[1,1,1]},"o":{"x":[0.333,0.333,0.333],"y":[0,0,0]},"t":900,"s":[0,0,100]},{"t":930,"s":[60,60,100],"h":1},{"i":{"x":[0.667,0.667,0.667],"y":[1,1,1]},"o":{"x":[0.333,0.333,0.333],"y":[0,0,0]},"t":990,"s":[60,60,100]},{"t":1020,"s":[100,100,100],"h":1},{"i":{"x":[0.667,0.667,0.667],"y":[1,1,1]},"o":{"x":[0.333,0.333,0.333],"y":[0,0,0]},"t":1080,"s":[100,100,100]},{"t":1110,"s":[60,60,100],"h":1},{"i":{"x":[0.667,0.667,0.667],"y":[1,1,1]},"o":{"x":[0.333,0.333,0.333],"y":[0,0,0]},"t":1170,"s":[60,60,100]},{"t":1200,"s":[0,0,100],"h":1}],"ix":6}},"ao":0,"ip":900,"op":1200,"st":900,"bm":0},{"ddd":0,"ind":12,"ty":2,"nm":"result(14).png","cl":"png","refId":"image_11","sr":1,"ks":{"o":{"a":1,"k":[{"i":{"x":[0.667],"y":[1]},"o":{"x":[0.333],"y":[0]},"t":990,"s":[0]},{"t":1020,"s":[75],"h":1},{"i":{"x":[0.667],"y":[1]},"o":{"x":[0.333],"y":[0]},"t":1080,"s":[75]},{"t":1110,"s":[100],"h":1},{"i":{"x":[0.667],"y":[1]},"o":{"x":[0.333],"y":[0]},"t":1170,"s":[100]},{"t":1200,"s":[75],"h":1},{"i":{"x":[0.667],"y":[1]},"o":{"x":[0.333],"y":[0]},"t":1260,"s":[75]},{"t":1290,"s":[0],"h":1}],"ix":11},"r":{"a":0,"k":0,"ix":10},"p":{"s":true,"x":{"a":1,"k":[{"i":{"x":[0],"y":[1]},"o":{"x":[0.333],"y":[0]},"t":990,"s":[1209]},{"i":{"x":[0.667],"y":[1]},"o":{"x":[0.333],"y":[0]},"t":1020,"s":[870]},{"i":{"x":[0],"y":[1]},"o":{"x":[0.333],"y":[0]},"t":1080,"s":[870]},{"i":{"x":[0.667],"y":[1]},"o":{"x":[0.333],"y":[0]},"t":1110,"s":[540]},{"i":{"x":[0.005],"y":[1]},"o":{"x":[0.333],"y":[0]},"t":1170,"s":[540]},{"i":{"x":[0.667],"y":[1]},"o":{"x":[0.333],"y":[0]},"t":1200,"s":[210]},{"i":{"x":[0],"y":[1.125]},"o":{"x":[0.333],"y":[0]},"t":1260,"s":[210]},{"t":1290,"s":[-125],"h":1}],"ix":3},"y":{"a":1,"k":[{"i":{"x":[0.667],"y":[1]},"o":{"x":[0.333],"y":[0]},"t":990,"s":[325]},{"i":{"x":[0.667],"y":[1]},"o":{"x":[0.333],"y":[0]},"t":1020,"s":[325]},{"i":{"x":[0.667],"y":[1]},"o":{"x":[0.333],"y":[0]},"t":1080,"s":[325]},{"i":{"x":[0.667],"y":[1]},"o":{"x":[0.333],"y":[0]},"t":1110,"s":[325]},{"i":{"x":[0.667],"y":[1]},"o":{"x":[0.333],"y":[0]},"t":1170,"s":[325]},{"i":{"x":[0.667],"y":[1]},"o":{"x":[0.333],"y":[0]},"t":1200,"s":[325]},{"i":{"x":[0.667],"y":[1]},"o":{"x":[0.333],"y":[0]},"t":1260,"s":[325]},{"t":1290,"s":[325],"h":1}],"ix":4}},"a":{"a":0,"k":[200,325,0],"ix":1},"s":{"a":1,"k":[{"i":{"x":[0.667,0.667,0.667],"y":[1,1,1]},"o":{"x":[0.333,0.333,0.333],"y":[0,0,0]},"t":990,"s":[0,0,100]},{"t":1020,"s":[60,60,100],"h":1},{"i":{"x":[0.667,0.667,0.667],"y":[1,1,1]},"o":{"x":[0.333,0.333,0.333],"y":[0,0,0]},"t":1080,"s":[60,60,100]},{"t":1110,"s":[100,100,100],"h":1},{"i":{"x":[0.667,0.667,0.667],"y":[1,1,1]},"o":{"x":[0.333,0.333,0.333],"y":[0,0,0]},"t":1170,"s":[100,100,100]},{"t":1200,"s":[60,60,100],"h":1},{"i":{"x":[0.667,0.667,0.667],"y":[1,1,1]},"o":{"x":[0.333,0.333,0.333],"y":[0,0,0]},"t":1260,"s":[60,60,100]},{"t":1290,"s":[0,0,100],"h":1}],"ix":6}},"ao":0,"ip":990,"op":1290,"st":990,"bm":0},{"ddd":0,"ind":13,"ty":2,"nm":"result(15).png","cl":"png","refId":"image_12","sr":1,"ks":{"o":{"a":1,"k":[{"i":{"x":[0.667],"y":[1]},"o":{"x":[0.333],"y":[0]},"t":1080,"s":[0]},{"t":1110,"s":[75],"h":1},{"i":{"x":[0.667],"y":[1]},"o":{"x":[0.333],"y":[0]},"t":1170,"s":[75]},{"t":1200,"s":[100],"h":1},{"i":{"x":[0.667],"y":[1]},"o":{"x":[0.333],"y":[0]},"t":1260,"s":[100]},{"t":1290,"s":[75],"h":1},{"i":{"x":[0.667],"y":[1]},"o":{"x":[0.333],"y":[0]},"t":1350,"s":[75]},{"t":1380,"s":[0],"h":1}],"ix":11},"r":{"a":0,"k":0,"ix":10},"p":{"s":true,"x":{"a":1,"k":[{"i":{"x":[0],"y":[1]},"o":{"x":[0.333],"y":[0]},"t":1080,"s":[1209]},{"i":{"x":[0.667],"y":[1]},"o":{"x":[0.333],"y":[0]},"t":1110,"s":[870]},{"i":{"x":[0],"y":[1]},"o":{"x":[0.333],"y":[0]},"t":1170,"s":[870]},{"i":{"x":[0.667],"y":[1]},"o":{"x":[0.333],"y":[0]},"t":1200,"s":[540]},{"i":{"x":[0.005],"y":[1]},"o":{"x":[0.333],"y":[0]},"t":1260,"s":[540]},{"i":{"x":[0.667],"y":[1]},"o":{"x":[0.333],"y":[0]},"t":1290,"s":[210]},{"i":{"x":[0],"y":[1.125]},"o":{"x":[0.333],"y":[0]},"t":1350,"s":[210]},{"t":1380,"s":[-125],"h":1}],"ix":3},"y":{"a":1,"k":[{"i":{"x":[0.667],"y":[1]},"o":{"x":[0.333],"y":[0]},"t":1080,"s":[325]},{"i":{"x":[0.667],"y":[1]},"o":{"x":[0.333],"y":[0]},"t":1110,"s":[325]},{"i":{"x":[0.667],"y":[1]},"o":{"x":[0.333],"y":[0]},"t":1170,"s":[325]},{"i":{"x":[0.667],"y":[1]},"o":{"x":[0.333],"y":[0]},"t":1200,"s":[325]},{"i":{"x":[0.667],"y":[1]},"o":{"x":[0.333],"y":[0]},"t":1260,"s":[325]},{"i":{"x":[0.667],"y":[1]},"o":{"x":[0.333],"y":[0]},"t":1290,"s":[325]},{"i":{"x":[0.667],"y":[1]},"o":{"x":[0.333],"y":[0]},"t":1350,"s":[325]},{"t":1380,"s":[325],"h":1}],"ix":4}},"a":{"a":0,"k":[200,325,0],"ix":1},"s":{"a":1,"k":[{"i":{"x":[0.667,0.667,0.667],"y":[1,1,1]},"o":{"x":[0.333,0.333,0.333],"y":[0,0,0]},"t":1080,"s":[0,0,100]},{"t":1110,"s":[60,60,100],"h":1},{"i":{"x":[0.667,0.667,0.667],"y":[1,1,1]},"o":{"x":[0.333,0.333,0.333],"y":[0,0,0]},"t":1170,"s":[60,60,100]},{"t":1200,"s":[100,100,100],"h":1},{"i":{"x":[0.667,0.667,0.667],"y":[1,1,1]},"o":{"x":[0.333,0.333,0.333],"y":[0,0,0]},"t":1260,"s":[100,100,100]},{"t":1290,"s":[60,60,100],"h":1},{"i":{"x":[0.667,0.667,0.667],"y":[1,1,1]},"o":{"x":[0.333,0.333,0.333],"y":[0,0,0]},"t":1350,"s":[60,60,100]},{"t":1380,"s":[0,0,100],"h":1}],"ix":6}},"ao":0,"ip":1080,"op":1380,"st":1080,"bm":0},{"ddd":0,"ind":14,"ty":2,"nm":"result(16).png","cl":"png","refId":"image_13","sr":1,"ks":{"o":{"a":1,"k":[{"i":{"x":[0.667],"y":[1]},"o":{"x":[0.333],"y":[0]},"t":1170,"s":[0]},{"t":1200,"s":[75],"h":1},{"i":{"x":[0.667],"y":[1]},"o":{"x":[0.333],"y":[0]},"t":1260,"s":[75]},{"t":1290,"s":[100],"h":1},{"i":{"x":[0.667],"y":[1]},"o":{"x":[0.333],"y":[0]},"t":1350,"s":[100]},{"t":1380,"s":[75],"h":1},{"i":{"x":[0.667],"y":[1]},"o":{"x":[0.333],"y":[0]},"t":1440,"s":[75]},{"t":1470,"s":[0],"h":1}],"ix":11},"r":{"a":0,"k":0,"ix":10},"p":{"s":true,"x":{"a":1,"k":[{"i":{"x":[0],"y":[1]},"o":{"x":[0.333],"y":[0]},"t":1170,"s":[1209]},{"i":{"x":[0.667],"y":[1]},"o":{"x":[0.333],"y":[0]},"t":1200,"s":[870]},{"i":{"x":[0],"y":[1]},"o":{"x":[0.333],"y":[0]},"t":1260,"s":[870]},{"i":{"x":[0.667],"y":[1]},"o":{"x":[0.333],"y":[0]},"t":1290,"s":[540]},{"i":{"x":[0.005],"y":[1]},"o":{"x":[0.333],"y":[0]},"t":1350,"s":[540]},{"i":{"x":[0.667],"y":[1]},"o":{"x":[0.333],"y":[0]},"t":1380,"s":[210]},{"i":{"x":[0],"y":[1.125]},"o":{"x":[0.333],"y":[0]},"t":1440,"s":[210]},{"t":1470,"s":[-125],"h":1}],"ix":3},"y":{"a":1,"k":[{"i":{"x":[0.667],"y":[1]},"o":{"x":[0.333],"y":[0]},"t":1170,"s":[325]},{"i":{"x":[0.667],"y":[1]},"o":{"x":[0.333],"y":[0]},"t":1200,"s":[325]},{"i":{"x":[0.667],"y":[1]},"o":{"x":[0.333],"y":[0]},"t":1260,"s":[325]},{"i":{"x":[0.667],"y":[1]},"o":{"x":[0.333],"y":[0]},"t":1290,"s":[325]},{"i":{"x":[0.667],"y":[1]},"o":{"x":[0.333],"y":[0]},"t":1350,"s":[325]},{"i":{"x":[0.667],"y":[1]},"o":{"x":[0.333],"y":[0]},"t":1380,"s":[325]},{"i":{"x":[0.667],"y":[1]},"o":{"x":[0.333],"y":[0]},"t":1440,"s":[325]},{"t":1470,"s":[325],"h":1}],"ix":4}},"a":{"a":0,"k":[200,325,0],"ix":1},"s":{"a":1,"k":[{"i":{"x":[0.667,0.667,0.667],"y":[1,1,1]},"o":{"x":[0.333,0.333,0.333],"y":[0,0,0]},"t":1170,"s":[0,0,100]},{"t":1200,"s":[60,60,100],"h":1},{"i":{"x":[0.667,0.667,0.667],"y":[1,1,1]},"o":{"x":[0.333,0.333,0.333],"y":[0,0,0]},"t":1260,"s":[60,60,100]},{"t":1290,"s":[100,100,100],"h":1},{"i":{"x":[0.667,0.667,0.667],"y":[1,1,1]},"o":{"x":[0.333,0.333,0.333],"y":[0,0,0]},"t":1350,"s":[100,100,100]},{"t":1380,"s":[60,60,100],"h":1},{"i":{"x":[0.667,0.667,0.667],"y":[1,1,1]},"o":{"x":[0.333,0.333,0.333],"y":[0,0,0]},"t":1440,"s":[60,60,100]},{"t":1470,"s":[0,0,100],"h":1}],"ix":6}},"ao":0,"ip":1170,"op":1470,"st":1170,"bm":0},{"ddd":0,"ind":15,"ty":2,"nm":"result(17).png","cl":"png","refId":"image_14","sr":1,"ks":{"o":{"a":1,"k":[{"i":{"x":[0.667],"y":[1]},"o":{"x":[0.333],"y":[0]},"t":1260,"s":[0]},{"t":1290,"s":[75],"h":1},{"i":{"x":[0.667],"y":[1]},"o":{"x":[0.333],"y":[0]},"t":1350,"s":[75]},{"t":1380,"s":[100],"h":1},{"i":{"x":[0.667],"y":[1]},"o":{"x":[0.333],"y":[0]},"t":1440,"s":[100]},{"t":1470,"s":[75],"h":1},{"i":{"x":[0.667],"y":[1]},"o":{"x":[0.333],"y":[0]},"t":1530,"s":[75]},{"t":1560,"s":[0],"h":1}],"ix":11},"r":{"a":0,"k":0,"ix":10},"p":{"s":true,"x":{"a":1,"k":[{"i":{"x":[0],"y":[1]},"o":{"x":[0.333],"y":[0]},"t":1260,"s":[1209]},{"i":{"x":[0.667],"y":[1]},"o":{"x":[0.333],"y":[0]},"t":1290,"s":[870]},{"i":{"x":[0],"y":[1]},"o":{"x":[0.333],"y":[0]},"t":1350,"s":[870]},{"i":{"x":[0.667],"y":[1]},"o":{"x":[0.333],"y":[0]},"t":1380,"s":[540]},{"i":{"x":[0.005],"y":[1]},"o":{"x":[0.333],"y":[0]},"t":1440,"s":[540]},{"i":{"x":[0.667],"y":[1]},"o":{"x":[0.333],"y":[0]},"t":1470,"s":[210]},{"i":{"x":[0],"y":[1.125]},"o":{"x":[0.333],"y":[0]},"t":1530,"s":[210]},{"t":1560,"s":[-125],"h":1}],"ix":3},"y":{"a":1,"k":[{"i":{"x":[0.667],"y":[1]},"o":{"x":[0.333],"y":[0]},"t":1260,"s":[325]},{"i":{"x":[0.667],"y":[1]},"o":{"x":[0.333],"y":[0]},"t":1290,"s":[325]},{"i":{"x":[0.667],"y":[1]},"o":{"x":[0.333],"y":[0]},"t":1350,"s":[325]},{"i":{"x":[0.667],"y":[1]},"o":{"x":[0.333],"y":[0]},"t":1380,"s":[325]},{"i":{"x":[0.667],"y":[1]},"o":{"x":[0.333],"y":[0]},"t":1440,"s":[325]},{"i":{"x":[0.667],"y":[1]},"o":{"x":[0.333],"y":[0]},"t":1470,"s":[325]},{"i":{"x":[0.667],"y":[1]},"o":{"x":[0.333],"y":[0]},"t":1530,"s":[325]},{"t":1560,"s":[325],"h":1}],"ix":4}},"a":{"a":0,"k":[200,325,0],"ix":1},"s":{"a":1,"k":[{"i":{"x":[0.667,0.667,0.667],"y":[1,1,1]},"o":{"x":[0.333,0.333,0.333],"y":[0,0,0]},"t":1260,"s":[0,0,100]},{"t":1290,"s":[60,60,100],"h":1},{"i":{"x":[0.667,0.667,0.667],"y":[1,1,1]},"o":{"x":[0.333,0.333,0.333],"y":[0,0,0]},"t":1350,"s":[60,60,100]},{"t":1380,"s":[100,100,100],"h":1},{"i":{"x":[0.667,0.667,0.667],"y":[1,1,1]},"o":{"x":[0.333,0.333,0.333],"y":[0,0,0]},"t":1440,"s":[100,100,100]},{"t":1470,"s":[60,60,100],"h":1},{"i":{"x":[0.667,0.667,0.667],"y":[1,1,1]},"o":{"x":[0.333,0.333,0.333],"y":[0,0,0]},"t":1530,"s":[60,60,100]},{"t":1560,"s":[0,0,100],"h":1}],"ix":6}},"ao":0,"ip":1260,"op":1560,"st":1260,"bm":0},{"ddd":0,"ind":16,"ty":2,"nm":"result(18).png","cl":"png","refId":"image_15","sr":1,"ks":{"o":{"a":1,"k":[{"i":{"x":[0.667],"y":[1]},"o":{"x":[0.333],"y":[0]},"t":1350,"s":[0]},{"t":1380,"s":[75],"h":1},{"i":{"x":[0.667],"y":[1]},"o":{"x":[0.333],"y":[0]},"t":1440,"s":[75]},{"t":1470,"s":[100],"h":1},{"i":{"x":[0.667],"y":[1]},"o":{"x":[0.333],"y":[0]},"t":1530,"s":[100]},{"t":1560,"s":[75],"h":1},{"i":{"x":[0.667],"y":[1]},"o":{"x":[0.333],"y":[0]},"t":1620,"s":[75]},{"t":1650,"s":[0],"h":1}],"ix":11},"r":{"a":0,"k":0,"ix":10},"p":{"s":true,"x":{"a":1,"k":[{"i":{"x":[0],"y":[1]},"o":{"x":[0.333],"y":[0]},"t":1350,"s":[1209]},{"i":{"x":[0.667],"y":[1]},"o":{"x":[0.333],"y":[0]},"t":1380,"s":[870]},{"i":{"x":[0],"y":[1]},"o":{"x":[0.333],"y":[0]},"t":1440,"s":[870]},{"i":{"x":[0.667],"y":[1]},"o":{"x":[0.333],"y":[0]},"t":1470,"s":[540]},{"i":{"x":[0.005],"y":[1]},"o":{"x":[0.333],"y":[0]},"t":1530,"s":[540]},{"i":{"x":[0.667],"y":[1]},"o":{"x":[0.333],"y":[0]},"t":1560,"s":[210]},{"i":{"x":[0],"y":[1.125]},"o":{"x":[0.333],"y":[0]},"t":1620,"s":[210]},{"t":1650,"s":[-125],"h":1}],"ix":3},"y":{"a":1,"k":[{"i":{"x":[0.667],"y":[1]},"o":{"x":[0.333],"y":[0]},"t":1350,"s":[325]},{"i":{"x":[0.667],"y":[1]},"o":{"x":[0.333],"y":[0]},"t":1380,"s":[325]},{"i":{"x":[0.667],"y":[1]},"o":{"x":[0.333],"y":[0]},"t":1440,"s":[325]},{"i":{"x":[0.667],"y":[1]},"o":{"x":[0.333],"y":[0]},"t":1470,"s":[325]},{"i":{"x":[0.667],"y":[1]},"o":{"x":[0.333],"y":[0]},"t":1530,"s":[325]},{"i":{"x":[0.667],"y":[1]},"o":{"x":[0.333],"y":[0]},"t":1560,"s":[325]},{"i":{"x":[0.667],"y":[1]},"o":{"x":[0.333],"y":[0]},"t":1620,"s":[325]},{"t":1650,"s":[325],"h":1}],"ix":4}},"a":{"a":0,"k":[200,325,0],"ix":1},"s":{"a":1,"k":[{"i":{"x":[0.667,0.667,0.667],"y":[1,1,1]},"o":{"x":[0.333,0.333,0.333],"y":[0,0,0]},"t":1350,"s":[0,0,100]},{"t":1380,"s":[60,60,100],"h":1},{"i":{"x":[0.667,0.667,0.667],"y":[1,1,1]},"o":{"x":[0.333,0.333,0.333],"y":[0,0,0]},"t":1440,"s":[60,60,100]},{"t":1470,"s":[100,100,100],"h":1},{"i":{"x":[0.667,0.667,0.667],"y":[1,1,1]},"o":{"x":[0.333,0.333,0.333],"y":[0,0,0]},"t":1530,"s":[100,100,100]},{"t":1560,"s":[60,60,100],"h":1},{"i":{"x":[0.667,0.667,0.667],"y":[1,1,1]},"o":{"x":[0.333,0.333,0.333],"y":[0,0,0]},"t":1620,"s":[60,60,100]},{"t":1650,"s":[0,0,100],"h":1}],"ix":6}},"ao":0,"ip":1350,"op":1650,"st":1350,"bm":0},{"ddd":0,"ind":17,"ty":2,"nm":"result(19).png","cl":"png","refId":"image_16","sr":1,"ks":{"o":{"a":1,"k":[{"i":{"x":[0.667],"y":[1]},"o":{"x":[0.333],"y":[0]},"t":1440,"s":[0]},{"t":1470,"s":[75],"h":1},{"i":{"x":[0.667],"y":[1]},"o":{"x":[0.333],"y":[0]},"t":1530,"s":[75]},{"t":1560,"s":[100],"h":1},{"i":{"x":[0.667],"y":[1]},"o":{"x":[0.333],"y":[0]},"t":1620,"s":[100]},{"t":1650,"s":[75],"h":1},{"i":{"x":[0.667],"y":[1]},"o":{"x":[0.333],"y":[0]},"t":1710,"s":[75]},{"t":1740,"s":[0],"h":1}],"ix":11},"r":{"a":0,"k":0,"ix":10},"p":{"s":true,"x":{"a":1,"k":[{"i":{"x":[0],"y":[1]},"o":{"x":[0.333],"y":[0]},"t":1440,"s":[1209]},{"i":{"x":[0.667],"y":[1]},"o":{"x":[0.333],"y":[0]},"t":1470,"s":[870]},{"i":{"x":[0],"y":[1]},"o":{"x":[0.333],"y":[0]},"t":1530,"s":[870]},{"i":{"x":[0.667],"y":[1]},"o":{"x":[0.333],"y":[0]},"t":1560,"s":[540]},{"i":{"x":[0.005],"y":[1]},"o":{"x":[0.333],"y":[0]},"t":1620,"s":[540]},{"i":{"x":[0.667],"y":[1]},"o":{"x":[0.333],"y":[0]},"t":1650,"s":[210]},{"i":{"x":[0],"y":[1.125]},"o":{"x":[0.333],"y":[0]},"t":1710,"s":[210]},{"t":1740,"s":[-125],"h":1}],"ix":3},"y":{"a":1,"k":[{"i":{"x":[0.667],"y":[1]},"o":{"x":[0.333],"y":[0]},"t":1440,"s":[325]},{"i":{"x":[0.667],"y":[1]},"o":{"x":[0.333],"y":[0]},"t":1470,"s":[325]},{"i":{"x":[0.667],"y":[1]},"o":{"x":[0.333],"y":[0]},"t":1530,"s":[325]},{"i":{"x":[0.667],"y":[1]},"o":{"x":[0.333],"y":[0]},"t":1560,"s":[325]},{"i":{"x":[0.667],"y":[1]},"o":{"x":[0.333],"y":[0]},"t":1620,"s":[325]},{"i":{"x":[0.667],"y":[1]},"o":{"x":[0.333],"y":[0]},"t":1650,"s":[325]},{"i":{"x":[0.667],"y":[1]},"o":{"x":[0.333],"y":[0]},"t":1710,"s":[325]},{"t":1740,"s":[325],"h":1}],"ix":4}},"a":{"a":0,"k":[200,325,0],"ix":1},"s":{"a":1,"k":[{"i":{"x":[0.667,0.667,0.667],"y":[1,1,1]},"o":{"x":[0.333,0.333,0.333],"y":[0,0,0]},"t":1440,"s":[0,0,100]},{"t":1470,"s":[60,60,100],"h":1},{"i":{"x":[0.667,0.667,0.667],"y":[1,1,1]},"o":{"x":[0.333,0.333,0.333],"y":[0,0,0]},"t":1530,"s":[60,60,100]},{"t":1560,"s":[100,100,100],"h":1},{"i":{"x":[0.667,0.667,0.667],"y":[1,1,1]},"o":{"x":[0.333,0.333,0.333],"y":[0,0,0]},"t":1620,"s":[100,100,100]},{"t":1650,"s":[60,60,100],"h":1},{"i":{"x":[0.667,0.667,0.667],"y":[1,1,1]},"o":{"x":[0.333,0.333,0.333],"y":[0,0,0]},"t":1710,"s":[60,60,100]},{"t":1740,"s":[0,0,100],"h":1}],"ix":6}},"ao":0,"ip":1440,"op":1740,"st":1440,"bm":0},{"ddd":0,"ind":18,"ty":2,"nm":"result(20).png","cl":"png","refId":"image_17","sr":1,"ks":{"o":{"a":1,"k":[{"i":{"x":[0.667],"y":[1]},"o":{"x":[0.333],"y":[0]},"t":1530,"s":[0]},{"t":1560,"s":[75],"h":1},{"i":{"x":[0.667],"y":[1]},"o":{"x":[0.333],"y":[0]},"t":1620,"s":[75]},{"t":1650,"s":[100],"h":1},{"i":{"x":[0.667],"y":[1]},"o":{"x":[0.333],"y":[0]},"t":1710,"s":[100]},{"t":1740,"s":[75],"h":1},{"i":{"x":[0.667],"y":[1]},"o":{"x":[0.333],"y":[0]},"t":1800,"s":[75]},{"t":1830,"s":[0],"h":1}],"ix":11},"r":{"a":0,"k":0,"ix":10},"p":{"s":true,"x":{"a":1,"k":[{"i":{"x":[0],"y":[1]},"o":{"x":[0.333],"y":[0]},"t":1530,"s":[1209]},{"i":{"x":[0.667],"y":[1]},"o":{"x":[0.333],"y":[0]},"t":1560,"s":[870]},{"i":{"x":[0],"y":[1]},"o":{"x":[0.333],"y":[0]},"t":1620,"s":[870]},{"i":{"x":[0.667],"y":[1]},"o":{"x":[0.333],"y":[0]},"t":1650,"s":[540]},{"i":{"x":[0.005],"y":[1]},"o":{"x":[0.333],"y":[0]},"t":1710,"s":[540]},{"i":{"x":[0.667],"y":[1]},"o":{"x":[0.333],"y":[0]},"t":1740,"s":[210]},{"i":{"x":[0],"y":[1.125]},"o":{"x":[0.333],"y":[0]},"t":1800,"s":[210]},{"t":1830,"s":[-125],"h":1}],"ix":3},"y":{"a":1,"k":[{"i":{"x":[0.667],"y":[1]},"o":{"x":[0.333],"y":[0]},"t":1530,"s":[325]},{"i":{"x":[0.667],"y":[1]},"o":{"x":[0.333],"y":[0]},"t":1560,"s":[325]},{"i":{"x":[0.667],"y":[1]},"o":{"x":[0.333],"y":[0]},"t":1620,"s":[325]},{"i":{"x":[0.667],"y":[1]},"o":{"x":[0.333],"y":[0]},"t":1650,"s":[325]},{"i":{"x":[0.667],"y":[1]},"o":{"x":[0.333],"y":[0]},"t":1710,"s":[325]},{"i":{"x":[0.667],"y":[1]},"o":{"x":[0.333],"y":[0]},"t":1740,"s":[325]},{"i":{"x":[0.667],"y":[1]},"o":{"x":[0.333],"y":[0]},"t":1800,"s":[325]},{"t":1830,"s":[325],"h":1}],"ix":4}},"a":{"a":0,"k":[200,325,0],"ix":1},"s":{"a":1,"k":[{"i":{"x":[0.667,0.667,0.667],"y":[1,1,1]},"o":{"x":[0.333,0.333,0.333],"y":[0,0,0]},"t":1530,"s":[0,0,100]},{"t":1560,"s":[60,60,100],"h":1},{"i":{"x":[0.667,0.667,0.667],"y":[1,1,1]},"o":{"x":[0.333,0.333,0.333],"y":[0,0,0]},"t":1620,"s":[60,60,100]},{"t":1650,"s":[100,100,100],"h":1},{"i":{"x":[0.667,0.667,0.667],"y":[1,1,1]},"o":{"x":[0.333,0.333,0.333],"y":[0,0,0]},"t":1710,"s":[100,100,100]},{"t":1740,"s":[60,60,100],"h":1},{"i":{"x":[0.667,0.667,0.667],"y":[1,1,1]},"o":{"x":[0.333,0.333,0.333],"y":[0,0,0]},"t":1800,"s":[60,60,100]},{"t":1830,"s":[0,0,100],"h":1}],"ix":6}},"ao":0,"ip":1530,"op":1830,"st":1530,"bm":0},{"ddd":0,"ind":19,"ty":2,"nm":"result(21).png","cl":"png","refId":"image_18","sr":1,"ks":{"o":{"a":1,"k":[{"i":{"x":[0.667],"y":[1]},"o":{"x":[0.333],"y":[0]},"t":1620,"s":[0]},{"t":1650,"s":[75],"h":1},{"i":{"x":[0.667],"y":[1]},"o":{"x":[0.333],"y":[0]},"t":1710,"s":[75]},{"t":1740,"s":[100],"h":1},{"i":{"x":[0.667],"y":[1]},"o":{"x":[0.333],"y":[0]},"t":1800,"s":[100]},{"t":1830,"s":[75],"h":1},{"i":{"x":[0.667],"y":[1]},"o":{"x":[0.333],"y":[0]},"t":1890,"s":[75]},{"t":1920,"s":[0],"h":1}],"ix":11},"r":{"a":0,"k":0,"ix":10},"p":{"s":true,"x":{"a":1,"k":[{"i":{"x":[0],"y":[1]},"o":{"x":[0.333],"y":[0]},"t":1620,"s":[1209]},{"i":{"x":[0.667],"y":[1]},"o":{"x":[0.333],"y":[0]},"t":1650,"s":[870]},{"i":{"x":[0],"y":[1]},"o":{"x":[0.333],"y":[0]},"t":1710,"s":[870]},{"i":{"x":[0.667],"y":[1]},"o":{"x":[0.333],"y":[0]},"t":1740,"s":[540]},{"i":{"x":[0.005],"y":[1]},"o":{"x":[0.333],"y":[0]},"t":1800,"s":[540]},{"i":{"x":[0.667],"y":[1]},"o":{"x":[0.333],"y":[0]},"t":1830,"s":[210]},{"i":{"x":[0],"y":[1.125]},"o":{"x":[0.333],"y":[0]},"t":1890,"s":[210]},{"t":1920,"s":[-125],"h":1}],"ix":3},"y":{"a":1,"k":[{"i":{"x":[0.667],"y":[1]},"o":{"x":[0.333],"y":[0]},"t":1620,"s":[325]},{"i":{"x":[0.667],"y":[1]},"o":{"x":[0.333],"y":[0]},"t":1650,"s":[325]},{"i":{"x":[0.667],"y":[1]},"o":{"x":[0.333],"y":[0]},"t":1710,"s":[325]},{"i":{"x":[0.667],"y":[1]},"o":{"x":[0.333],"y":[0]},"t":1740,"s":[325]},{"i":{"x":[0.667],"y":[1]},"o":{"x":[0.333],"y":[0]},"t":1800,"s":[325]},{"i":{"x":[0.667],"y":[1]},"o":{"x":[0.333],"y":[0]},"t":1830,"s":[325]},{"i":{"x":[0.667],"y":[1]},"o":{"x":[0.333],"y":[0]},"t":1890,"s":[325]},{"t":1920,"s":[325],"h":1}],"ix":4}},"a":{"a":0,"k":[200,325,0],"ix":1},"s":{"a":1,"k":[{"i":{"x":[0.667,0.667,0.667],"y":[1,1,1]},"o":{"x":[0.333,0.333,0.333],"y":[0,0,0]},"t":1620,"s":[0,0,100]},{"t":1650,"s":[60,60,100],"h":1},{"i":{"x":[0.667,0.667,0.667],"y":[1,1,1]},"o":{"x":[0.333,0.333,0.333],"y":[0,0,0]},"t":1710,"s":[60,60,100]},{"t":1740,"s":[100,100,100],"h":1},{"i":{"x":[0.667,0.667,0.667],"y":[1,1,1]},"o":{"x":[0.333,0.333,0.333],"y":[0,0,0]},"t":1800,"s":[100,100,100]},{"t":1830,"s":[60,60,100],"h":1},{"i":{"x":[0.667,0.667,0.667],"y":[1,1,1]},"o":{"x":[0.333,0.333,0.333],"y":[0,0,0]},"t":1890,"s":[60,60,100]},{"t":1920,"s":[0,0,100],"h":1}],"ix":6}},"ao":0,"ip":1620,"op":1920,"st":1620,"bm":0},{"ddd":0,"ind":20,"ty":2,"nm":"result(22).png","cl":"png","refId":"image_19","sr":1,"ks":{"o":{"a":1,"k":[{"i":{"x":[0.667],"y":[1]},"o":{"x":[0.333],"y":[0]},"t":1710,"s":[0]},{"t":1740,"s":[75],"h":1},{"i":{"x":[0.667],"y":[1]},"o":{"x":[0.333],"y":[0]},"t":1800,"s":[75]},{"t":1830,"s":[100],"h":1},{"i":{"x":[0.667],"y":[1]},"o":{"x":[0.333],"y":[0]},"t":1890,"s":[100]},{"t":1920,"s":[75],"h":1},{"i":{"x":[0.667],"y":[1]},"o":{"x":[0.333],"y":[0]},"t":1980,"s":[75]},{"t":2010,"s":[0],"h":1}],"ix":11},"r":{"a":0,"k":0,"ix":10},"p":{"s":true,"x":{"a":1,"k":[{"i":{"x":[0],"y":[1]},"o":{"x":[0.333],"y":[0]},"t":1710,"s":[1209]},{"i":{"x":[0.667],"y":[1]},"o":{"x":[0.333],"y":[0]},"t":1740,"s":[870]},{"i":{"x":[0],"y":[1]},"o":{"x":[0.333],"y":[0]},"t":1800,"s":[870]},{"i":{"x":[0.667],"y":[1]},"o":{"x":[0.333],"y":[0]},"t":1830,"s":[540]},{"i":{"x":[0.005],"y":[1]},"o":{"x":[0.333],"y":[0]},"t":1890,"s":[540]},{"i":{"x":[0.667],"y":[1]},"o":{"x":[0.333],"y":[0]},"t":1920,"s":[210]},{"i":{"x":[0],"y":[1.125]},"o":{"x":[0.333],"y":[0]},"t":1980,"s":[210]},{"t":2010,"s":[-125],"h":1}],"ix":3},"y":{"a":1,"k":[{"i":{"x":[0.667],"y":[1]},"o":{"x":[0.333],"y":[0]},"t":1710,"s":[325]},{"i":{"x":[0.667],"y":[1]},"o":{"x":[0.333],"y":[0]},"t":1740,"s":[325]},{"i":{"x":[0.667],"y":[1]},"o":{"x":[0.333],"y":[0]},"t":1800,"s":[325]},{"i":{"x":[0.667],"y":[1]},"o":{"x":[0.333],"y":[0]},"t":1830,"s":[325]},{"i":{"x":[0.667],"y":[1]},"o":{"x":[0.333],"y":[0]},"t":1890,"s":[325]},{"i":{"x":[0.667],"y":[1]},"o":{"x":[0.333],"y":[0]},"t":1920,"s":[325]},{"i":{"x":[0.667],"y":[1]},"o":{"x":[0.333],"y":[0]},"t":1980,"s":[325]},{"t":2010,"s":[325],"h":1}],"ix":4}},"a":{"a":0,"k":[200,325,0],"ix":1},"s":{"a":1,"k":[{"i":{"x":[0.667,0.667,0.667],"y":[1,1,1]},"o":{"x":[0.333,0.333,0.333],"y":[0,0,0]},"t":1710,"s":[0,0,100]},{"t":1740,"s":[60,60,100],"h":1},{"i":{"x":[0.667,0.667,0.667],"y":[1,1,1]},"o":{"x":[0.333,0.333,0.333],"y":[0,0,0]},"t":1800,"s":[60,60,100]},{"t":1830,"s":[100,100,100],"h":1},{"i":{"x":[0.667,0.667,0.667],"y":[1,1,1]},"o":{"x":[0.333,0.333,0.333],"y":[0,0,0]},"t":1890,"s":[100,100,100]},{"t":1920,"s":[60,60,100],"h":1},{"i":{"x":[0.667,0.667,0.667],"y":[1,1,1]},"o":{"x":[0.333,0.333,0.333],"y":[0,0,0]},"t":1980,"s":[60,60,100]},{"t":2010,"s":[0,0,100],"h":1}],"ix":6}},"ao":0,"ip":1710,"op":2010,"st":1710,"bm":0},{"ddd":0,"ind":21,"ty":2,"nm":"result(23).png","cl":"png","refId":"image_20","sr":1,"ks":{"o":{"a":1,"k":[{"i":{"x":[0.667],"y":[1]},"o":{"x":[0.333],"y":[0]},"t":1800,"s":[0]},{"t":1830,"s":[75],"h":1},{"i":{"x":[0.667],"y":[1]},"o":{"x":[0.333],"y":[0]},"t":1890,"s":[75]},{"t":1920,"s":[100],"h":1},{"i":{"x":[0.667],"y":[1]},"o":{"x":[0.333],"y":[0]},"t":1980,"s":[100]},{"t":2010,"s":[75],"h":1},{"i":{"x":[0.667],"y":[1]},"o":{"x":[0.333],"y":[0]},"t":2070,"s":[75]},{"t":2100,"s":[0],"h":1}],"ix":11},"r":{"a":0,"k":0,"ix":10},"p":{"s":true,"x":{"a":1,"k":[{"i":{"x":[0],"y":[1]},"o":{"x":[0.333],"y":[0]},"t":1800,"s":[1209]},{"i":{"x":[0.667],"y":[1]},"o":{"x":[0.333],"y":[0]},"t":1830,"s":[870]},{"i":{"x":[0],"y":[1]},"o":{"x":[0.333],"y":[0]},"t":1890,"s":[870]},{"i":{"x":[0.667],"y":[1]},"o":{"x":[0.333],"y":[0]},"t":1920,"s":[540]},{"i":{"x":[0.005],"y":[1]},"o":{"x":[0.333],"y":[0]},"t":1980,"s":[540]},{"i":{"x":[0.667],"y":[1]},"o":{"x":[0.333],"y":[0]},"t":2010,"s":[210]},{"i":{"x":[0],"y":[1.125]},"o":{"x":[0.333],"y":[0]},"t":2070,"s":[210]},{"t":2100,"s":[-125],"h":1}],"ix":3},"y":{"a":1,"k":[{"i":{"x":[0.667],"y":[1]},"o":{"x":[0.333],"y":[0]},"t":1800,"s":[325]},{"i":{"x":[0.667],"y":[1]},"o":{"x":[0.333],"y":[0]},"t":1830,"s":[325]},{"i":{"x":[0.667],"y":[1]},"o":{"x":[0.333],"y":[0]},"t":1890,"s":[325]},{"i":{"x":[0.667],"y":[1]},"o":{"x":[0.333],"y":[0]},"t":1920,"s":[325]},{"i":{"x":[0.667],"y":[1]},"o":{"x":[0.333],"y":[0]},"t":1980,"s":[325]},{"i":{"x":[0.667],"y":[1]},"o":{"x":[0.333],"y":[0]},"t":2010,"s":[325]},{"i":{"x":[0.667],"y":[1]},"o":{"x":[0.333],"y":[0]},"t":2070,"s":[325]},{"t":2100,"s":[325],"h":1}],"ix":4}},"a":{"a":0,"k":[200,325,0],"ix":1},"s":{"a":1,"k":[{"i":{"x":[0.667,0.667,0.667],"y":[1,1,1]},"o":{"x":[0.333,0.333,0.333],"y":[0,0,0]},"t":1800,"s":[0,0,100]},{"t":1830,"s":[60,60,100],"h":1},{"i":{"x":[0.667,0.667,0.667],"y":[1,1,1]},"o":{"x":[0.333,0.333,0.333],"y":[0,0,0]},"t":1890,"s":[60,60,100]},{"t":1920,"s":[100,100,100],"h":1},{"i":{"x":[0.667,0.667,0.667],"y":[1,1,1]},"o":{"x":[0.333,0.333,0.333],"y":[0,0,0]},"t":1980,"s":[100,100,100]},{"t":2010,"s":[60,60,100],"h":1},{"i":{"x":[0.667,0.667,0.667],"y":[1,1,1]},"o":{"x":[0.333,0.333,0.333],"y":[0,0,0]},"t":2070,"s":[60,60,100]},{"t":2100,"s":[0,0,100],"h":1}],"ix":6}},"ao":0,"ip":1800,"op":2100,"st":1800,"bm":0},{"ddd":0,"ind":22,"ty":2,"nm":"result(24).png","cl":"png","refId":"image_21","sr":1,"ks":{"o":{"a":1,"k":[{"i":{"x":[0.667],"y":[1]},"o":{"x":[0.333],"y":[0]},"t":1890,"s":[0]},{"t":1920,"s":[75],"h":1},{"i":{"x":[0.667],"y":[1]},"o":{"x":[0.333],"y":[0]},"t":1980,"s":[75]},{"t":2010,"s":[100],"h":1},{"i":{"x":[0.667],"y":[1]},"o":{"x":[0.333],"y":[0]},"t":2070,"s":[100]},{"t":2100,"s":[75],"h":1},{"i":{"x":[0.667],"y":[1]},"o":{"x":[0.333],"y":[0]},"t":2160,"s":[75]},{"t":2190,"s":[0],"h":1}],"ix":11},"r":{"a":0,"k":0,"ix":10},"p":{"s":true,"x":{"a":1,"k":[{"i":{"x":[0],"y":[1]},"o":{"x":[0.333],"y":[0]},"t":1890,"s":[1209]},{"i":{"x":[0.667],"y":[1]},"o":{"x":[0.333],"y":[0]},"t":1920,"s":[870]},{"i":{"x":[0],"y":[1]},"o":{"x":[0.333],"y":[0]},"t":1980,"s":[870]},{"i":{"x":[0.667],"y":[1]},"o":{"x":[0.333],"y":[0]},"t":2010,"s":[540]},{"i":{"x":[0.005],"y":[1]},"o":{"x":[0.333],"y":[0]},"t":2070,"s":[540]},{"i":{"x":[0.667],"y":[1]},"o":{"x":[0.333],"y":[0]},"t":2100,"s":[210]},{"i":{"x":[0],"y":[1.125]},"o":{"x":[0.333],"y":[0]},"t":2160,"s":[210]},{"t":2190,"s":[-125],"h":1}],"ix":3},"y":{"a":1,"k":[{"i":{"x":[0.667],"y":[1]},"o":{"x":[0.333],"y":[0]},"t":1890,"s":[325]},{"i":{"x":[0.667],"y":[1]},"o":{"x":[0.333],"y":[0]},"t":1920,"s":[325]},{"i":{"x":[0.667],"y":[1]},"o":{"x":[0.333],"y":[0]},"t":1980,"s":[325]},{"i":{"x":[0.667],"y":[1]},"o":{"x":[0.333],"y":[0]},"t":2010,"s":[325]},{"i":{"x":[0.667],"y":[1]},"o":{"x":[0.333],"y":[0]},"t":2070,"s":[325]},{"i":{"x":[0.667],"y":[1]},"o":{"x":[0.333],"y":[0]},"t":2100,"s":[325]},{"i":{"x":[0.667],"y":[1]},"o":{"x":[0.333],"y":[0]},"t":2160,"s":[325]},{"t":2190,"s":[325],"h":1}],"ix":4}},"a":{"a":0,"k":[200,325,0],"ix":1},"s":{"a":1,"k":[{"i":{"x":[0.667,0.667,0.667],"y":[1,1,1]},"o":{"x":[0.333,0.333,0.333],"y":[0,0,0]},"t":1890,"s":[0,0,100]},{"t":1920,"s":[60,60,100],"h":1},{"i":{"x":[0.667,0.667,0.667],"y":[1,1,1]},"o":{"x":[0.333,0.333,0.333],"y":[0,0,0]},"t":1980,"s":[60,60,100]},{"t":2010,"s":[100,100,100],"h":1},{"i":{"x":[0.667,0.667,0.667],"y":[1,1,1]},"o":{"x":[0.333,0.333,0.333],"y":[0,0,0]},"t":2070,"s":[100,100,100]},{"t":2100,"s":[60,60,100],"h":1},{"i":{"x":[0.667,0.667,0.667],"y":[1,1,1]},"o":{"x":[0.333,0.333,0.333],"y":[0,0,0]},"t":2160,"s":[60,60,100]},{"t":2190,"s":[0,0,100],"h":1}],"ix":6}},"ao":0,"ip":1890,"op":2190,"st":1890,"bm":0},{"ddd":0,"ind":23,"ty":2,"nm":"result(25).png","cl":"png","refId":"image_22","sr":1,"ks":{"o":{"a":1,"k":[{"i":{"x":[0.667],"y":[1]},"o":{"x":[0.333],"y":[0]},"t":1980,"s":[0]},{"t":2010,"s":[75],"h":1},{"i":{"x":[0.667],"y":[1]},"o":{"x":[0.333],"y":[0]},"t":2070,"s":[75]},{"t":2100,"s":[100],"h":1},{"i":{"x":[0.667],"y":[1]},"o":{"x":[0.333],"y":[0]},"t":2160,"s":[100]},{"t":2190,"s":[75],"h":1},{"i":{"x":[0.667],"y":[1]},"o":{"x":[0.333],"y":[0]},"t":2250,"s":[75]},{"t":2280,"s":[0],"h":1}],"ix":11},"r":{"a":0,"k":0,"ix":10},"p":{"s":true,"x":{"a":1,"k":[{"i":{"x":[0],"y":[1]},"o":{"x":[0.333],"y":[0]},"t":1980,"s":[1209]},{"i":{"x":[0.667],"y":[1]},"o":{"x":[0.333],"y":[0]},"t":2010,"s":[870]},{"i":{"x":[0],"y":[1]},"o":{"x":[0.333],"y":[0]},"t":2070,"s":[870]},{"i":{"x":[0.667],"y":[1]},"o":{"x":[0.333],"y":[0]},"t":2100,"s":[540]},{"i":{"x":[0.005],"y":[1]},"o":{"x":[0.333],"y":[0]},"t":2160,"s":[540]},{"i":{"x":[0.667],"y":[1]},"o":{"x":[0.333],"y":[0]},"t":2190,"s":[210]},{"i":{"x":[0],"y":[1.125]},"o":{"x":[0.333],"y":[0]},"t":2250,"s":[210]},{"t":2280,"s":[-125],"h":1}],"ix":3},"y":{"a":1,"k":[{"i":{"x":[0.667],"y":[1]},"o":{"x":[0.333],"y":[0]},"t":1980,"s":[325]},{"i":{"x":[0.667],"y":[1]},"o":{"x":[0.333],"y":[0]},"t":2010,"s":[325]},{"i":{"x":[0.667],"y":[1]},"o":{"x":[0.333],"y":[0]},"t":2070,"s":[325]},{"i":{"x":[0.667],"y":[1]},"o":{"x":[0.333],"y":[0]},"t":2100,"s":[325]},{"i":{"x":[0.667],"y":[1]},"o":{"x":[0.333],"y":[0]},"t":2160,"s":[325]},{"i":{"x":[0.667],"y":[1]},"o":{"x":[0.333],"y":[0]},"t":2190,"s":[325]},{"i":{"x":[0.667],"y":[1]},"o":{"x":[0.333],"y":[0]},"t":2250,"s":[325]},{"t":2280,"s":[325],"h":1}],"ix":4}},"a":{"a":0,"k":[200,325,0],"ix":1},"s":{"a":1,"k":[{"i":{"x":[0.667,0.667,0.667],"y":[1,1,1]},"o":{"x":[0.333,0.333,0.333],"y":[0,0,0]},"t":1980,"s":[0,0,100]},{"t":2010,"s":[60,60,100],"h":1},{"i":{"x":[0.667,0.667,0.667],"y":[1,1,1]},"o":{"x":[0.333,0.333,0.333],"y":[0,0,0]},"t":2070,"s":[60,60,100]},{"t":2100,"s":[100,100,100],"h":1},{"i":{"x":[0.667,0.667,0.667],"y":[1,1,1]},"o":{"x":[0.333,0.333,0.333],"y":[0,0,0]},"t":2160,"s":[100,100,100]},{"t":2190,"s":[60,60,100],"h":1},{"i":{"x":[0.667,0.667,0.667],"y":[1,1,1]},"o":{"x":[0.333,0.333,0.333],"y":[0,0,0]},"t":2250,"s":[60,60,100]},{"t":2280,"s":[0,0,100],"h":1}],"ix":6}},"ao":0,"ip":1980,"op":2280,"st":1980,"bm":0},{"ddd":0,"ind":24,"ty":2,"nm":"result(26).png","cl":"png","refId":"image_23","sr":1,"ks":{"o":{"a":1,"k":[{"i":{"x":[0.667],"y":[1]},"o":{"x":[0.333],"y":[0]},"t":2070,"s":[0]},{"t":2100,"s":[75],"h":1},{"i":{"x":[0.667],"y":[1]},"o":{"x":[0.333],"y":[0]},"t":2160,"s":[75]},{"t":2190,"s":[100],"h":1},{"i":{"x":[0.667],"y":[1]},"o":{"x":[0.333],"y":[0]},"t":2250,"s":[100]},{"t":2280,"s":[75],"h":1},{"i":{"x":[0.667],"y":[1]},"o":{"x":[0.333],"y":[0]},"t":2340,"s":[75]},{"t":2370,"s":[0],"h":1}],"ix":11},"r":{"a":0,"k":0,"ix":10},"p":{"s":true,"x":{"a":1,"k":[{"i":{"x":[0],"y":[1]},"o":{"x":[0.333],"y":[0]},"t":2070,"s":[1209]},{"i":{"x":[0.667],"y":[1]},"o":{"x":[0.333],"y":[0]},"t":2100,"s":[870]},{"i":{"x":[0],"y":[1]},"o":{"x":[0.333],"y":[0]},"t":2160,"s":[870]},{"i":{"x":[0.667],"y":[1]},"o":{"x":[0.333],"y":[0]},"t":2190,"s":[540]},{"i":{"x":[0.005],"y":[1]},"o":{"x":[0.333],"y":[0]},"t":2250,"s":[540]},{"i":{"x":[0.667],"y":[1]},"o":{"x":[0.333],"y":[0]},"t":2280,"s":[210]},{"i":{"x":[0],"y":[1.125]},"o":{"x":[0.333],"y":[0]},"t":2340,"s":[210]},{"t":2370,"s":[-125],"h":1}],"ix":3},"y":{"a":1,"k":[{"i":{"x":[0.667],"y":[1]},"o":{"x":[0.333],"y":[0]},"t":2070,"s":[325]},{"i":{"x":[0.667],"y":[1]},"o":{"x":[0.333],"y":[0]},"t":2100,"s":[325]},{"i":{"x":[0.667],"y":[1]},"o":{"x":[0.333],"y":[0]},"t":2160,"s":[325]},{"i":{"x":[0.667],"y":[1]},"o":{"x":[0.333],"y":[0]},"t":2190,"s":[325]},{"i":{"x":[0.667],"y":[1]},"o":{"x":[0.333],"y":[0]},"t":2250,"s":[325]},{"i":{"x":[0.667],"y":[1]},"o":{"x":[0.333],"y":[0]},"t":2280,"s":[325]},{"i":{"x":[0.667],"y":[1]},"o":{"x":[0.333],"y":[0]},"t":2340,"s":[325]},{"t":2370,"s":[325],"h":1}],"ix":4}},"a":{"a":0,"k":[200,325,0],"ix":1},"s":{"a":1,"k":[{"i":{"x":[0.667,0.667,0.667],"y":[1,1,1]},"o":{"x":[0.333,0.333,0.333],"y":[0,0,0]},"t":2070,"s":[0,0,100]},{"t":2100,"s":[60,60,100],"h":1},{"i":{"x":[0.667,0.667,0.667],"y":[1,1,1]},"o":{"x":[0.333,0.333,0.333],"y":[0,0,0]},"t":2160,"s":[60,60,100]},{"t":2190,"s":[100,100,100],"h":1},{"i":{"x":[0.667,0.667,0.667],"y":[1,1,1]},"o":{"x":[0.333,0.333,0.333],"y":[0,0,0]},"t":2250,"s":[100,100,100]},{"t":2280,"s":[60,60,100],"h":1},{"i":{"x":[0.667,0.667,0.667],"y":[1,1,1]},"o":{"x":[0.333,0.333,0.333],"y":[0,0,0]},"t":2340,"s":[60,60,100]},{"t":2370,"s":[0,0,100],"h":1}],"ix":6}},"ao":0,"ip":2070,"op":2370,"st":2070,"bm":0},{"ddd":0,"ind":25,"ty":2,"nm":"result(27).png","cl":"png","refId":"image_24","sr":1,"ks":{"o":{"a":1,"k":[{"i":{"x":[0.667],"y":[1]},"o":{"x":[0.333],"y":[0]},"t":2160,"s":[0]},{"t":2190,"s":[75],"h":1},{"i":{"x":[0.667],"y":[1]},"o":{"x":[0.333],"y":[0]},"t":2250,"s":[75]},{"t":2280,"s":[100],"h":1},{"i":{"x":[0.667],"y":[1]},"o":{"x":[0.333],"y":[0]},"t":2340,"s":[100]},{"t":2370,"s":[75],"h":1},{"i":{"x":[0.667],"y":[1]},"o":{"x":[0.333],"y":[0]},"t":2430,"s":[75]},{"t":2460,"s":[0],"h":1}],"ix":11},"r":{"a":0,"k":0,"ix":10},"p":{"s":true,"x":{"a":1,"k":[{"i":{"x":[0],"y":[1]},"o":{"x":[0.333],"y":[0]},"t":2160,"s":[1209]},{"i":{"x":[0.667],"y":[1]},"o":{"x":[0.333],"y":[0]},"t":2190,"s":[870]},{"i":{"x":[0],"y":[1]},"o":{"x":[0.333],"y":[0]},"t":2250,"s":[870]},{"i":{"x":[0.667],"y":[1]},"o":{"x":[0.333],"y":[0]},"t":2280,"s":[540]},{"i":{"x":[0.005],"y":[1]},"o":{"x":[0.333],"y":[0]},"t":2340,"s":[540]},{"i":{"x":[0.667],"y":[1]},"o":{"x":[0.333],"y":[0]},"t":2370,"s":[210]},{"i":{"x":[0],"y":[1.125]},"o":{"x":[0.333],"y":[0]},"t":2430,"s":[210]},{"t":2460,"s":[-125],"h":1}],"ix":3},"y":{"a":1,"k":[{"i":{"x":[0.667],"y":[1]},"o":{"x":[0.333],"y":[0]},"t":2160,"s":[325]},{"i":{"x":[0.667],"y":[1]},"o":{"x":[0.333],"y":[0]},"t":2190,"s":[325]},{"i":{"x":[0.667],"y":[1]},"o":{"x":[0.333],"y":[0]},"t":2250,"s":[325]},{"i":{"x":[0.667],"y":[1]},"o":{"x":[0.333],"y":[0]},"t":2280,"s":[325]},{"i":{"x":[0.667],"y":[1]},"o":{"x":[0.333],"y":[0]},"t":2340,"s":[325]},{"i":{"x":[0.667],"y":[1]},"o":{"x":[0.333],"y":[0]},"t":2370,"s":[325]},{"i":{"x":[0.667],"y":[1]},"o":{"x":[0.333],"y":[0]},"t":2430,"s":[325]},{"t":2460,"s":[325],"h":1}],"ix":4}},"a":{"a":0,"k":[200,325,0],"ix":1},"s":{"a":1,"k":[{"i":{"x":[0.667,0.667,0.667],"y":[1,1,1]},"o":{"x":[0.333,0.333,0.333],"y":[0,0,0]},"t":2160,"s":[0,0,100]},{"t":2190,"s":[60,60,100],"h":1},{"i":{"x":[0.667,0.667,0.667],"y":[1,1,1]},"o":{"x":[0.333,0.333,0.333],"y":[0,0,0]},"t":2250,"s":[60,60,100]},{"t":2280,"s":[100,100,100],"h":1},{"i":{"x":[0.667,0.667,0.667],"y":[1,1,1]},"o":{"x":[0.333,0.333,0.333],"y":[0,0,0]},"t":2340,"s":[100,100,100]},{"t":2370,"s":[60,60,100],"h":1},{"i":{"x":[0.667,0.667,0.667],"y":[1,1,1]},"o":{"x":[0.333,0.333,0.333],"y":[0,0,0]},"t":2430,"s":[60,60,100]},{"t":2460,"s":[0,0,100],"h":1}],"ix":6}},"ao":0,"ip":2160,"op":2460,"st":2160,"bm":0},{"ddd":0,"ind":26,"ty":2,"nm":"result(28).png","cl":"png","refId":"image_25","sr":1,"ks":{"o":{"a":1,"k":[{"i":{"x":[0.667],"y":[1]},"o":{"x":[0.333],"y":[0]},"t":2250,"s":[0]},{"t":2280,"s":[75],"h":1},{"i":{"x":[0.667],"y":[1]},"o":{"x":[0.333],"y":[0]},"t":2340,"s":[75]},{"t":2370,"s":[100],"h":1},{"i":{"x":[0.667],"y":[1]},"o":{"x":[0.333],"y":[0]},"t":2430,"s":[100]},{"t":2460,"s":[75],"h":1},{"i":{"x":[0.667],"y":[1]},"o":{"x":[0.333],"y":[0]},"t":2520,"s":[75]},{"t":2550,"s":[0],"h":1}],"ix":11},"r":{"a":0,"k":0,"ix":10},"p":{"s":true,"x":{"a":1,"k":[{"i":{"x":[0],"y":[1]},"o":{"x":[0.333],"y":[0]},"t":2250,"s":[1209]},{"i":{"x":[0.667],"y":[1]},"o":{"x":[0.333],"y":[0]},"t":2280,"s":[870]},{"i":{"x":[0],"y":[1]},"o":{"x":[0.333],"y":[0]},"t":2340,"s":[870]},{"i":{"x":[0.667],"y":[1]},"o":{"x":[0.333],"y":[0]},"t":2370,"s":[540]},{"i":{"x":[0.005],"y":[1]},"o":{"x":[0.333],"y":[0]},"t":2430,"s":[540]},{"i":{"x":[0.667],"y":[1]},"o":{"x":[0.333],"y":[0]},"t":2460,"s":[210]},{"i":{"x":[0],"y":[1.125]},"o":{"x":[0.333],"y":[0]},"t":2520,"s":[210]},{"t":2550,"s":[-125],"h":1}],"ix":3},"y":{"a":1,"k":[{"i":{"x":[0.667],"y":[1]},"o":{"x":[0.333],"y":[0]},"t":2250,"s":[325]},{"i":{"x":[0.667],"y":[1]},"o":{"x":[0.333],"y":[0]},"t":2280,"s":[325]},{"i":{"x":[0.667],"y":[1]},"o":{"x":[0.333],"y":[0]},"t":2340,"s":[325]},{"i":{"x":[0.667],"y":[1]},"o":{"x":[0.333],"y":[0]},"t":2370,"s":[325]},{"i":{"x":[0.667],"y":[1]},"o":{"x":[0.333],"y":[0]},"t":2430,"s":[325]},{"i":{"x":[0.667],"y":[1]},"o":{"x":[0.333],"y":[0]},"t":2460,"s":[325]},{"i":{"x":[0.667],"y":[1]},"o":{"x":[0.333],"y":[0]},"t":2520,"s":[325]},{"t":2550,"s":[325],"h":1}],"ix":4}},"a":{"a":0,"k":[200,325,0],"ix":1},"s":{"a":1,"k":[{"i":{"x":[0.667,0.667,0.667],"y":[1,1,1]},"o":{"x":[0.333,0.333,0.333],"y":[0,0,0]},"t":2250,"s":[0,0,100]},{"t":2280,"s":[60,60,100],"h":1},{"i":{"x":[0.667,0.667,0.667],"y":[1,1,1]},"o":{"x":[0.333,0.333,0.333],"y":[0,0,0]},"t":2340,"s":[60,60,100]},{"t":2370,"s":[100,100,100],"h":1},{"i":{"x":[0.667,0.667,0.667],"y":[1,1,1]},"o":{"x":[0.333,0.333,0.333],"y":[0,0,0]},"t":2430,"s":[100,100,100]},{"t":2460,"s":[60,60,100],"h":1},{"i":{"x":[0.667,0.667,0.667],"y":[1,1,1]},"o":{"x":[0.333,0.333,0.333],"y":[0,0,0]},"t":2520,"s":[60,60,100]},{"t":2550,"s":[0,0,100],"h":1}],"ix":6}},"ao":0,"ip":2250,"op":2550,"st":2250,"bm":0},{"ddd":0,"ind":27,"ty":2,"nm":"result(29).png","cl":"png","refId":"image_26","sr":1,"ks":{"o":{"a":1,"k":[{"i":{"x":[0.667],"y":[1]},"o":{"x":[0.333],"y":[0]},"t":2340,"s":[0]},{"t":2370,"s":[75],"h":1},{"i":{"x":[0.667],"y":[1]},"o":{"x":[0.333],"y":[0]},"t":2430,"s":[75]},{"t":2460,"s":[100],"h":1},{"i":{"x":[0.667],"y":[1]},"o":{"x":[0.333],"y":[0]},"t":2520,"s":[100]},{"t":2550,"s":[75],"h":1},{"i":{"x":[0.667],"y":[1]},"o":{"x":[0.333],"y":[0]},"t":2610,"s":[75]},{"t":2640,"s":[0],"h":1}],"ix":11},"r":{"a":0,"k":0,"ix":10},"p":{"s":true,"x":{"a":1,"k":[{"i":{"x":[0],"y":[1]},"o":{"x":[0.333],"y":[0]},"t":2340,"s":[1209]},{"i":{"x":[0.667],"y":[1]},"o":{"x":[0.333],"y":[0]},"t":2370,"s":[870]},{"i":{"x":[0],"y":[1]},"o":{"x":[0.333],"y":[0]},"t":2430,"s":[870]},{"i":{"x":[0.667],"y":[1]},"o":{"x":[0.333],"y":[0]},"t":2460,"s":[540]},{"i":{"x":[0.005],"y":[1]},"o":{"x":[0.333],"y":[0]},"t":2520,"s":[540]},{"i":{"x":[0.667],"y":[1]},"o":{"x":[0.333],"y":[0]},"t":2550,"s":[210]},{"i":{"x":[0],"y":[1.125]},"o":{"x":[0.333],"y":[0]},"t":2610,"s":[210]},{"t":2640,"s":[-125],"h":1}],"ix":3},"y":{"a":1,"k":[{"i":{"x":[0.667],"y":[1]},"o":{"x":[0.333],"y":[0]},"t":2340,"s":[325]},{"i":{"x":[0.667],"y":[1]},"o":{"x":[0.333],"y":[0]},"t":2370,"s":[325]},{"i":{"x":[0.667],"y":[1]},"o":{"x":[0.333],"y":[0]},"t":2430,"s":[325]},{"i":{"x":[0.667],"y":[1]},"o":{"x":[0.333],"y":[0]},"t":2460,"s":[325]},{"i":{"x":[0.667],"y":[1]},"o":{"x":[0.333],"y":[0]},"t":2520,"s":[325]},{"i":{"x":[0.667],"y":[1]},"o":{"x":[0.333],"y":[0]},"t":2550,"s":[325]},{"i":{"x":[0.667],"y":[1]},"o":{"x":[0.333],"y":[0]},"t":2610,"s":[325]},{"t":2640,"s":[325],"h":1}],"ix":4}},"a":{"a":0,"k":[200,325,0],"ix":1},"s":{"a":1,"k":[{"i":{"x":[0.667,0.667,0.667],"y":[1,1,1]},"o":{"x":[0.333,0.333,0.333],"y":[0,0,0]},"t":2340,"s":[0,0,100]},{"t":2370,"s":[60,60,100],"h":1},{"i":{"x":[0.667,0.667,0.667],"y":[1,1,1]},"o":{"x":[0.333,0.333,0.333],"y":[0,0,0]},"t":2430,"s":[60,60,100]},{"t":2460,"s":[100,100,100],"h":1},{"i":{"x":[0.667,0.667,0.667],"y":[1,1,1]},"o":{"x":[0.333,0.333,0.333],"y":[0,0,0]},"t":2520,"s":[100,100,100]},{"t":2550,"s":[60,60,100],"h":1},{"i":{"x":[0.667,0.667,0.667],"y":[1,1,1]},"o":{"x":[0.333,0.333,0.333],"y":[0,0,0]},"t":2610,"s":[60,60,100]},{"t":2640,"s":[0,0,100],"h":1}],"ix":6}},"ao":0,"ip":2340,"op":2640,"st":2340,"bm":0},{"ddd":0,"ind":28,"ty":2,"nm":"result(30).png","cl":"png","refId":"image_27","sr":1,"ks":{"o":{"a":1,"k":[{"i":{"x":[0.667],"y":[1]},"o":{"x":[0.333],"y":[0]},"t":2430,"s":[0]},{"t":2460,"s":[75],"h":1},{"i":{"x":[0.667],"y":[1]},"o":{"x":[0.333],"y":[0]},"t":2520,"s":[75]},{"t":2550,"s":[100],"h":1},{"i":{"x":[0.667],"y":[1]},"o":{"x":[0.333],"y":[0]},"t":2610,"s":[100]},{"t":2640,"s":[75],"h":1},{"i":{"x":[0.667],"y":[1]},"o":{"x":[0.333],"y":[0]},"t":2700,"s":[75]},{"t":2730,"s":[0],"h":1}],"ix":11},"r":{"a":0,"k":0,"ix":10},"p":{"s":true,"x":{"a":1,"k":[{"i":{"x":[0],"y":[1]},"o":{"x":[0.333],"y":[0]},"t":2430,"s":[1209]},{"i":{"x":[0.667],"y":[1]},"o":{"x":[0.333],"y":[0]},"t":2460,"s":[870]},{"i":{"x":[0],"y":[1]},"o":{"x":[0.333],"y":[0]},"t":2520,"s":[870]},{"i":{"x":[0.667],"y":[1]},"o":{"x":[0.333],"y":[0]},"t":2550,"s":[540]},{"i":{"x":[0.005],"y":[1]},"o":{"x":[0.333],"y":[0]},"t":2610,"s":[540]},{"i":{"x":[0.667],"y":[1]},"o":{"x":[0.333],"y":[0]},"t":2640,"s":[210]},{"i":{"x":[0],"y":[1.125]},"o":{"x":[0.333],"y":[0]},"t":2700,"s":[210]},{"t":2730,"s":[-125],"h":1}],"ix":3},"y":{"a":1,"k":[{"i":{"x":[0.667],"y":[1]},"o":{"x":[0.333],"y":[0]},"t":2430,"s":[325]},{"i":{"x":[0.667],"y":[1]},"o":{"x":[0.333],"y":[0]},"t":2460,"s":[325]},{"i":{"x":[0.667],"y":[1]},"o":{"x":[0.333],"y":[0]},"t":2520,"s":[325]},{"i":{"x":[0.667],"y":[1]},"o":{"x":[0.333],"y":[0]},"t":2550,"s":[325]},{"i":{"x":[0.667],"y":[1]},"o":{"x":[0.333],"y":[0]},"t":2610,"s":[325]},{"i":{"x":[0.667],"y":[1]},"o":{"x":[0.333],"y":[0]},"t":2640,"s":[325]},{"i":{"x":[0.667],"y":[1]},"o":{"x":[0.333],"y":[0]},"t":2700,"s":[325]},{"t":2730,"s":[325],"h":1}],"ix":4}},"a":{"a":0,"k":[200,325,0],"ix":1},"s":{"a":1,"k":[{"i":{"x":[0.667,0.667,0.667],"y":[1,1,1]},"o":{"x":[0.333,0.333,0.333],"y":[0,0,0]},"t":2430,"s":[0,0,100]},{"t":2460,"s":[60,60,100],"h":1},{"i":{"x":[0.667,0.667,0.667],"y":[1,1,1]},"o":{"x":[0.333,0.333,0.333],"y":[0,0,0]},"t":2520,"s":[60,60,100]},{"t":2550,"s":[100,100,100],"h":1},{"i":{"x":[0.667,0.667,0.667],"y":[1,1,1]},"o":{"x":[0.333,0.333,0.333],"y":[0,0,0]},"t":2610,"s":[100,100,100]},{"t":2640,"s":[60,60,100],"h":1},{"i":{"x":[0.667,0.667,0.667],"y":[1,1,1]},"o":{"x":[0.333,0.333,0.333],"y":[0,0,0]},"t":2700,"s":[60,60,100]},{"t":2730,"s":[0,0,100],"h":1}],"ix":6}},"ao":0,"ip":2430,"op":2730,"st":2430,"bm":0},{"ddd":0,"ind":29,"ty":2,"nm":"result(31).png","cl":"png","refId":"image_28","sr":1,"ks":{"o":{"a":1,"k":[{"i":{"x":[0.667],"y":[1]},"o":{"x":[0.333],"y":[0]},"t":2520,"s":[0]},{"t":2550,"s":[75],"h":1},{"i":{"x":[0.667],"y":[1]},"o":{"x":[0.333],"y":[0]},"t":2610,"s":[75]},{"t":2640,"s":[100],"h":1},{"i":{"x":[0.667],"y":[1]},"o":{"x":[0.333],"y":[0]},"t":2700,"s":[100]},{"t":2730,"s":[75],"h":1},{"i":{"x":[0.667],"y":[1]},"o":{"x":[0.333],"y":[0]},"t":2790,"s":[75]},{"t":2820,"s":[0],"h":1}],"ix":11},"r":{"a":0,"k":0,"ix":10},"p":{"s":true,"x":{"a":1,"k":[{"i":{"x":[0],"y":[1]},"o":{"x":[0.333],"y":[0]},"t":2520,"s":[1209]},{"i":{"x":[0.667],"y":[1]},"o":{"x":[0.333],"y":[0]},"t":2550,"s":[870]},{"i":{"x":[0],"y":[1]},"o":{"x":[0.333],"y":[0]},"t":2610,"s":[870]},{"i":{"x":[0.667],"y":[1]},"o":{"x":[0.333],"y":[0]},"t":2640,"s":[540]},{"i":{"x":[0.005],"y":[1]},"o":{"x":[0.333],"y":[0]},"t":2700,"s":[540]},{"i":{"x":[0.667],"y":[1]},"o":{"x":[0.333],"y":[0]},"t":2730,"s":[210]},{"i":{"x":[0],"y":[1.125]},"o":{"x":[0.333],"y":[0]},"t":2790,"s":[210]},{"t":2820,"s":[-125],"h":1}],"ix":3},"y":{"a":1,"k":[{"i":{"x":[0.667],"y":[1]},"o":{"x":[0.333],"y":[0]},"t":2520,"s":[325]},{"i":{"x":[0.667],"y":[1]},"o":{"x":[0.333],"y":[0]},"t":2550,"s":[325]},{"i":{"x":[0.667],"y":[1]},"o":{"x":[0.333],"y":[0]},"t":2610,"s":[325]},{"i":{"x":[0.667],"y":[1]},"o":{"x":[0.333],"y":[0]},"t":2640,"s":[325]},{"i":{"x":[0.667],"y":[1]},"o":{"x":[0.333],"y":[0]},"t":2700,"s":[325]},{"i":{"x":[0.667],"y":[1]},"o":{"x":[0.333],"y":[0]},"t":2730,"s":[325]},{"i":{"x":[0.667],"y":[1]},"o":{"x":[0.333],"y":[0]},"t":2790,"s":[325]},{"t":2820,"s":[325],"h":1}],"ix":4}},"a":{"a":0,"k":[200,325,0],"ix":1},"s":{"a":1,"k":[{"i":{"x":[0.667,0.667,0.667],"y":[1,1,1]},"o":{"x":[0.333,0.333,0.333],"y":[0,0,0]},"t":2520,"s":[0,0,100]},{"t":2550,"s":[60,60,100],"h":1},{"i":{"x":[0.667,0.667,0.667],"y":[1,1,1]},"o":{"x":[0.333,0.333,0.333],"y":[0,0,0]},"t":2610,"s":[60,60,100]},{"t":2640,"s":[100,100,100],"h":1},{"i":{"x":[0.667,0.667,0.667],"y":[1,1,1]},"o":{"x":[0.333,0.333,0.333],"y":[0,0,0]},"t":2700,"s":[100,100,100]},{"t":2730,"s":[60,60,100],"h":1},{"i":{"x":[0.667,0.667,0.667],"y":[1,1,1]},"o":{"x":[0.333,0.333,0.333],"y":[0,0,0]},"t":2790,"s":[60,60,100]},{"t":2820,"s":[0,0,100],"h":1}],"ix":6}},"ao":0,"ip":2520,"op":2820,"st":2520,"bm":0},{"ddd":0,"ind":30,"ty":2,"nm":"result(32).png","cl":"png","refId":"image_29","sr":1,"ks":{"o":{"a":1,"k":[{"i":{"x":[0.667],"y":[1]},"o":{"x":[0.333],"y":[0]},"t":2610,"s":[0]},{"t":2640,"s":[75],"h":1},{"i":{"x":[0.667],"y":[1]},"o":{"x":[0.333],"y":[0]},"t":2700,"s":[75]},{"t":2730,"s":[100],"h":1},{"i":{"x":[0.667],"y":[1]},"o":{"x":[0.333],"y":[0]},"t":2790,"s":[100]},{"t":2820,"s":[75],"h":1},{"i":{"x":[0.667],"y":[1]},"o":{"x":[0.333],"y":[0]},"t":2880,"s":[75]},{"t":2910,"s":[0],"h":1}],"ix":11},"r":{"a":0,"k":0,"ix":10},"p":{"s":true,"x":{"a":1,"k":[{"i":{"x":[0],"y":[1]},"o":{"x":[0.333],"y":[0]},"t":2610,"s":[1209]},{"i":{"x":[0.667],"y":[1]},"o":{"x":[0.333],"y":[0]},"t":2640,"s":[870]},{"i":{"x":[0],"y":[1]},"o":{"x":[0.333],"y":[0]},"t":2700,"s":[870]},{"i":{"x":[0.667],"y":[1]},"o":{"x":[0.333],"y":[0]},"t":2730,"s":[540]},{"i":{"x":[0.005],"y":[1]},"o":{"x":[0.333],"y":[0]},"t":2790,"s":[540]},{"i":{"x":[0.667],"y":[1]},"o":{"x":[0.333],"y":[0]},"t":2820,"s":[210]},{"i":{"x":[0],"y":[1.125]},"o":{"x":[0.333],"y":[0]},"t":2880,"s":[210]},{"t":2910,"s":[-125],"h":1}],"ix":3},"y":{"a":1,"k":[{"i":{"x":[0.667],"y":[1]},"o":{"x":[0.333],"y":[0]},"t":2610,"s":[325]},{"i":{"x":[0.667],"y":[1]},"o":{"x":[0.333],"y":[0]},"t":2640,"s":[325]},{"i":{"x":[0.667],"y":[1]},"o":{"x":[0.333],"y":[0]},"t":2700,"s":[325]},{"i":{"x":[0.667],"y":[1]},"o":{"x":[0.333],"y":[0]},"t":2730,"s":[325]},{"i":{"x":[0.667],"y":[1]},"o":{"x":[0.333],"y":[0]},"t":2790,"s":[325]},{"i":{"x":[0.667],"y":[1]},"o":{"x":[0.333],"y":[0]},"t":2820,"s":[325]},{"i":{"x":[0.667],"y":[1]},"o":{"x":[0.333],"y":[0]},"t":2880,"s":[325]},{"t":2910,"s":[325],"h":1}],"ix":4}},"a":{"a":0,"k":[200,325,0],"ix":1},"s":{"a":1,"k":[{"i":{"x":[0.667,0.667,0.667],"y":[1,1,1]},"o":{"x":[0.333,0.333,0.333],"y":[0,0,0]},"t":2610,"s":[0,0,100]},{"t":2640,"s":[60,60,100],"h":1},{"i":{"x":[0.667,0.667,0.667],"y":[1,1,1]},"o":{"x":[0.333,0.333,0.333],"y":[0,0,0]},"t":2700,"s":[60,60,100]},{"t":2730,"s":[100,100,100],"h":1},{"i":{"x":[0.667,0.667,0.667],"y":[1,1,1]},"o":{"x":[0.333,0.333,0.333],"y":[0,0,0]},"t":2790,"s":[100,100,100]},{"t":2820,"s":[60,60,100],"h":1},{"i":{"x":[0.667,0.667,0.667],"y":[1,1,1]},"o":{"x":[0.333,0.333,0.333],"y":[0,0,0]},"t":2880,"s":[60,60,100]},{"t":2910,"s":[0,0,100],"h":1}],"ix":6}},"ao":0,"ip":2610,"op":2910,"st":2610,"bm":0},{"ddd":0,"ind":31,"ty":2,"nm":"result(33).png","cl":"png","refId":"image_30","sr":1,"ks":{"o":{"a":1,"k":[{"i":{"x":[0.667],"y":[1]},"o":{"x":[0.333],"y":[0]},"t":2700,"s":[0]},{"t":2730,"s":[75],"h":1},{"i":{"x":[0.667],"y":[1]},"o":{"x":[0.333],"y":[0]},"t":2790,"s":[75]},{"t":2820,"s":[100],"h":1},{"i":{"x":[0.667],"y":[1]},"o":{"x":[0.333],"y":[0]},"t":2880,"s":[100]},{"t":2910,"s":[75],"h":1},{"i":{"x":[0.667],"y":[1]},"o":{"x":[0.333],"y":[0]},"t":2970,"s":[75]},{"t":3000,"s":[0],"h":1}],"ix":11},"r":{"a":0,"k":0,"ix":10},"p":{"s":true,"x":{"a":1,"k":[{"i":{"x":[0],"y":[1]},"o":{"x":[0.333],"y":[0]},"t":2700,"s":[1209]},{"i":{"x":[0.667],"y":[1]},"o":{"x":[0.333],"y":[0]},"t":2730,"s":[870]},{"i":{"x":[0],"y":[1]},"o":{"x":[0.333],"y":[0]},"t":2790,"s":[870]},{"i":{"x":[0.667],"y":[1]},"o":{"x":[0.333],"y":[0]},"t":2820,"s":[540]},{"i":{"x":[0.005],"y":[1]},"o":{"x":[0.333],"y":[0]},"t":2880,"s":[540]},{"i":{"x":[0.667],"y":[1]},"o":{"x":[0.333],"y":[0]},"t":2910,"s":[210]},{"i":{"x":[0],"y":[1.125]},"o":{"x":[0.333],"y":[0]},"t":2970,"s":[210]},{"t":3000,"s":[-125],"h":1}],"ix":3},"y":{"a":1,"k":[{"i":{"x":[0.667],"y":[1]},"o":{"x":[0.333],"y":[0]},"t":2700,"s":[325]},{"i":{"x":[0.667],"y":[1]},"o":{"x":[0.333],"y":[0]},"t":2730,"s":[325]},{"i":{"x":[0.667],"y":[1]},"o":{"x":[0.333],"y":[0]},"t":2790,"s":[325]},{"i":{"x":[0.667],"y":[1]},"o":{"x":[0.333],"y":[0]},"t":2820,"s":[325]},{"i":{"x":[0.667],"y":[1]},"o":{"x":[0.333],"y":[0]},"t":2880,"s":[325]},{"i":{"x":[0.667],"y":[1]},"o":{"x":[0.333],"y":[0]},"t":2910,"s":[325]},{"i":{"x":[0.667],"y":[1]},"o":{"x":[0.333],"y":[0]},"t":2970,"s":[325]},{"t":3000,"s":[325],"h":1}],"ix":4}},"a":{"a":0,"k":[200,325,0],"ix":1},"s":{"a":1,"k":[{"i":{"x":[0.667,0.667,0.667],"y":[1,1,1]},"o":{"x":[0.333,0.333,0.333],"y":[0,0,0]},"t":2700,"s":[0,0,100]},{"t":2730,"s":[60,60,100],"h":1},{"i":{"x":[0.667,0.667,0.667],"y":[1,1,1]},"o":{"x":[0.333,0.333,0.333],"y":[0,0,0]},"t":2790,"s":[60,60,100]},{"t":2820,"s":[100,100,100],"h":1},{"i":{"x":[0.667,0.667,0.667],"y":[1,1,1]},"o":{"x":[0.333,0.333,0.333],"y":[0,0,0]},"t":2880,"s":[100,100,100]},{"t":2910,"s":[60,60,100],"h":1},{"i":{"x":[0.667,0.667,0.667],"y":[1,1,1]},"o":{"x":[0.333,0.333,0.333],"y":[0,0,0]},"t":2970,"s":[60,60,100]},{"t":3000,"s":[0,0,100],"h":1}],"ix":6}},"ao":0,"ip":2700,"op":3000,"st":2700,"bm":0},{"ddd":0,"ind":32,"ty":2,"nm":"result(34).png","cl":"png","refId":"image_31","sr":1,"ks":{"o":{"a":1,"k":[{"i":{"x":[0.667],"y":[1]},"o":{"x":[0.333],"y":[0]},"t":2790,"s":[0]},{"t":2820,"s":[75],"h":1},{"i":{"x":[0.667],"y":[1]},"o":{"x":[0.333],"y":[0]},"t":2880,"s":[75]},{"t":2910,"s":[100],"h":1},{"i":{"x":[0.667],"y":[1]},"o":{"x":[0.333],"y":[0]},"t":2970,"s":[100]},{"t":3000,"s":[75],"h":1},{"i":{"x":[0.667],"y":[1]},"o":{"x":[0.333],"y":[0]},"t":3060,"s":[75]},{"t":3090,"s":[0],"h":1}],"ix":11},"r":{"a":0,"k":0,"ix":10},"p":{"s":true,"x":{"a":1,"k":[{"i":{"x":[0],"y":[1]},"o":{"x":[0.333],"y":[0]},"t":2790,"s":[1209]},{"i":{"x":[0.667],"y":[1]},"o":{"x":[0.333],"y":[0]},"t":2820,"s":[870]},{"i":{"x":[0],"y":[1]},"o":{"x":[0.333],"y":[0]},"t":2880,"s":[870]},{"i":{"x":[0.667],"y":[1]},"o":{"x":[0.333],"y":[0]},"t":2910,"s":[540]},{"i":{"x":[0.005],"y":[1]},"o":{"x":[0.333],"y":[0]},"t":2970,"s":[540]},{"i":{"x":[0.667],"y":[1]},"o":{"x":[0.333],"y":[0]},"t":3000,"s":[210]},{"i":{"x":[0],"y":[1.125]},"o":{"x":[0.333],"y":[0]},"t":3060,"s":[210]},{"t":3090,"s":[-125],"h":1}],"ix":3},"y":{"a":1,"k":[{"i":{"x":[0.667],"y":[1]},"o":{"x":[0.333],"y":[0]},"t":2790,"s":[325]},{"i":{"x":[0.667],"y":[1]},"o":{"x":[0.333],"y":[0]},"t":2820,"s":[325]},{"i":{"x":[0.667],"y":[1]},"o":{"x":[0.333],"y":[0]},"t":2880,"s":[325]},{"i":{"x":[0.667],"y":[1]},"o":{"x":[0.333],"y":[0]},"t":2910,"s":[325]},{"i":{"x":[0.667],"y":[1]},"o":{"x":[0.333],"y":[0]},"t":2970,"s":[325]},{"i":{"x":[0.667],"y":[1]},"o":{"x":[0.333],"y":[0]},"t":3000,"s":[325]},{"i":{"x":[0.667],"y":[1]},"o":{"x":[0.333],"y":[0]},"t":3060,"s":[325]},{"t":3090,"s":[325],"h":1}],"ix":4}},"a":{"a":0,"k":[200,325,0],"ix":1},"s":{"a":1,"k":[{"i":{"x":[0.667,0.667,0.667],"y":[1,1,1]},"o":{"x":[0.333,0.333,0.333],"y":[0,0,0]},"t":2790,"s":[0,0,100]},{"t":2820,"s":[60,60,100],"h":1},{"i":{"x":[0.667,0.667,0.667],"y":[1,1,1]},"o":{"x":[0.333,0.333,0.333],"y":[0,0,0]},"t":2880,"s":[60,60,100]},{"t":2910,"s":[100,100,100],"h":1},{"i":{"x":[0.667,0.667,0.667],"y":[1,1,1]},"o":{"x":[0.333,0.333,0.333],"y":[0,0,0]},"t":2970,"s":[100,100,100]},{"t":3000,"s":[60,60,100],"h":1},{"i":{"x":[0.667,0.667,0.667],"y":[1,1,1]},"o":{"x":[0.333,0.333,0.333],"y":[0,0,0]},"t":3060,"s":[60,60,100]},{"t":3090,"s":[0,0,100],"h":1}],"ix":6}},"ao":0,"ip":2790,"op":3090,"st":2790,"bm":0},{"ddd":0,"ind":33,"ty":2,"nm":"result(35).png","cl":"png","refId":"image_32","sr":1,"ks":{"o":{"a":1,"k":[{"i":{"x":[0.667],"y":[1]},"o":{"x":[0.333],"y":[0]},"t":2880,"s":[0]},{"t":2910,"s":[75],"h":1},{"i":{"x":[0.667],"y":[1]},"o":{"x":[0.333],"y":[0]},"t":2970,"s":[75]},{"t":3000,"s":[100],"h":1},{"i":{"x":[0.667],"y":[1]},"o":{"x":[0.333],"y":[0]},"t":3060,"s":[100]},{"t":3090,"s":[75],"h":1},{"i":{"x":[0.667],"y":[1]},"o":{"x":[0.333],"y":[0]},"t":3150,"s":[75]},{"t":3180,"s":[0],"h":1}],"ix":11},"r":{"a":0,"k":0,"ix":10},"p":{"s":true,"x":{"a":1,"k":[{"i":{"x":[0],"y":[1]},"o":{"x":[0.333],"y":[0]},"t":2880,"s":[1209]},{"i":{"x":[0.667],"y":[1]},"o":{"x":[0.333],"y":[0]},"t":2910,"s":[870]},{"i":{"x":[0],"y":[1]},"o":{"x":[0.333],"y":[0]},"t":2970,"s":[870]},{"i":{"x":[0.667],"y":[1]},"o":{"x":[0.333],"y":[0]},"t":3000,"s":[540]},{"i":{"x":[0.005],"y":[1]},"o":{"x":[0.333],"y":[0]},"t":3060,"s":[540]},{"i":{"x":[0.667],"y":[1]},"o":{"x":[0.333],"y":[0]},"t":3090,"s":[210]},{"i":{"x":[0],"y":[1.125]},"o":{"x":[0.333],"y":[0]},"t":3150,"s":[210]},{"t":3180,"s":[-125],"h":1}],"ix":3},"y":{"a":1,"k":[{"i":{"x":[0.667],"y":[1]},"o":{"x":[0.333],"y":[0]},"t":2880,"s":[325]},{"i":{"x":[0.667],"y":[1]},"o":{"x":[0.333],"y":[0]},"t":2910,"s":[325]},{"i":{"x":[0.667],"y":[1]},"o":{"x":[0.333],"y":[0]},"t":2970,"s":[325]},{"i":{"x":[0.667],"y":[1]},"o":{"x":[0.333],"y":[0]},"t":3000,"s":[325]},{"i":{"x":[0.667],"y":[1]},"o":{"x":[0.333],"y":[0]},"t":3060,"s":[325]},{"i":{"x":[0.667],"y":[1]},"o":{"x":[0.333],"y":[0]},"t":3090,"s":[325]},{"i":{"x":[0.667],"y":[1]},"o":{"x":[0.333],"y":[0]},"t":3150,"s":[325]},{"t":3180,"s":[325],"h":1}],"ix":4}},"a":{"a":0,"k":[200,325,0],"ix":1},"s":{"a":1,"k":[{"i":{"x":[0.667,0.667,0.667],"y":[1,1,1]},"o":{"x":[0.333,0.333,0.333],"y":[0,0,0]},"t":2880,"s":[0,0,100]},{"t":2910,"s":[60,60,100],"h":1},{"i":{"x":[0.667,0.667,0.667],"y":[1,1,1]},"o":{"x":[0.333,0.333,0.333],"y":[0,0,0]},"t":2970,"s":[60,60,100]},{"t":3000,"s":[100,100,100],"h":1},{"i":{"x":[0.667,0.667,0.667],"y":[1,1,1]},"o":{"x":[0.333,0.333,0.333],"y":[0,0,0]},"t":3060,"s":[100,100,100]},{"t":3090,"s":[60,60,100],"h":1},{"i":{"x":[0.667,0.667,0.667],"y":[1,1,1]},"o":{"x":[0.333,0.333,0.333],"y":[0,0,0]},"t":3150,"s":[60,60,100]},{"t":3180,"s":[0,0,100],"h":1}],"ix":6}},"ao":0,"ip":2880,"op":3180,"st":2880,"bm":0},{"ddd":0,"ind":34,"ty":0,"nm":"最后一张","refId":"comp_4","sr":1,"ks":{"o":{"a":1,"k":[{"i":{"x":[0.667],"y":[1]},"o":{"x":[0.333],"y":[0]},"t":2970,"s":[0]},{"t":3000,"s":[75],"h":1},{"i":{"x":[0.667],"y":[1]},"o":{"x":[0.333],"y":[0]},"t":3060,"s":[75]},{"t":3090,"s":[100],"h":1},{"i":{"x":[0.667],"y":[1]},"o":{"x":[0.333],"y":[0]},"t":3150,"s":[100]},{"t":3180,"s":[75],"h":1},{"i":{"x":[0.667],"y":[1]},"o":{"x":[0.333],"y":[0]},"t":3240,"s":[75]},{"t":3270,"s":[0],"h":1}],"ix":11},"r":{"a":0,"k":0,"ix":10},"p":{"s":true,"x":{"a":1,"k":[{"i":{"x":[0],"y":[1]},"o":{"x":[0.333],"y":[0]},"t":2970,"s":[1209]},{"i":{"x":[0.667],"y":[1]},"o":{"x":[0.333],"y":[0]},"t":3000,"s":[870]},{"i":{"x":[0],"y":[1]},"o":{"x":[0.333],"y":[0]},"t":3060,"s":[870]},{"i":{"x":[0.667],"y":[1]},"o":{"x":[0.333],"y":[0]},"t":3090,"s":[540]},{"i":{"x":[0.005],"y":[1]},"o":{"x":[0.333],"y":[0]},"t":3150,"s":[540]},{"i":{"x":[0.667],"y":[1]},"o":{"x":[0.333],"y":[0]},"t":3180,"s":[210]},{"i":{"x":[0],"y":[1.125]},"o":{"x":[0.333],"y":[0]},"t":3240,"s":[210]},{"t":3270,"s":[-125],"h":1}],"ix":3},"y":{"a":1,"k":[{"i":{"x":[0.667],"y":[1]},"o":{"x":[0.333],"y":[0]},"t":2970,"s":[325]},{"i":{"x":[0.667],"y":[1]},"o":{"x":[0.333],"y":[0]},"t":3000,"s":[325]},{"i":{"x":[0.667],"y":[1]},"o":{"x":[0.333],"y":[0]},"t":3060,"s":[325]},{"i":{"x":[0.667],"y":[1]},"o":{"x":[0.333],"y":[0]},"t":3090,"s":[325]},{"i":{"x":[0.667],"y":[1]},"o":{"x":[0.333],"y":[0]},"t":3150,"s":[325]},{"i":{"x":[0.667],"y":[1]},"o":{"x":[0.333],"y":[0]},"t":3180,"s":[325]},{"i":{"x":[0.667],"y":[1]},"o":{"x":[0.333],"y":[0]},"t":3240,"s":[325]},{"t":3270,"s":[325],"h":1}],"ix":4}},"a":{"a":0,"k":[200,325,0],"ix":1},"s":{"a":1,"k":[{"i":{"x":[0.667,0.667,0.667],"y":[1,1,1]},"o":{"x":[0.333,0.333,0.333],"y":[0,0,0]},"t":2970,"s":[0,0,100]},{"t":3000,"s":[60,60,100],"h":1},{"i":{"x":[0.667,0.667,0.667],"y":[1,1,1]},"o":{"x":[0.333,0.333,0.333],"y":[0,0,0]},"t":3060,"s":[60,60,100]},{"t":3090,"s":[100,100,100],"h":1},{"i":{"x":[0.667,0.667,0.667],"y":[1,1,1]},"o":{"x":[0.333,0.333,0.333],"y":[0,0,0]},"t":3150,"s":[100,100,100]},{"t":3180,"s":[60,60,100],"h":1},{"i":{"x":[0.667,0.667,0.667],"y":[1,1,1]},"o":{"x":[0.333,0.333,0.333],"y":[0,0,0]},"t":3240,"s":[60,60,100]},{"t":3270,"s":[0,0,100],"h":1}],"ix":6}},"ao":0,"w":400,"h":650,"ip":2970,"op":3241,"st":2970,"bm":0},{"ddd":0,"ind":35,"ty":0,"nm":"1","refId":"comp_5","sr":1,"ks":{"o":{"a":1,"k":[{"i":{"x":[0.667],"y":[1]},"o":{"x":[0.333],"y":[0]},"t":3060,"s":[0]},{"t":3090,"s":[75],"h":1},{"i":{"x":[0.667],"y":[1]},"o":{"x":[0.333],"y":[0]},"t":3150,"s":[75]},{"t":3180,"s":[100],"h":1},{"i":{"x":[0.667],"y":[1]},"o":{"x":[0.333],"y":[0]},"t":3240,"s":[100]},{"t":3270,"s":[75],"h":1},{"i":{"x":[0.667],"y":[1]},"o":{"x":[0.333],"y":[0]},"t":3330,"s":[75]},{"t":3360,"s":[0],"h":1}],"ix":11},"r":{"a":0,"k":0,"ix":10},"p":{"s":true,"x":{"a":1,"k":[{"i":{"x":[0],"y":[1]},"o":{"x":[0.333],"y":[0]},"t":3060,"s":[1209]},{"i":{"x":[0.667],"y":[1]},"o":{"x":[0.333],"y":[0]},"t":3090,"s":[870]},{"i":{"x":[0],"y":[1]},"o":{"x":[0.333],"y":[0]},"t":3150,"s":[870]},{"i":{"x":[0.667],"y":[1]},"o":{"x":[0.333],"y":[0]},"t":3180,"s":[540]},{"i":{"x":[0.005],"y":[1]},"o":{"x":[0.333],"y":[0]},"t":3240,"s":[540]},{"i":{"x":[0.667],"y":[1]},"o":{"x":[0.333],"y":[0]},"t":3270,"s":[210]},{"i":{"x":[0],"y":[1.125]},"o":{"x":[0.333],"y":[0]},"t":3330,"s":[210]},{"t":3360,"s":[-125],"h":1}],"ix":3},"y":{"a":1,"k":[{"i":{"x":[0.667],"y":[1]},"o":{"x":[0.333],"y":[0]},"t":3060,"s":[325]},{"i":{"x":[0.667],"y":[1]},"o":{"x":[0.333],"y":[0]},"t":3090,"s":[325]},{"i":{"x":[0.667],"y":[1]},"o":{"x":[0.333],"y":[0]},"t":3150,"s":[325]},{"i":{"x":[0.667],"y":[1]},"o":{"x":[0.333],"y":[0]},"t":3180,"s":[325]},{"i":{"x":[0.667],"y":[1]},"o":{"x":[0.333],"y":[0]},"t":3240,"s":[325]},{"i":{"x":[0.667],"y":[1]},"o":{"x":[0.333],"y":[0]},"t":3270,"s":[325]},{"i":{"x":[0.667],"y":[1]},"o":{"x":[0.333],"y":[0]},"t":3330,"s":[325]},{"t":3360,"s":[325],"h":1}],"ix":4}},"a":{"a":0,"k":[200,325,0],"ix":1},"s":{"a":1,"k":[{"i":{"x":[0.667,0.667,0.667],"y":[1,1,1]},"o":{"x":[0.333,0.333,0.333],"y":[0,0,0]},"t":3060,"s":[0,0,100]},{"t":3090,"s":[60,60,100],"h":1},{"i":{"x":[0.667,0.667,0.667],"y":[1,1,1]},"o":{"x":[0.333,0.333,0.333],"y":[0,0,0]},"t":3150,"s":[60,60,100]},{"t":3180,"s":[100,100,100],"h":1},{"i":{"x":[0.667,0.667,0.667],"y":[1,1,1]},"o":{"x":[0.333,0.333,0.333],"y":[0,0,0]},"t":3240,"s":[100,100,100]},{"t":3270,"s":[60,60,100],"h":1},{"i":{"x":[0.667,0.667,0.667],"y":[1,1,1]},"o":{"x":[0.333,0.333,0.333],"y":[0,0,0]},"t":3330,"s":[60,60,100]},{"t":3360,"s":[0,0,100],"h":1}],"ix":6}},"ao":0,"w":400,"h":650,"ip":3060,"op":3241,"st":3060,"bm":0},{"ddd":0,"ind":36,"ty":0,"nm":"2","refId":"comp_6","sr":1,"ks":{"o":{"a":1,"k":[{"i":{"x":[0.667],"y":[1]},"o":{"x":[0.333],"y":[0]},"t":3150,"s":[0]},{"t":3180,"s":[75],"h":1},{"i":{"x":[0.667],"y":[1]},"o":{"x":[0.333],"y":[0]},"t":3240,"s":[75]},{"t":3270,"s":[100],"h":1},{"i":{"x":[0.667],"y":[1]},"o":{"x":[0.333],"y":[0]},"t":3330,"s":[100]},{"t":3360,"s":[75],"h":1},{"i":{"x":[0.667],"y":[1]},"o":{"x":[0.333],"y":[0]},"t":3420,"s":[75]},{"t":3450,"s":[0],"h":1}],"ix":11},"r":{"a":0,"k":0,"ix":10},"p":{"s":true,"x":{"a":1,"k":[{"i":{"x":[0],"y":[1]},"o":{"x":[0.333],"y":[0]},"t":3150,"s":[1209]},{"i":{"x":[0.667],"y":[1]},"o":{"x":[0.333],"y":[0]},"t":3180,"s":[870]},{"i":{"x":[0],"y":[1]},"o":{"x":[0.333],"y":[0]},"t":3240,"s":[870]},{"i":{"x":[0.667],"y":[1]},"o":{"x":[0.333],"y":[0]},"t":3270,"s":[540]},{"i":{"x":[0.005],"y":[1]},"o":{"x":[0.333],"y":[0]},"t":3330,"s":[540]},{"i":{"x":[0.667],"y":[1]},"o":{"x":[0.333],"y":[0]},"t":3360,"s":[210]},{"i":{"x":[0],"y":[1.125]},"o":{"x":[0.333],"y":[0]},"t":3420,"s":[210]},{"t":3450,"s":[-125],"h":1}],"ix":3},"y":{"a":1,"k":[{"i":{"x":[0.667],"y":[1]},"o":{"x":[0.333],"y":[0]},"t":3150,"s":[325]},{"i":{"x":[0.667],"y":[1]},"o":{"x":[0.333],"y":[0]},"t":3180,"s":[325]},{"i":{"x":[0.667],"y":[1]},"o":{"x":[0.333],"y":[0]},"t":3240,"s":[325]},{"i":{"x":[0.667],"y":[1]},"o":{"x":[0.333],"y":[0]},"t":3270,"s":[325]},{"i":{"x":[0.667],"y":[1]},"o":{"x":[0.333],"y":[0]},"t":3330,"s":[325]},{"i":{"x":[0.667],"y":[1]},"o":{"x":[0.333],"y":[0]},"t":3360,"s":[325]},{"i":{"x":[0.667],"y":[1]},"o":{"x":[0.333],"y":[0]},"t":3420,"s":[325]},{"t":3450,"s":[325],"h":1}],"ix":4}},"a":{"a":0,"k":[200,325,0],"ix":1},"s":{"a":1,"k":[{"i":{"x":[0.667,0.667,0.667],"y":[1,1,1]},"o":{"x":[0.333,0.333,0.333],"y":[0,0,0]},"t":3150,"s":[0,0,100]},{"t":3180,"s":[60,60,100],"h":1},{"i":{"x":[0.667,0.667,0.667],"y":[1,1,1]},"o":{"x":[0.333,0.333,0.333],"y":[0,0,0]},"t":3240,"s":[60,60,100]},{"t":3270,"s":[100,100,100],"h":1},{"i":{"x":[0.667,0.667,0.667],"y":[1,1,1]},"o":{"x":[0.333,0.333,0.333],"y":[0,0,0]},"t":3330,"s":[100,100,100]},{"t":3360,"s":[60,60,100],"h":1},{"i":{"x":[0.667,0.667,0.667],"y":[1,1,1]},"o":{"x":[0.333,0.333,0.333],"y":[0,0,0]},"t":3420,"s":[60,60,100]},{"t":3450,"s":[0,0,100],"h":1}],"ix":6}},"ao":0,"w":400,"h":650,"ip":3150,"op":3241,"st":3150,"bm":0},{"ddd":0,"ind":37,"ty":0,"nm":"最后一张","refId":"comp_4","sr":1,"ks":{"o":{"a":1,"k":[{"i":{"x":[0.667],"y":[1]},"o":{"x":[0.333],"y":[0]},"t":-270,"s":[0]},{"t":-240,"s":[75],"h":1},{"i":{"x":[0.667],"y":[1]},"o":{"x":[0.333],"y":[0]},"t":-180,"s":[75]},{"t":-150,"s":[100],"h":1},{"i":{"x":[0.667],"y":[1]},"o":{"x":[0.333],"y":[0]},"t":-90,"s":[100]},{"t":-60,"s":[75],"h":1},{"i":{"x":[0.667],"y":[1]},"o":{"x":[0.333],"y":[0]},"t":0,"s":[75]},{"t":30,"s":[0],"h":1}],"ix":11},"r":{"a":0,"k":0,"ix":10},"p":{"s":true,"x":{"a":1,"k":[{"i":{"x":[0],"y":[1]},"o":{"x":[0.333],"y":[0]},"t":-270,"s":[1209]},{"i":{"x":[0.667],"y":[1]},"o":{"x":[0.333],"y":[0]},"t":-240,"s":[870]},{"i":{"x":[0],"y":[1]},"o":{"x":[0.333],"y":[0]},"t":-180,"s":[870]},{"i":{"x":[0.667],"y":[1]},"o":{"x":[0.333],"y":[0]},"t":-150,"s":[540]},{"i":{"x":[0.005],"y":[1]},"o":{"x":[0.333],"y":[0]},"t":-90,"s":[540]},{"i":{"x":[0.667],"y":[1]},"o":{"x":[0.333],"y":[0]},"t":-60,"s":[210]},{"i":{"x":[0],"y":[1.125]},"o":{"x":[0.333],"y":[0]},"t":0,"s":[210]},{"t":30,"s":[-125],"h":1}],"ix":3},"y":{"a":1,"k":[{"i":{"x":[0.667],"y":[1]},"o":{"x":[0.333],"y":[0]},"t":-270,"s":[325]},{"i":{"x":[0.667],"y":[1]},"o":{"x":[0.333],"y":[0]},"t":-240,"s":[325]},{"i":{"x":[0.667],"y":[1]},"o":{"x":[0.333],"y":[0]},"t":-180,"s":[325]},{"i":{"x":[0.667],"y":[1]},"o":{"x":[0.333],"y":[0]},"t":-150,"s":[325]},{"i":{"x":[0.667],"y":[1]},"o":{"x":[0.333],"y":[0]},"t":-90,"s":[325]},{"i":{"x":[0.667],"y":[1]},"o":{"x":[0.333],"y":[0]},"t":-60,"s":[325]},{"i":{"x":[0.667],"y":[1]},"o":{"x":[0.333],"y":[0]},"t":0,"s":[325]},{"t":30,"s":[325],"h":1}],"ix":4}},"a":{"a":0,"k":[200,325,0],"ix":1},"s":{"a":1,"k":[{"i":{"x":[0.667,0.667,0.667],"y":[1,1,1]},"o":{"x":[0.333,0.333,0.333],"y":[0,0,0]},"t":-270,"s":[0,0,100]},{"t":-240,"s":[60,60,100],"h":1},{"i":{"x":[0.667,0.667,0.667],"y":[1,1,1]},"o":{"x":[0.333,0.333,0.333],"y":[0,0,0]},"t":-180,"s":[60,60,100]},{"t":-150,"s":[100,100,100],"h":1},{"i":{"x":[0.667,0.667,0.667],"y":[1,1,1]},"o":{"x":[0.333,0.333,0.333],"y":[0,0,0]},"t":-90,"s":[100,100,100]},{"t":-60,"s":[60,60,100],"h":1},{"i":{"x":[0.667,0.667,0.667],"y":[1,1,1]},"o":{"x":[0.333,0.333,0.333],"y":[0,0,0]},"t":0,"s":[60,60,100]},{"t":30,"s":[0,0,100],"h":1}],"ix":6}},"ao":0,"w":400,"h":650,"ip":-270,"op":30,"st":-270,"bm":0},{"ddd":0,"ind":38,"ty":0,"nm":"1","refId":"comp_5","sr":1,"ks":{"o":{"a":1,"k":[{"i":{"x":[0.667],"y":[1]},"o":{"x":[0.333],"y":[0]},"t":-180,"s":[0]},{"t":-150,"s":[75],"h":1},{"i":{"x":[0.667],"y":[1]},"o":{"x":[0.333],"y":[0]},"t":-90,"s":[75]},{"t":-60,"s":[100],"h":1},{"i":{"x":[0.667],"y":[1]},"o":{"x":[0.333],"y":[0]},"t":0,"s":[100]},{"t":30,"s":[75],"h":1},{"i":{"x":[0.667],"y":[1]},"o":{"x":[0.333],"y":[0]},"t":90,"s":[75]},{"t":120,"s":[0],"h":1}],"ix":11},"r":{"a":0,"k":0,"ix":10},"p":{"s":true,"x":{"a":1,"k":[{"i":{"x":[0],"y":[1]},"o":{"x":[0.333],"y":[0]},"t":-180,"s":[1209]},{"i":{"x":[0.667],"y":[1]},"o":{"x":[0.333],"y":[0]},"t":-150,"s":[870]},{"i":{"x":[0],"y":[1]},"o":{"x":[0.333],"y":[0]},"t":-90,"s":[870]},{"i":{"x":[0.667],"y":[1]},"o":{"x":[0.333],"y":[0]},"t":-60,"s":[540]},{"i":{"x":[0.005],"y":[1]},"o":{"x":[0.333],"y":[0]},"t":0,"s":[540]},{"i":{"x":[0.667],"y":[1]},"o":{"x":[0.333],"y":[0]},"t":30,"s":[210]},{"i":{"x":[0],"y":[1.125]},"o":{"x":[0.333],"y":[0]},"t":90,"s":[210]},{"t":120,"s":[-125],"h":1}],"ix":3},"y":{"a":1,"k":[{"i":{"x":[0.667],"y":[1]},"o":{"x":[0.333],"y":[0]},"t":-180,"s":[325]},{"i":{"x":[0.667],"y":[1]},"o":{"x":[0.333],"y":[0]},"t":-150,"s":[325]},{"i":{"x":[0.667],"y":[1]},"o":{"x":[0.333],"y":[0]},"t":-90,"s":[325]},{"i":{"x":[0.667],"y":[1]},"o":{"x":[0.333],"y":[0]},"t":-60,"s":[325]},{"i":{"x":[0.667],"y":[1]},"o":{"x":[0.333],"y":[0]},"t":0,"s":[325]},{"i":{"x":[0.667],"y":[1]},"o":{"x":[0.333],"y":[0]},"t":30,"s":[325]},{"i":{"x":[0.667],"y":[1]},"o":{"x":[0.333],"y":[0]},"t":90,"s":[325]},{"t":120,"s":[325],"h":1}],"ix":4}},"a":{"a":0,"k":[200,325,0],"ix":1},"s":{"a":1,"k":[{"i":{"x":[0.667,0.667,0.667],"y":[1,1,1]},"o":{"x":[0.333,0.333,0.333],"y":[0,0,0]},"t":-180,"s":[0,0,100]},{"t":-150,"s":[60,60,100],"h":1},{"i":{"x":[0.667,0.667,0.667],"y":[1,1,1]},"o":{"x":[0.333,0.333,0.333],"y":[0,0,0]},"t":-90,"s":[60,60,100]},{"t":-60,"s":[100,100,100],"h":1},{"i":{"x":[0.667,0.667,0.667],"y":[1,1,1]},"o":{"x":[0.333,0.333,0.333],"y":[0,0,0]},"t":0,"s":[100,100,100]},{"t":30,"s":[60,60,100],"h":1},{"i":{"x":[0.667,0.667,0.667],"y":[1,1,1]},"o":{"x":[0.333,0.333,0.333],"y":[0,0,0]},"t":90,"s":[60,60,100]},{"t":120,"s":[0,0,100],"h":1}],"ix":6}},"ao":0,"w":400,"h":650,"ip":-180,"op":120,"st":-180,"bm":0},{"ddd":0,"ind":39,"ty":0,"nm":"2","refId":"comp_6","sr":1,"ks":{"o":{"a":1,"k":[{"i":{"x":[0.667],"y":[1]},"o":{"x":[0.333],"y":[0]},"t":-90,"s":[0]},{"t":-60,"s":[75],"h":1},{"i":{"x":[0.667],"y":[1]},"o":{"x":[0.333],"y":[0]},"t":0,"s":[75]},{"t":30,"s":[100],"h":1},{"i":{"x":[0.667],"y":[1]},"o":{"x":[0.333],"y":[0]},"t":90,"s":[100]},{"t":120,"s":[75],"h":1},{"i":{"x":[0.667],"y":[1]},"o":{"x":[0.333],"y":[0]},"t":180,"s":[75]},{"t":210,"s":[0],"h":1}],"ix":11},"r":{"a":0,"k":0,"ix":10},"p":{"s":true,"x":{"a":1,"k":[{"i":{"x":[0],"y":[1]},"o":{"x":[0.333],"y":[0]},"t":-90,"s":[1209]},{"i":{"x":[0.667],"y":[1]},"o":{"x":[0.333],"y":[0]},"t":-60,"s":[870]},{"i":{"x":[0],"y":[1]},"o":{"x":[0.333],"y":[0]},"t":0,"s":[870]},{"i":{"x":[0.667],"y":[1]},"o":{"x":[0.333],"y":[0]},"t":30,"s":[540]},{"i":{"x":[0.005],"y":[1]},"o":{"x":[0.333],"y":[0]},"t":90,"s":[540]},{"i":{"x":[0.667],"y":[1]},"o":{"x":[0.333],"y":[0]},"t":120,"s":[210]},{"i":{"x":[0],"y":[1.125]},"o":{"x":[0.333],"y":[0]},"t":180,"s":[210]},{"t":210,"s":[-125],"h":1}],"ix":3},"y":{"a":1,"k":[{"i":{"x":[0.667],"y":[1]},"o":{"x":[0.333],"y":[0]},"t":-90,"s":[325]},{"i":{"x":[0.667],"y":[1]},"o":{"x":[0.333],"y":[0]},"t":-60,"s":[325]},{"i":{"x":[0.667],"y":[1]},"o":{"x":[0.333],"y":[0]},"t":0,"s":[325]},{"i":{"x":[0.667],"y":[1]},"o":{"x":[0.333],"y":[0]},"t":30,"s":[325]},{"i":{"x":[0.667],"y":[1]},"o":{"x":[0.333],"y":[0]},"t":90,"s":[325]},{"i":{"x":[0.667],"y":[1]},"o":{"x":[0.333],"y":[0]},"t":120,"s":[325]},{"i":{"x":[0.667],"y":[1]},"o":{"x":[0.333],"y":[0]},"t":180,"s":[325]},{"t":210,"s":[325],"h":1}],"ix":4}},"a":{"a":0,"k":[200,325,0],"ix":1},"s":{"a":1,"k":[{"i":{"x":[0.667,0.667,0.667],"y":[1,1,1]},"o":{"x":[0.333,0.333,0.333],"y":[0,0,0]},"t":-90,"s":[0,0,100]},{"t":-60,"s":[60,60,100],"h":1},{"i":{"x":[0.667,0.667,0.667],"y":[1,1,1]},"o":{"x":[0.333,0.333,0.333],"y":[0,0,0]},"t":0,"s":[60,60,100]},{"t":30,"s":[100,100,100],"h":1},{"i":{"x":[0.667,0.667,0.667],"y":[1,1,1]},"o":{"x":[0.333,0.333,0.333],"y":[0,0,0]},"t":90,"s":[100,100,100]},{"t":120,"s":[60,60,100],"h":1},{"i":{"x":[0.667,0.667,0.667],"y":[1,1,1]},"o":{"x":[0.333,0.333,0.333],"y":[0,0,0]},"t":180,"s":[60,60,100]},{"t":210,"s":[0,0,100],"h":1}],"ix":6}},"ao":0,"w":400,"h":650,"ip":-90,"op":210,"st":-90,"bm":0}]},{"id":"comp_1","layers":[{"ddd":0,"ind":1,"ty":2,"nm":"result(3).png","cl":"png","refId":"image_0","sr":1,"ks":{"o":{"a":0,"k":100,"ix":11},"r":{"a":0,"k":0,"ix":10},"p":{"a":0,"k":[200,325,0],"ix":2},"a":{"a":0,"k":[200,325,0],"ix":1},"s":{"a":0,"k":[100,100,100],"ix":6}},"ao":0,"ip":0,"op":300,"st":0,"bm":0}]},{"id":"comp_2","layers":[{"ddd":0,"ind":1,"ty":2,"nm":"result(4).png","cl":"png","refId":"image_1","sr":1,"ks":{"o":{"a":0,"k":100,"ix":11},"r":{"a":0,"k":0,"ix":10},"p":{"a":0,"k":[200,325,0],"ix":2},"a":{"a":0,"k":[200,325,0],"ix":1},"s":{"a":0,"k":[100,100,100],"ix":6}},"ao":0,"ip":0,"op":300,"st":0,"bm":0}]},{"id":"comp_3","layers":[{"ddd":0,"ind":1,"ty":2,"nm":"result(5).png","cl":"png","refId":"image_2","sr":1,"ks":{"o":{"a":0,"k":100,"ix":11},"r":{"a":0,"k":0,"ix":10},"p":{"a":0,"k":[540,325,0],"ix":2},"a":{"a":0,"k":[200,325,0],"ix":1},"s":{"a":0,"k":[100,100,100],"ix":6}},"ao":0,"ip":0,"op":300,"st":0,"bm":0}]},{"id":"comp_4","layers":[{"ddd":0,"ind":1,"ty":2,"nm":"result(36).png","cl":"png","refId":"image_33","sr":1,"ks":{"o":{"a":0,"k":100,"ix":11},"r":{"a":0,"k":0,"ix":10},"p":{"a":0,"k":[200,325,0],"ix":2},"a":{"a":0,"k":[200,325,0],"ix":1},"s":{"a":0,"k":[100,100,100],"ix":6}},"ao":0,"ip":0,"op":300,"st":0,"bm":0}]},{"id":"comp_5","layers":[{"ddd":0,"ind":1,"ty":2,"nm":"result(1).png","cl":"png","refId":"image_34","sr":1,"ks":{"o":{"a":0,"k":100,"ix":11},"r":{"a":0,"k":0,"ix":10},"p":{"a":0,"k":[200,325,0],"ix":2},"a":{"a":0,"k":[200,325,0],"ix":1},"s":{"a":0,"k":[100,100,100],"ix":6}},"ao":0,"ip":0,"op":300,"st":0,"bm":0}]},{"id":"comp_6","layers":[{"ddd":0,"ind":1,"ty":2,"nm":"result(2).png","cl":"png","refId":"image_35","sr":1,"ks":{"o":{"a":0,"k":100,"ix":11},"r":{"a":0,"k":0,"ix":10},"p":{"a":0,"k":[200,325,0],"ix":2},"a":{"a":0,"k":[200,325,0],"ix":1},"s":{"a":0,"k":[100,100,100],"ix":6}},"ao":0,"ip":0,"op":300,"st":0,"bm":0}]}],"layers":[{"ddd":0,"ind":1,"ty":0,"nm":"轮播","refId":"comp_0","sr":1,"ks":{"o":{"a":0,"k":100,"ix":11},"r":{"a":0,"k":0,"ix":10},"p":{"a":0,"k":[608,1036,0],"ix":2},"a":{"a":0,"k":[540,325,0],"ix":1},"s":{"a":0,"k":[100,100,100],"ix":6}},"ao":0,"w":1080,"h":650,"ip":0,"op":3240,"st":0,"bm":0}],"markers":[]}