{"v":"5.6.5","fr":25,"ip":0,"op":500,"w":1080,"h":2032,"nm":"QQ图片20200517212640","ddd":0,"assets":[{"id":"image_0","w":1080,"h":2032,"u":"images/","p":"img_0.jpg","e":0}],"layers":[{"ddd":0,"ind":1,"ty":2,"nm":"QQ图片20200517212640.png","cl":"png","refId":"image_0","sr":1,"ks":{"o":{"a":0,"k":100,"ix":11},"r":{"a":0,"k":0,"ix":10},"p":{"a":0,"k":[540,1016,0],"ix":2},"a":{"a":0,"k":[540,1016,0],"ix":1},"s":{"a":0,"k":[100,100,100],"ix":6}},"ao":0,"ip":0,"op":500,"st":0,"bm":0}],"markers":[]}