{"v":"5.6.6","fr":8,"ip":001,"op":025,"w":239,"h":425,"nm":"xiaoqiandia000","ddd":0,"assets":[{"id":"image_0","w":239,"h":425,"u":"images/","p":"xiaoqiandia000.jpg","e":0},{"id":"image_1","w":239,"h":425,"u":"images/","p":"xiaoqiandia001.jpg","e":0},{"id":"image_2","w":239,"h":425,"u":"images/","p":"xiaoqiandia002.jpg","e":0},{"id":"image_3","w":239,"h":425,"u":"images/","p":"xiaoqiandia003.jpg","e":0},{"id":"image_4","w":239,"h":425,"u":"images/","p":"xiaoqiandia004.jpg","e":0},{"id":"image_5","w":239,"h":425,"u":"images/","p":"xiaoqiandia005.jpg","e":0},{"id":"image_6","w":239,"h":425,"u":"images/","p":"xiaoqiandia006.jpg","e":0},{"id":"image_7","w":239,"h":425,"u":"images/","p":"xiaoqiandia007.jpg","e":0},{"id":"image_8","w":239,"h":425,"u":"images/","p":"xiaoqiandia008.jpg","e":0},{"id":"image_9","w":239,"h":425,"u":"images/","p":"xiaoqiandia009.jpg","e":0},{"id":"image_10","w":239,"h":425,"u":"images/","p":"xiaoqiandia010.jpg","e":0},{"id":"image_11","w":239,"h":425,"u":"images/","p":"xiaoqiandia011.jpg","e":0},{"id":"image_12","w":239,"h":425,"u":"images/","p":"xiaoqiandia012.jpg","e":0},{"id":"image_13","w":239,"h":425,"u":"images/","p":"xiaoqiandia013.jpg","e":0},{"id":"image_14","w":239,"h":425,"u":"images/","p":"xiaoqiandia014.jpg","e":0},{"id":"image_15","w":239,"h":425,"u":"images/","p":"xiaoqiandia015.jpg","e":0},{"id":"image_16","w":239,"h":425,"u":"images/","p":"xiaoqiandia016.jpg","e":0},{"id":"image_17","w":239,"h":425,"u":"images/","p":"xiaoqiandia017.jpg","e":0},{"id":"image_18","w":239,"h":425,"u":"images/","p":"xiaoqiandia018.jpg","e":0},{"id":"image_19","w":239,"h":425,"u":"images/","p":"xiaoqiandia019.jpg","e":0},{"id":"image_20","w":239,"h":425,"u":"images/","p":"xiaoqiandia020.jpg","e":0},{"id":"image_21","w":239,"h":425,"u":"images/","p":"xiaoqiandia021.jpg","e":0},{"id":"image_22","w":239,"h":425,"u":"images/","p":"xiaoqiandia022.jpg","e":0},{"id":"image_23","w":239,"h":425,"u":"images/","p":"xiaoqiandia023.jpg","e":0},{"id":"image_24","w":239,"h":425,"u":"images/","p":"xiaoqiandia024.jpg","e":0},{"id":"image_25","w":239,"h":425,"u":"images/","p":"xiaoqiandia025.jpg","e":0},{"id":"image_26","w":239,"h":425,"u":"images/","p":"xiaoqiandia026.jpg","e":0},{"id":"image_27","w":239,"h":425,"u":"images/","p":"xiaoqiandia027.jpg","e":0},{"id":"image_28","w":239,"h":425,"u":"images/","p":"xiaoqiandia028.jpg","e":0},{"id":"image_29","w":239,"h":425,"u":"images/","p":"xiaoqiandia029.jpg","e":0},{"id":"image_30","w":239,"h":425,"u":"images/","p":"xiaoqiandia030.jpg","e":0},{"id":"image_31","w":239,"h":425,"u":"images/","p":"xiaoqiandia031.jpg","e":0},{"id":"image_32","w":239,"h":425,"u":"images/","p":"xiaoqiandia032.jpg","e":0},{"id":"image_33","w":239,"h":425,"u":"images/","p":"xiaoqiandia033.jpg","e":0},{"id":"image_34","w":239,"h":425,"u":"images/","p":"xiaoqiandia034.jpg","e":0},{"id":"image_35","w":239,"h":425,"u":"images/","p":"xiaoqiandia035.jpg","e":0},{"id":"image_36","w":239,"h":425,"u":"images/","p":"xiaoqiandia036.jpg","e":0},{"id":"image_37","w":239,"h":425,"u":"images/","p":"xiaoqiandia037.jpg","e":0},{"id":"image_38","w":239,"h":425,"u":"images/","p":"xiaoqiandia038.jpg","e":0},{"id":"image_39","w":239,"h":425,"u":"images/","p":"xiaoqiandia039.jpg","e":0},{"id":"image_40","w":239,"h":425,"u":"images/","p":"xiaoqiandia040.jpg","e":0},{"id":"image_41","w":239,"h":425,"u":"images/","p":"xiaoqiandia041.jpg","e":0},{"id":"image_42","w":239,"h":425,"u":"images/","p":"xiaoqiandia042.jpg","e":0},{"id":"image_43","w":239,"h":425,"u":"images/","p":"xiaoqiandia043.jpg","e":0},{"id":"image_44","w":239,"h":425,"u":"images/","p":"xiaoqiandia044.jpg","e":0},{"id":"image_45","w":239,"h":425,"u":"images/","p":"xiaoqiandia045.jpg","e":0},{"id":"image_46","w":239,"h":425,"u":"images/","p":"xiaoqiandia046.jpg","e":0},{"id":"image_47","w":239,"h":425,"u":"images/","p":"xiaoqiandia047.jpg","e":0},{"id":"image_48","w":239,"h":425,"u":"images/","p":"xiaoqiandia048.jpg","e":0},{"id":"image_49","w":239,"h":425,"u":"images/","p":"xiaoqiandia049.jpg","e":0},{"id":"image_50","w":239,"h":425,"u":"images/","p":"xiaoqiandia050.jpg","e":0},{"id":"image_51","w":239,"h":425,"u":"images/","p":"xiaoqiandia051.jpg","e":0},{"id":"image_52","w":239,"h":425,"u":"images/","p":"xiaoqiandia052.jpg","e":0},{"id":"image_53","w":239,"h":425,"u":"images/","p":"xiaoqiandia053.jpg","e":0},{"id":"image_54","w":239,"h":425,"u":"images/","p":"xiaoqiandia054.jpg","e":0},{"id":"image_55","w":239,"h":425,"u":"images/","p":"xiaoqiandia055.jpg","e":0},{"id":"image_56","w":239,"h":425,"u":"images/","p":"xiaoqiandia056.jpg","e":0},{"id":"image_57","w":239,"h":425,"u":"images/","p":"xiaoqiandia057.jpg","e":0},{"id":"image_58","w":239,"h":425,"u":"images/","p":"xiaoqiandia058.jpg","e":0},{"id":"image_59","w":239,"h":425,"u":"images/","p":"xiaoqiandia059.jpg","e":0},{"id":"image_60","w":239,"h":425,"u":"images/","p":"xiaoqiandia060.jpg","e":0},{"id":"image_61","w":239,"h":425,"u":"images/","p":"xiaoqiandia061.jpg","e":0},{"id":"image_62","w":239,"h":425,"u":"images/","p":"xiaoqiandia062.jpg","e":0},{"id":"image_63","w":239,"h":425,"u":"images/","p":"xiaoqiandia063.jpg","e":0},{"id":"image_64","w":239,"h":425,"u":"images/","p":"xiaoqiandia064.jpg","e":0},{"id":"image_65","w":239,"h":425,"u":"images/","p":"xiaoqiandia065.jpg","e":0},{"id":"image_66","w":239,"h":425,"u":"images/","p":"xiaoqiandia066.jpg","e":0},{"id":"image_67","w":239,"h":425,"u":"images/","p":"xiaoqiandia067.jpg","e":0},{"id":"image_68","w":239,"h":425,"u":"images/","p":"xiaoqiandia068.jpg","e":0},{"id":"image_69","w":239,"h":425,"u":"images/","p":"xiaoqiandia069.jpg","e":0},{"id":"image_70","w":239,"h":425,"u":"images/","p":"xiaoqiandia070.jpg","e":0},{"id":"image_71","w":239,"h":425,"u":"images/","p":"xiaoqiandia071.jpg","e":0},{"id":"image_72","w":239,"h":425,"u":"images/","p":"xiaoqiandia072.jpg","e":0},{"id":"image_73","w":239,"h":425,"u":"images/","p":"xiaoqiandia073.jpg","e":0},{"id":"image_74","w":239,"h":425,"u":"images/","p":"xiaoqiandia074.jpg","e":0},{"id":"image_75","w":239,"h":425,"u":"images/","p":"xiaoqiandia075.jpg","e":0},{"id":"image_76","w":239,"h":425,"u":"images/","p":"xiaoqiandia076.jpg","e":0},{"id":"image_77","w":239,"h":425,"u":"images/","p":"xiaoqiandia077.jpg","e":0},{"id":"image_78","w":239,"h":425,"u":"images/","p":"xiaoqiandia078.jpg","e":0},{"id":"image_79","w":239,"h":425,"u":"images/","p":"xiaoqiandia079.jpg","e":0},{"id":"image_80","w":239,"h":425,"u":"images/","p":"xiaoqiandia080.jpg","e":0},{"id":"image_81","w":239,"h":425,"u":"images/","p":"xiaoqiandia081.jpg","e":0},{"id":"image_82","w":239,"h":425,"u":"images/","p":"xiaoqiandia082.jpg","e":0},{"id":"image_83","w":239,"h":425,"u":"images/","p":"xiaoqiandia083.jpg","e":0},{"id":"image_84","w":239,"h":425,"u":"images/","p":"xiaoqiandia084.jpg","e":0},{"id":"image_85","w":239,"h":425,"u":"images/","p":"xiaoqiandia085.jpg","e":0},{"id":"image_86","w":239,"h":425,"u":"images/","p":"xiaoqiandia086.jpg","e":0},{"id":"image_87","w":239,"h":425,"u":"images/","p":"xiaoqiandia087.jpg","e":0},{"id":"image_88","w":239,"h":425,"u":"images/","p":"xiaoqiandia088.jpg","e":0},{"id":"image_89","w":239,"h":425,"u":"images/","p":"xiaoqiandia089.jpg","e":0},{"id":"image_90","w":239,"h":425,"u":"images/","p":"xiaoqiandia090.jpg","e":0},{"id":"image_91","w":239,"h":425,"u":"images/","p":"xiaoqiandia091.jpg","e":0},{"id":"image_92","w":239,"h":425,"u":"images/","p":"xiaoqiandia092.jpg","e":0},{"id":"image_93","w":239,"h":425,"u":"images/","p":"xiaoqiandia093.jpg","e":0},{"id":"image_94","w":239,"h":425,"u":"images/","p":"xiaoqiandia094.jpg","e":0},{"id":"image_95","w":239,"h":425,"u":"images/","p":"xiaoqiandia095.jpg","e":0},{"id":"image_96","w":239,"h":425,"u":"images/","p":"xiaoqiandia096.jpg","e":0},{"id":"image_97","w":239,"h":425,"u":"images/","p":"xiaoqiandia097.jpg","e":0},{"id":"image_98","w":239,"h":425,"u":"images/","p":"xiaoqiandia098.jpg","e":0},{"id":"image_99","w":239,"h":425,"u":"images/","p":"xiaoqiandia099.jpg","e":0},{"id":"image_100","w":239,"h":425,"u":"images/","p":"xiaoqiandia100.jpg","e":0},{"id":"image_101","w":239,"h":425,"u":"images/","p":"xiaoqiandia101.jpg","e":0},{"id":"image_102","w":239,"h":425,"u":"images/","p":"xiaoqiandia102.jpg","e":0},{"id":"image_103","w":239,"h":425,"u":"images/","p":"xiaoqiandia103.jpg","e":0},{"id":"image_104","w":239,"h":425,"u":"images/","p":"xiaoqiandia104.jpg","e":0},{"id":"image_105","w":239,"h":425,"u":"images/","p":"xiaoqiandia105.jpg","e":0},{"id":"image_106","w":239,"h":425,"u":"images/","p":"xiaoqiandia106.jpg","e":0},{"id":"image_107","w":239,"h":425,"u":"images/","p":"xiaoqiandia107.jpg","e":0},{"id":"image_108","w":239,"h":425,"u":"images/","p":"xiaoqiandia108.jpg","e":0},{"id":"image_109","w":239,"h":425,"u":"images/","p":"xiaoqiandia109.jpg","e":0},{"id":"image_110","w":239,"h":425,"u":"images/","p":"xiaoqiandia110.jpg","e":0},{"id":"image_111","w":239,"h":425,"u":"images/","p":"xiaoqiandia111.jpg","e":0},{"id":"image_112","w":239,"h":425,"u":"images/","p":"xiaoqiandia112.jpg","e":0},{"id":"image_113","w":239,"h":425,"u":"images/","p":"xiaoqiandia113.jpg","e":0},{"id":"image_114","w":239,"h":425,"u":"images/","p":"xiaoqiandia114.jpg","e":0},{"id":"image_115","w":239,"h":425,"u":"images/","p":"xiaoqiandia115.jpg","e":0},{"id":"image_116","w":239,"h":425,"u":"images/","p":"xiaoqiandia116.jpg","e":0},{"id":"image_117","w":239,"h":425,"u":"images/","p":"xiaoqiandia117.jpg","e":0},{"id":"image_118","w":239,"h":425,"u":"images/","p":"xiaoqiandia118.jpg","e":0},{"id":"image_119","w":239,"h":425,"u":"images/","p":"xiaoqiandia119.jpg","e":0},{"id":"image_120","w":239,"h":425,"u":"images/","p":"xiaoqiandia120.jpg","e":0},{"id":"image_121","w":239,"h":425,"u":"images/","p":"xiaoqiandia121.jpg","e":0},{"id":"image_122","w":239,"h":425,"u":"images/","p":"xiaoqiandia122.jpg","e":0},{"id":"image_123","w":239,"h":425,"u":"images/","p":"xiaoqiandia123.jpg","e":0},{"id":"image_124","w":239,"h":425,"u":"images/","p":"xiaoqiandia124.jpg","e":0},{"id":"image_125","w":239,"h":425,"u":"images/","p":"xiaoqiandia125.jpg","e":0},{"id":"image_126","w":239,"h":425,"u":"images/","p":"xiaoqiandia126.jpg","e":0},{"id":"image_127","w":239,"h":425,"u":"images/","p":"xiaoqiandia127.jpg","e":0},{"id":"image_128","w":239,"h":425,"u":"images/","p":"xiaoqiandia128.jpg","e":0},{"id":"image_129","w":239,"h":425,"u":"images/","p":"xiaoqiandia129.jpg","e":0},{"id":"image_130","w":239,"h":425,"u":"images/","p":"xiaoqiandia130.jpg","e":0},{"id":"image_131","w":239,"h":425,"u":"images/","p":"xiaoqiandia131.jpg","e":0},{"id":"image_132","w":239,"h":425,"u":"images/","p":"xiaoqiandia132.jpg","e":0}],"layers":[{"ddd":0,"ind":1,"ty":2,"nm":"xiaoqiandia000.jpg","cl":"jpg","refId":"image_0","sr":1,"ks":{"o":{"a":0,"k":100,"ix":11},"r":{"a":0,"k":0,"ix":10},"p":{"a":0,"k":[119.5,212.5,0],"ix":2},"a":{"a":0,"k":[119.5,212.5,0],"ix":1},"s":{"a":0,"k":[100,100,100],"ix":6}},"ao":0,"ip":0,"op":1.06666666666667,"st":0,"bm":0},{"ddd":0,"ind":2,"ty":2,"nm":"xiaoqiandia001.jpg","cl":"jpg","refId":"image_1","sr":1,"ks":{"o":{"a":0,"k":100,"ix":11},"r":{"a":0,"k":0,"ix":10},"p":{"a":0,"k":[119.5,212.5,0],"ix":2},"a":{"a":0,"k":[119.5,212.5,0],"ix":1},"s":{"a":0,"k":[100,100,100],"ix":6}},"ao":0,"ip":1.06666666666667,"op":2.13333333333333,"st":1.06666666666667,"bm":0},{"ddd":0,"ind":3,"ty":2,"nm":"xiaoqiandia002.jpg","cl":"jpg","refId":"image_2","sr":1,"ks":{"o":{"a":0,"k":100,"ix":11},"r":{"a":0,"k":0,"ix":10},"p":{"a":0,"k":[119.5,212.5,0],"ix":2},"a":{"a":0,"k":[119.5,212.5,0],"ix":1},"s":{"a":0,"k":[100,100,100],"ix":6}},"ao":0,"ip":2.13333333333333,"op":3.2,"st":2.13333333333333,"bm":0},{"ddd":0,"ind":4,"ty":2,"nm":"xiaoqiandia003.jpg","cl":"jpg","refId":"image_3","sr":1,"ks":{"o":{"a":0,"k":100,"ix":11},"r":{"a":0,"k":0,"ix":10},"p":{"a":0,"k":[119.5,212.5,0],"ix":2},"a":{"a":0,"k":[119.5,212.5,0],"ix":1},"s":{"a":0,"k":[100,100,100],"ix":6}},"ao":0,"ip":3.2,"op":4.26666666666667,"st":3.2,"bm":0},{"ddd":0,"ind":5,"ty":2,"nm":"xiaoqiandia004.jpg","cl":"jpg","refId":"image_4","sr":1,"ks":{"o":{"a":0,"k":100,"ix":11},"r":{"a":0,"k":0,"ix":10},"p":{"a":0,"k":[119.5,212.5,0],"ix":2},"a":{"a":0,"k":[119.5,212.5,0],"ix":1},"s":{"a":0,"k":[100,100,100],"ix":6}},"ao":0,"ip":4.26666666666667,"op":5.33333333333333,"st":4.26666666666667,"bm":0},{"ddd":0,"ind":6,"ty":2,"nm":"xiaoqiandia005.jpg","cl":"jpg","refId":"image_5","sr":1,"ks":{"o":{"a":0,"k":100,"ix":11},"r":{"a":0,"k":0,"ix":10},"p":{"a":0,"k":[119.5,212.5,0],"ix":2},"a":{"a":0,"k":[119.5,212.5,0],"ix":1},"s":{"a":0,"k":[100,100,100],"ix":6}},"ao":0,"ip":5.33333333333333,"op":6.4,"st":5.33333333333333,"bm":0},{"ddd":0,"ind":7,"ty":2,"nm":"xiaoqiandia006.jpg","cl":"jpg","refId":"image_6","sr":1,"ks":{"o":{"a":0,"k":100,"ix":11},"r":{"a":0,"k":0,"ix":10},"p":{"a":0,"k":[119.5,212.5,0],"ix":2},"a":{"a":0,"k":[119.5,212.5,0],"ix":1},"s":{"a":0,"k":[100,100,100],"ix":6}},"ao":0,"ip":6.4,"op":7.46666666666667,"st":6.4,"bm":0},{"ddd":0,"ind":8,"ty":2,"nm":"xiaoqiandia007.jpg","cl":"jpg","refId":"image_7","sr":1,"ks":{"o":{"a":0,"k":100,"ix":11},"r":{"a":0,"k":0,"ix":10},"p":{"a":0,"k":[119.5,212.5,0],"ix":2},"a":{"a":0,"k":[119.5,212.5,0],"ix":1},"s":{"a":0,"k":[100,100,100],"ix":6}},"ao":0,"ip":7.46666666666667,"op":8.53333333333333,"st":7.46666666666667,"bm":0},{"ddd":0,"ind":9,"ty":2,"nm":"xiaoqiandia008.jpg","cl":"jpg","refId":"image_8","sr":1,"ks":{"o":{"a":0,"k":100,"ix":11},"r":{"a":0,"k":0,"ix":10},"p":{"a":0,"k":[119.5,212.5,0],"ix":2},"a":{"a":0,"k":[119.5,212.5,0],"ix":1},"s":{"a":0,"k":[100,100,100],"ix":6}},"ao":0,"ip":8.53333333333333,"op":9.6,"st":8.53333333333333,"bm":0},{"ddd":0,"ind":10,"ty":2,"nm":"xiaoqiandia009.jpg","cl":"jpg","refId":"image_9","sr":1,"ks":{"o":{"a":0,"k":100,"ix":11},"r":{"a":0,"k":0,"ix":10},"p":{"a":0,"k":[119.5,212.5,0],"ix":2},"a":{"a":0,"k":[119.5,212.5,0],"ix":1},"s":{"a":0,"k":[100,100,100],"ix":6}},"ao":0,"ip":9.6,"op":10.6666666666667,"st":9.6,"bm":0},{"ddd":0,"ind":11,"ty":2,"nm":"xiaoqiandia010.jpg","cl":"jpg","refId":"image_10","sr":1,"ks":{"o":{"a":0,"k":100,"ix":11},"r":{"a":0,"k":0,"ix":10},"p":{"a":0,"k":[119.5,212.5,0],"ix":2},"a":{"a":0,"k":[119.5,212.5,0],"ix":1},"s":{"a":0,"k":[100,100,100],"ix":6}},"ao":0,"ip":10.6666666666667,"op":11.7333333333333,"st":10.6666666666667,"bm":0},{"ddd":0,"ind":12,"ty":2,"nm":"xiaoqiandia011.jpg","cl":"jpg","refId":"image_11","sr":1,"ks":{"o":{"a":0,"k":100,"ix":11},"r":{"a":0,"k":0,"ix":10},"p":{"a":0,"k":[119.5,212.5,0],"ix":2},"a":{"a":0,"k":[119.5,212.5,0],"ix":1},"s":{"a":0,"k":[100,100,100],"ix":6}},"ao":0,"ip":11.7333333333333,"op":12.8,"st":11.7333333333333,"bm":0},{"ddd":0,"ind":13,"ty":2,"nm":"xiaoqiandia012.jpg","cl":"jpg","refId":"image_12","sr":1,"ks":{"o":{"a":0,"k":100,"ix":11},"r":{"a":0,"k":0,"ix":10},"p":{"a":0,"k":[119.5,212.5,0],"ix":2},"a":{"a":0,"k":[119.5,212.5,0],"ix":1},"s":{"a":0,"k":[100,100,100],"ix":6}},"ao":0,"ip":12.8,"op":13.8666666666667,"st":12.8,"bm":0},{"ddd":0,"ind":14,"ty":2,"nm":"xiaoqiandia013.jpg","cl":"jpg","refId":"image_13","sr":1,"ks":{"o":{"a":0,"k":100,"ix":11},"r":{"a":0,"k":0,"ix":10},"p":{"a":0,"k":[119.5,212.5,0],"ix":2},"a":{"a":0,"k":[119.5,212.5,0],"ix":1},"s":{"a":0,"k":[100,100,100],"ix":6}},"ao":0,"ip":13.8666666666667,"op":14.9333333333333,"st":13.8666666666667,"bm":0},{"ddd":0,"ind":15,"ty":2,"nm":"xiaoqiandia014.jpg","cl":"jpg","refId":"image_14","sr":1,"ks":{"o":{"a":0,"k":100,"ix":11},"r":{"a":0,"k":0,"ix":10},"p":{"a":0,"k":[119.5,212.5,0],"ix":2},"a":{"a":0,"k":[119.5,212.5,0],"ix":1},"s":{"a":0,"k":[100,100,100],"ix":6}},"ao":0,"ip":14.9333333333333,"op":16,"st":14.9333333333333,"bm":0},{"ddd":0,"ind":16,"ty":2,"nm":"xiaoqiandia015.jpg","cl":"jpg","refId":"image_15","sr":1,"ks":{"o":{"a":0,"k":100,"ix":11},"r":{"a":0,"k":0,"ix":10},"p":{"a":0,"k":[119.5,212.5,0],"ix":2},"a":{"a":0,"k":[119.5,212.5,0],"ix":1},"s":{"a":0,"k":[100,100,100],"ix":6}},"ao":0,"ip":16,"op":17.0666666666667,"st":16,"bm":0},{"ddd":0,"ind":17,"ty":2,"nm":"xiaoqiandia016.jpg","cl":"jpg","refId":"image_16","sr":1,"ks":{"o":{"a":0,"k":100,"ix":11},"r":{"a":0,"k":0,"ix":10},"p":{"a":0,"k":[119.5,212.5,0],"ix":2},"a":{"a":0,"k":[119.5,212.5,0],"ix":1},"s":{"a":0,"k":[100,100,100],"ix":6}},"ao":0,"ip":17.0666666666667,"op":18.1333333333333,"st":17.0666666666667,"bm":0},{"ddd":0,"ind":18,"ty":2,"nm":"xiaoqiandia017.jpg","cl":"jpg","refId":"image_17","sr":1,"ks":{"o":{"a":0,"k":100,"ix":11},"r":{"a":0,"k":0,"ix":10},"p":{"a":0,"k":[119.5,212.5,0],"ix":2},"a":{"a":0,"k":[119.5,212.5,0],"ix":1},"s":{"a":0,"k":[100,100,100],"ix":6}},"ao":0,"ip":18.1333333333333,"op":19.2,"st":18.1333333333333,"bm":0},{"ddd":0,"ind":19,"ty":2,"nm":"xiaoqiandia018.jpg","cl":"jpg","refId":"image_18","sr":1,"ks":{"o":{"a":0,"k":100,"ix":11},"r":{"a":0,"k":0,"ix":10},"p":{"a":0,"k":[119.5,212.5,0],"ix":2},"a":{"a":0,"k":[119.5,212.5,0],"ix":1},"s":{"a":0,"k":[100,100,100],"ix":6}},"ao":0,"ip":19.2,"op":20.2666666666667,"st":19.2,"bm":0},{"ddd":0,"ind":20,"ty":2,"nm":"xiaoqiandia019.jpg","cl":"jpg","refId":"image_19","sr":1,"ks":{"o":{"a":0,"k":100,"ix":11},"r":{"a":0,"k":0,"ix":10},"p":{"a":0,"k":[119.5,212.5,0],"ix":2},"a":{"a":0,"k":[119.5,212.5,0],"ix":1},"s":{"a":0,"k":[100,100,100],"ix":6}},"ao":0,"ip":20.2666666666667,"op":21.3333333333333,"st":20.2666666666667,"bm":0},{"ddd":0,"ind":21,"ty":2,"nm":"xiaoqiandia020.jpg","cl":"jpg","refId":"image_20","sr":1,"ks":{"o":{"a":0,"k":100,"ix":11},"r":{"a":0,"k":0,"ix":10},"p":{"a":0,"k":[119.5,212.5,0],"ix":2},"a":{"a":0,"k":[119.5,212.5,0],"ix":1},"s":{"a":0,"k":[100,100,100],"ix":6}},"ao":0,"ip":21.3333333333333,"op":22.4,"st":21.3333333333333,"bm":0},{"ddd":0,"ind":22,"ty":2,"nm":"xiaoqiandia021.jpg","cl":"jpg","refId":"image_21","sr":1,"ks":{"o":{"a":0,"k":100,"ix":11},"r":{"a":0,"k":0,"ix":10},"p":{"a":0,"k":[119.5,212.5,0],"ix":2},"a":{"a":0,"k":[119.5,212.5,0],"ix":1},"s":{"a":0,"k":[100,100,100],"ix":6}},"ao":0,"ip":22.4,"op":23.4666666666667,"st":22.4,"bm":0},{"ddd":0,"ind":23,"ty":2,"nm":"xiaoqiandia022.jpg","cl":"jpg","refId":"image_22","sr":1,"ks":{"o":{"a":0,"k":100,"ix":11},"r":{"a":0,"k":0,"ix":10},"p":{"a":0,"k":[119.5,212.5,0],"ix":2},"a":{"a":0,"k":[119.5,212.5,0],"ix":1},"s":{"a":0,"k":[100,100,100],"ix":6}},"ao":0,"ip":23.4666666666667,"op":24.5333333333333,"st":23.4666666666667,"bm":0},{"ddd":0,"ind":24,"ty":2,"nm":"xiaoqiandia023.jpg","cl":"jpg","refId":"image_23","sr":1,"ks":{"o":{"a":0,"k":100,"ix":11},"r":{"a":0,"k":0,"ix":10},"p":{"a":0,"k":[119.5,212.5,0],"ix":2},"a":{"a":0,"k":[119.5,212.5,0],"ix":1},"s":{"a":0,"k":[100,100,100],"ix":6}},"ao":0,"ip":24.5333333333333,"op":25.6,"st":24.5333333333333,"bm":0},{"ddd":0,"ind":25,"ty":2,"nm":"xiaoqiandia024.jpg","cl":"jpg","refId":"image_24","sr":1,"ks":{"o":{"a":0,"k":100,"ix":11},"r":{"a":0,"k":0,"ix":10},"p":{"a":0,"k":[119.5,212.5,0],"ix":2},"a":{"a":0,"k":[119.5,212.5,0],"ix":1},"s":{"a":0,"k":[100,100,100],"ix":6}},"ao":0,"ip":25.6,"op":26.6666666666667,"st":25.6,"bm":0},{"ddd":0,"ind":26,"ty":2,"nm":"xiaoqiandia025.jpg","cl":"jpg","refId":"image_25","sr":1,"ks":{"o":{"a":0,"k":100,"ix":11},"r":{"a":0,"k":0,"ix":10},"p":{"a":0,"k":[119.5,212.5,0],"ix":2},"a":{"a":0,"k":[119.5,212.5,0],"ix":1},"s":{"a":0,"k":[100,100,100],"ix":6}},"ao":0,"ip":26.6666666666667,"op":27.7333333333333,"st":26.6666666666667,"bm":0},{"ddd":0,"ind":27,"ty":2,"nm":"xiaoqiandia026.jpg","cl":"jpg","refId":"image_26","sr":1,"ks":{"o":{"a":0,"k":100,"ix":11},"r":{"a":0,"k":0,"ix":10},"p":{"a":0,"k":[119.5,212.5,0],"ix":2},"a":{"a":0,"k":[119.5,212.5,0],"ix":1},"s":{"a":0,"k":[100,100,100],"ix":6}},"ao":0,"ip":27.7333333333333,"op":28.8,"st":27.7333333333333,"bm":0},{"ddd":0,"ind":28,"ty":2,"nm":"xiaoqiandia027.jpg","cl":"jpg","refId":"image_27","sr":1,"ks":{"o":{"a":0,"k":100,"ix":11},"r":{"a":0,"k":0,"ix":10},"p":{"a":0,"k":[119.5,212.5,0],"ix":2},"a":{"a":0,"k":[119.5,212.5,0],"ix":1},"s":{"a":0,"k":[100,100,100],"ix":6}},"ao":0,"ip":28.8,"op":29.8666666666667,"st":28.8,"bm":0},{"ddd":0,"ind":29,"ty":2,"nm":"xiaoqiandia028.jpg","cl":"jpg","refId":"image_28","sr":1,"ks":{"o":{"a":0,"k":100,"ix":11},"r":{"a":0,"k":0,"ix":10},"p":{"a":0,"k":[119.5,212.5,0],"ix":2},"a":{"a":0,"k":[119.5,212.5,0],"ix":1},"s":{"a":0,"k":[100,100,100],"ix":6}},"ao":0,"ip":29.8666666666667,"op":30.9333333333333,"st":29.8666666666667,"bm":0},{"ddd":0,"ind":30,"ty":2,"nm":"xiaoqiandia029.jpg","cl":"jpg","refId":"image_29","sr":1,"ks":{"o":{"a":0,"k":100,"ix":11},"r":{"a":0,"k":0,"ix":10},"p":{"a":0,"k":[119.5,212.5,0],"ix":2},"a":{"a":0,"k":[119.5,212.5,0],"ix":1},"s":{"a":0,"k":[100,100,100],"ix":6}},"ao":0,"ip":30.9333333333333,"op":32,"st":30.9333333333333,"bm":0},{"ddd":0,"ind":31,"ty":2,"nm":"xiaoqiandia030.jpg","cl":"jpg","refId":"image_30","sr":1,"ks":{"o":{"a":0,"k":100,"ix":11},"r":{"a":0,"k":0,"ix":10},"p":{"a":0,"k":[119.5,212.5,0],"ix":2},"a":{"a":0,"k":[119.5,212.5,0],"ix":1},"s":{"a":0,"k":[100,100,100],"ix":6}},"ao":0,"ip":32,"op":33.0666666666667,"st":32,"bm":0},{"ddd":0,"ind":32,"ty":2,"nm":"xiaoqiandia031.jpg","cl":"jpg","refId":"image_31","sr":1,"ks":{"o":{"a":0,"k":100,"ix":11},"r":{"a":0,"k":0,"ix":10},"p":{"a":0,"k":[119.5,212.5,0],"ix":2},"a":{"a":0,"k":[119.5,212.5,0],"ix":1},"s":{"a":0,"k":[100,100,100],"ix":6}},"ao":0,"ip":33.0666666666667,"op":34.1333333333333,"st":33.0666666666667,"bm":0},{"ddd":0,"ind":33,"ty":2,"nm":"xiaoqiandia032.jpg","cl":"jpg","refId":"image_32","sr":1,"ks":{"o":{"a":0,"k":100,"ix":11},"r":{"a":0,"k":0,"ix":10},"p":{"a":0,"k":[119.5,212.5,0],"ix":2},"a":{"a":0,"k":[119.5,212.5,0],"ix":1},"s":{"a":0,"k":[100,100,100],"ix":6}},"ao":0,"ip":34.1333333333333,"op":35.2,"st":34.1333333333333,"bm":0},{"ddd":0,"ind":34,"ty":2,"nm":"xiaoqiandia033.jpg","cl":"jpg","refId":"image_33","sr":1,"ks":{"o":{"a":0,"k":100,"ix":11},"r":{"a":0,"k":0,"ix":10},"p":{"a":0,"k":[119.5,212.5,0],"ix":2},"a":{"a":0,"k":[119.5,212.5,0],"ix":1},"s":{"a":0,"k":[100,100,100],"ix":6}},"ao":0,"ip":35.2,"op":36.2666666666667,"st":35.2,"bm":0},{"ddd":0,"ind":35,"ty":2,"nm":"xiaoqiandia034.jpg","cl":"jpg","refId":"image_34","sr":1,"ks":{"o":{"a":0,"k":100,"ix":11},"r":{"a":0,"k":0,"ix":10},"p":{"a":0,"k":[119.5,212.5,0],"ix":2},"a":{"a":0,"k":[119.5,212.5,0],"ix":1},"s":{"a":0,"k":[100,100,100],"ix":6}},"ao":0,"ip":36.2666666666667,"op":37.3333333333333,"st":36.2666666666667,"bm":0},{"ddd":0,"ind":36,"ty":2,"nm":"xiaoqiandia035.jpg","cl":"jpg","refId":"image_35","sr":1,"ks":{"o":{"a":0,"k":100,"ix":11},"r":{"a":0,"k":0,"ix":10},"p":{"a":0,"k":[119.5,212.5,0],"ix":2},"a":{"a":0,"k":[119.5,212.5,0],"ix":1},"s":{"a":0,"k":[100,100,100],"ix":6}},"ao":0,"ip":37.3333333333333,"op":38.4,"st":37.3333333333333,"bm":0},{"ddd":0,"ind":37,"ty":2,"nm":"xiaoqiandia036.jpg","cl":"jpg","refId":"image_36","sr":1,"ks":{"o":{"a":0,"k":100,"ix":11},"r":{"a":0,"k":0,"ix":10},"p":{"a":0,"k":[119.5,212.5,0],"ix":2},"a":{"a":0,"k":[119.5,212.5,0],"ix":1},"s":{"a":0,"k":[100,100,100],"ix":6}},"ao":0,"ip":38.4,"op":39.4666666666667,"st":38.4,"bm":0},{"ddd":0,"ind":38,"ty":2,"nm":"xiaoqiandia037.jpg","cl":"jpg","refId":"image_37","sr":1,"ks":{"o":{"a":0,"k":100,"ix":11},"r":{"a":0,"k":0,"ix":10},"p":{"a":0,"k":[119.5,212.5,0],"ix":2},"a":{"a":0,"k":[119.5,212.5,0],"ix":1},"s":{"a":0,"k":[100,100,100],"ix":6}},"ao":0,"ip":39.4666666666667,"op":40.5333333333333,"st":39.4666666666667,"bm":0},{"ddd":0,"ind":39,"ty":2,"nm":"xiaoqiandia038.jpg","cl":"jpg","refId":"image_38","sr":1,"ks":{"o":{"a":0,"k":100,"ix":11},"r":{"a":0,"k":0,"ix":10},"p":{"a":0,"k":[119.5,212.5,0],"ix":2},"a":{"a":0,"k":[119.5,212.5,0],"ix":1},"s":{"a":0,"k":[100,100,100],"ix":6}},"ao":0,"ip":40.5333333333333,"op":41.6,"st":40.5333333333333,"bm":0},{"ddd":0,"ind":40,"ty":2,"nm":"xiaoqiandia039.jpg","cl":"jpg","refId":"image_39","sr":1,"ks":{"o":{"a":0,"k":100,"ix":11},"r":{"a":0,"k":0,"ix":10},"p":{"a":0,"k":[119.5,212.5,0],"ix":2},"a":{"a":0,"k":[119.5,212.5,0],"ix":1},"s":{"a":0,"k":[100,100,100],"ix":6}},"ao":0,"ip":41.6,"op":42.6666666666667,"st":41.6,"bm":0},{"ddd":0,"ind":41,"ty":2,"nm":"xiaoqiandia040.jpg","cl":"jpg","refId":"image_40","sr":1,"ks":{"o":{"a":0,"k":100,"ix":11},"r":{"a":0,"k":0,"ix":10},"p":{"a":0,"k":[119.5,212.5,0],"ix":2},"a":{"a":0,"k":[119.5,212.5,0],"ix":1},"s":{"a":0,"k":[100,100,100],"ix":6}},"ao":0,"ip":42.6666666666667,"op":43.7333333333333,"st":42.6666666666667,"bm":0},{"ddd":0,"ind":42,"ty":2,"nm":"xiaoqiandia041.jpg","cl":"jpg","refId":"image_41","sr":1,"ks":{"o":{"a":0,"k":100,"ix":11},"r":{"a":0,"k":0,"ix":10},"p":{"a":0,"k":[119.5,212.5,0],"ix":2},"a":{"a":0,"k":[119.5,212.5,0],"ix":1},"s":{"a":0,"k":[100,100,100],"ix":6}},"ao":0,"ip":43.7333333333333,"op":44.8,"st":43.7333333333333,"bm":0},{"ddd":0,"ind":43,"ty":2,"nm":"xiaoqiandia042.jpg","cl":"jpg","refId":"image_42","sr":1,"ks":{"o":{"a":0,"k":100,"ix":11},"r":{"a":0,"k":0,"ix":10},"p":{"a":0,"k":[119.5,212.5,0],"ix":2},"a":{"a":0,"k":[119.5,212.5,0],"ix":1},"s":{"a":0,"k":[100,100,100],"ix":6}},"ao":0,"ip":44.8,"op":45.8666666666667,"st":44.8,"bm":0},{"ddd":0,"ind":44,"ty":2,"nm":"xiaoqiandia043.jpg","cl":"jpg","refId":"image_43","sr":1,"ks":{"o":{"a":0,"k":100,"ix":11},"r":{"a":0,"k":0,"ix":10},"p":{"a":0,"k":[119.5,212.5,0],"ix":2},"a":{"a":0,"k":[119.5,212.5,0],"ix":1},"s":{"a":0,"k":[100,100,100],"ix":6}},"ao":0,"ip":45.8666666666667,"op":46.9333333333333,"st":45.8666666666667,"bm":0},{"ddd":0,"ind":45,"ty":2,"nm":"xiaoqiandia044.jpg","cl":"jpg","refId":"image_44","sr":1,"ks":{"o":{"a":0,"k":100,"ix":11},"r":{"a":0,"k":0,"ix":10},"p":{"a":0,"k":[119.5,212.5,0],"ix":2},"a":{"a":0,"k":[119.5,212.5,0],"ix":1},"s":{"a":0,"k":[100,100,100],"ix":6}},"ao":0,"ip":46.9333333333333,"op":48,"st":46.9333333333333,"bm":0},{"ddd":0,"ind":46,"ty":2,"nm":"xiaoqiandia045.jpg","cl":"jpg","refId":"image_45","sr":1,"ks":{"o":{"a":0,"k":100,"ix":11},"r":{"a":0,"k":0,"ix":10},"p":{"a":0,"k":[119.5,212.5,0],"ix":2},"a":{"a":0,"k":[119.5,212.5,0],"ix":1},"s":{"a":0,"k":[100,100,100],"ix":6}},"ao":0,"ip":48,"op":49.0666666666667,"st":48,"bm":0},{"ddd":0,"ind":47,"ty":2,"nm":"xiaoqiandia046.jpg","cl":"jpg","refId":"image_46","sr":1,"ks":{"o":{"a":0,"k":100,"ix":11},"r":{"a":0,"k":0,"ix":10},"p":{"a":0,"k":[119.5,212.5,0],"ix":2},"a":{"a":0,"k":[119.5,212.5,0],"ix":1},"s":{"a":0,"k":[100,100,100],"ix":6}},"ao":0,"ip":49.0666666666667,"op":50.1333333333333,"st":49.0666666666667,"bm":0},{"ddd":0,"ind":48,"ty":2,"nm":"xiaoqiandia047.jpg","cl":"jpg","refId":"image_47","sr":1,"ks":{"o":{"a":0,"k":100,"ix":11},"r":{"a":0,"k":0,"ix":10},"p":{"a":0,"k":[119.5,212.5,0],"ix":2},"a":{"a":0,"k":[119.5,212.5,0],"ix":1},"s":{"a":0,"k":[100,100,100],"ix":6}},"ao":0,"ip":50.1333333333333,"op":51.2,"st":50.1333333333333,"bm":0},{"ddd":0,"ind":49,"ty":2,"nm":"xiaoqiandia048.jpg","cl":"jpg","refId":"image_48","sr":1,"ks":{"o":{"a":0,"k":100,"ix":11},"r":{"a":0,"k":0,"ix":10},"p":{"a":0,"k":[119.5,212.5,0],"ix":2},"a":{"a":0,"k":[119.5,212.5,0],"ix":1},"s":{"a":0,"k":[100,100,100],"ix":6}},"ao":0,"ip":51.2,"op":52.2666666666667,"st":51.2,"bm":0},{"ddd":0,"ind":50,"ty":2,"nm":"xiaoqiandia049.jpg","cl":"jpg","refId":"image_49","sr":1,"ks":{"o":{"a":0,"k":100,"ix":11},"r":{"a":0,"k":0,"ix":10},"p":{"a":0,"k":[119.5,212.5,0],"ix":2},"a":{"a":0,"k":[119.5,212.5,0],"ix":1},"s":{"a":0,"k":[100,100,100],"ix":6}},"ao":0,"ip":52.2666666666667,"op":53.3333333333333,"st":52.2666666666667,"bm":0},{"ddd":0,"ind":51,"ty":2,"nm":"xiaoqiandia050.jpg","cl":"jpg","refId":"image_50","sr":1,"ks":{"o":{"a":0,"k":100,"ix":11},"r":{"a":0,"k":0,"ix":10},"p":{"a":0,"k":[119.5,212.5,0],"ix":2},"a":{"a":0,"k":[119.5,212.5,0],"ix":1},"s":{"a":0,"k":[100,100,100],"ix":6}},"ao":0,"ip":53.3333333333333,"op":54.4,"st":53.3333333333333,"bm":0},{"ddd":0,"ind":52,"ty":2,"nm":"xiaoqiandia051.jpg","cl":"jpg","refId":"image_51","sr":1,"ks":{"o":{"a":0,"k":100,"ix":11},"r":{"a":0,"k":0,"ix":10},"p":{"a":0,"k":[119.5,212.5,0],"ix":2},"a":{"a":0,"k":[119.5,212.5,0],"ix":1},"s":{"a":0,"k":[100,100,100],"ix":6}},"ao":0,"ip":54.4,"op":55.4666666666667,"st":54.4,"bm":0},{"ddd":0,"ind":53,"ty":2,"nm":"xiaoqiandia052.jpg","cl":"jpg","refId":"image_52","sr":1,"ks":{"o":{"a":0,"k":100,"ix":11},"r":{"a":0,"k":0,"ix":10},"p":{"a":0,"k":[119.5,212.5,0],"ix":2},"a":{"a":0,"k":[119.5,212.5,0],"ix":1},"s":{"a":0,"k":[100,100,100],"ix":6}},"ao":0,"ip":55.4666666666667,"op":56.5333333333333,"st":55.4666666666667,"bm":0},{"ddd":0,"ind":54,"ty":2,"nm":"xiaoqiandia053.jpg","cl":"jpg","refId":"image_53","sr":1,"ks":{"o":{"a":0,"k":100,"ix":11},"r":{"a":0,"k":0,"ix":10},"p":{"a":0,"k":[119.5,212.5,0],"ix":2},"a":{"a":0,"k":[119.5,212.5,0],"ix":1},"s":{"a":0,"k":[100,100,100],"ix":6}},"ao":0,"ip":56.5333333333333,"op":57.6,"st":56.5333333333333,"bm":0},{"ddd":0,"ind":55,"ty":2,"nm":"xiaoqiandia054.jpg","cl":"jpg","refId":"image_54","sr":1,"ks":{"o":{"a":0,"k":100,"ix":11},"r":{"a":0,"k":0,"ix":10},"p":{"a":0,"k":[119.5,212.5,0],"ix":2},"a":{"a":0,"k":[119.5,212.5,0],"ix":1},"s":{"a":0,"k":[100,100,100],"ix":6}},"ao":0,"ip":57.6,"op":58.6666666666667,"st":57.6,"bm":0},{"ddd":0,"ind":56,"ty":2,"nm":"xiaoqiandia055.jpg","cl":"jpg","refId":"image_55","sr":1,"ks":{"o":{"a":0,"k":100,"ix":11},"r":{"a":0,"k":0,"ix":10},"p":{"a":0,"k":[119.5,212.5,0],"ix":2},"a":{"a":0,"k":[119.5,212.5,0],"ix":1},"s":{"a":0,"k":[100,100,100],"ix":6}},"ao":0,"ip":58.6666666666667,"op":59.7333333333333,"st":58.6666666666667,"bm":0},{"ddd":0,"ind":57,"ty":2,"nm":"xiaoqiandia056.jpg","cl":"jpg","refId":"image_56","sr":1,"ks":{"o":{"a":0,"k":100,"ix":11},"r":{"a":0,"k":0,"ix":10},"p":{"a":0,"k":[119.5,212.5,0],"ix":2},"a":{"a":0,"k":[119.5,212.5,0],"ix":1},"s":{"a":0,"k":[100,100,100],"ix":6}},"ao":0,"ip":59.7333333333333,"op":60.8,"st":59.7333333333333,"bm":0},{"ddd":0,"ind":58,"ty":2,"nm":"xiaoqiandia057.jpg","cl":"jpg","refId":"image_57","sr":1,"ks":{"o":{"a":0,"k":100,"ix":11},"r":{"a":0,"k":0,"ix":10},"p":{"a":0,"k":[119.5,212.5,0],"ix":2},"a":{"a":0,"k":[119.5,212.5,0],"ix":1},"s":{"a":0,"k":[100,100,100],"ix":6}},"ao":0,"ip":60.8,"op":61.8666666666667,"st":60.8,"bm":0},{"ddd":0,"ind":59,"ty":2,"nm":"xiaoqiandia058.jpg","cl":"jpg","refId":"image_58","sr":1,"ks":{"o":{"a":0,"k":100,"ix":11},"r":{"a":0,"k":0,"ix":10},"p":{"a":0,"k":[119.5,212.5,0],"ix":2},"a":{"a":0,"k":[119.5,212.5,0],"ix":1},"s":{"a":0,"k":[100,100,100],"ix":6}},"ao":0,"ip":61.8666666666667,"op":62.9333333333333,"st":61.8666666666667,"bm":0},{"ddd":0,"ind":60,"ty":2,"nm":"xiaoqiandia059.jpg","cl":"jpg","refId":"image_59","sr":1,"ks":{"o":{"a":0,"k":100,"ix":11},"r":{"a":0,"k":0,"ix":10},"p":{"a":0,"k":[119.5,212.5,0],"ix":2},"a":{"a":0,"k":[119.5,212.5,0],"ix":1},"s":{"a":0,"k":[100,100,100],"ix":6}},"ao":0,"ip":62.9333333333333,"op":64,"st":62.9333333333333,"bm":0},{"ddd":0,"ind":61,"ty":2,"nm":"xiaoqiandia060.jpg","cl":"jpg","refId":"image_60","sr":1,"ks":{"o":{"a":0,"k":100,"ix":11},"r":{"a":0,"k":0,"ix":10},"p":{"a":0,"k":[119.5,212.5,0],"ix":2},"a":{"a":0,"k":[119.5,212.5,0],"ix":1},"s":{"a":0,"k":[100,100,100],"ix":6}},"ao":0,"ip":64,"op":65.0666666666667,"st":64,"bm":0},{"ddd":0,"ind":62,"ty":2,"nm":"xiaoqiandia061.jpg","cl":"jpg","refId":"image_61","sr":1,"ks":{"o":{"a":0,"k":100,"ix":11},"r":{"a":0,"k":0,"ix":10},"p":{"a":0,"k":[119.5,212.5,0],"ix":2},"a":{"a":0,"k":[119.5,212.5,0],"ix":1},"s":{"a":0,"k":[100,100,100],"ix":6}},"ao":0,"ip":65.0666666666667,"op":66.1333333333333,"st":65.0666666666667,"bm":0},{"ddd":0,"ind":63,"ty":2,"nm":"xiaoqiandia062.jpg","cl":"jpg","refId":"image_62","sr":1,"ks":{"o":{"a":0,"k":100,"ix":11},"r":{"a":0,"k":0,"ix":10},"p":{"a":0,"k":[119.5,212.5,0],"ix":2},"a":{"a":0,"k":[119.5,212.5,0],"ix":1},"s":{"a":0,"k":[100,100,100],"ix":6}},"ao":0,"ip":66.1333333333333,"op":67.2,"st":66.1333333333333,"bm":0},{"ddd":0,"ind":64,"ty":2,"nm":"xiaoqiandia063.jpg","cl":"jpg","refId":"image_63","sr":1,"ks":{"o":{"a":0,"k":100,"ix":11},"r":{"a":0,"k":0,"ix":10},"p":{"a":0,"k":[119.5,212.5,0],"ix":2},"a":{"a":0,"k":[119.5,212.5,0],"ix":1},"s":{"a":0,"k":[100,100,100],"ix":6}},"ao":0,"ip":67.2,"op":68.2666666666667,"st":67.2,"bm":0},{"ddd":0,"ind":65,"ty":2,"nm":"xiaoqiandia064.jpg","cl":"jpg","refId":"image_64","sr":1,"ks":{"o":{"a":0,"k":100,"ix":11},"r":{"a":0,"k":0,"ix":10},"p":{"a":0,"k":[119.5,212.5,0],"ix":2},"a":{"a":0,"k":[119.5,212.5,0],"ix":1},"s":{"a":0,"k":[100,100,100],"ix":6}},"ao":0,"ip":68.2666666666667,"op":69.3333333333333,"st":68.2666666666667,"bm":0},{"ddd":0,"ind":66,"ty":2,"nm":"xiaoqiandia065.jpg","cl":"jpg","refId":"image_65","sr":1,"ks":{"o":{"a":0,"k":100,"ix":11},"r":{"a":0,"k":0,"ix":10},"p":{"a":0,"k":[119.5,212.5,0],"ix":2},"a":{"a":0,"k":[119.5,212.5,0],"ix":1},"s":{"a":0,"k":[100,100,100],"ix":6}},"ao":0,"ip":69.3333333333333,"op":70.4,"st":69.3333333333333,"bm":0},{"ddd":0,"ind":67,"ty":2,"nm":"xiaoqiandia066.jpg","cl":"jpg","refId":"image_66","sr":1,"ks":{"o":{"a":0,"k":100,"ix":11},"r":{"a":0,"k":0,"ix":10},"p":{"a":0,"k":[119.5,212.5,0],"ix":2},"a":{"a":0,"k":[119.5,212.5,0],"ix":1},"s":{"a":0,"k":[100,100,100],"ix":6}},"ao":0,"ip":70.4,"op":71.4666666666667,"st":70.4,"bm":0},{"ddd":0,"ind":68,"ty":2,"nm":"xiaoqiandia067.jpg","cl":"jpg","refId":"image_67","sr":1,"ks":{"o":{"a":0,"k":100,"ix":11},"r":{"a":0,"k":0,"ix":10},"p":{"a":0,"k":[119.5,212.5,0],"ix":2},"a":{"a":0,"k":[119.5,212.5,0],"ix":1},"s":{"a":0,"k":[100,100,100],"ix":6}},"ao":0,"ip":71.4666666666667,"op":72.5333333333333,"st":71.4666666666667,"bm":0},{"ddd":0,"ind":69,"ty":2,"nm":"xiaoqiandia068.jpg","cl":"jpg","refId":"image_68","sr":1,"ks":{"o":{"a":0,"k":100,"ix":11},"r":{"a":0,"k":0,"ix":10},"p":{"a":0,"k":[119.5,212.5,0],"ix":2},"a":{"a":0,"k":[119.5,212.5,0],"ix":1},"s":{"a":0,"k":[100,100,100],"ix":6}},"ao":0,"ip":72.5333333333333,"op":73.6,"st":72.5333333333333,"bm":0},{"ddd":0,"ind":70,"ty":2,"nm":"xiaoqiandia069.jpg","cl":"jpg","refId":"image_69","sr":1,"ks":{"o":{"a":0,"k":100,"ix":11},"r":{"a":0,"k":0,"ix":10},"p":{"a":0,"k":[119.5,212.5,0],"ix":2},"a":{"a":0,"k":[119.5,212.5,0],"ix":1},"s":{"a":0,"k":[100,100,100],"ix":6}},"ao":0,"ip":73.6,"op":74.6666666666667,"st":73.6,"bm":0},{"ddd":0,"ind":71,"ty":2,"nm":"xiaoqiandia070.jpg","cl":"jpg","refId":"image_70","sr":1,"ks":{"o":{"a":0,"k":100,"ix":11},"r":{"a":0,"k":0,"ix":10},"p":{"a":0,"k":[119.5,212.5,0],"ix":2},"a":{"a":0,"k":[119.5,212.5,0],"ix":1},"s":{"a":0,"k":[100,100,100],"ix":6}},"ao":0,"ip":74.6666666666667,"op":75.7333333333333,"st":74.6666666666667,"bm":0},{"ddd":0,"ind":72,"ty":2,"nm":"xiaoqiandia071.jpg","cl":"jpg","refId":"image_71","sr":1,"ks":{"o":{"a":0,"k":100,"ix":11},"r":{"a":0,"k":0,"ix":10},"p":{"a":0,"k":[119.5,212.5,0],"ix":2},"a":{"a":0,"k":[119.5,212.5,0],"ix":1},"s":{"a":0,"k":[100,100,100],"ix":6}},"ao":0,"ip":75.7333333333333,"op":76.8,"st":75.7333333333333,"bm":0},{"ddd":0,"ind":73,"ty":2,"nm":"xiaoqiandia072.jpg","cl":"jpg","refId":"image_72","sr":1,"ks":{"o":{"a":0,"k":100,"ix":11},"r":{"a":0,"k":0,"ix":10},"p":{"a":0,"k":[119.5,212.5,0],"ix":2},"a":{"a":0,"k":[119.5,212.5,0],"ix":1},"s":{"a":0,"k":[100,100,100],"ix":6}},"ao":0,"ip":76.8,"op":77.8666666666667,"st":76.8,"bm":0},{"ddd":0,"ind":74,"ty":2,"nm":"xiaoqiandia073.jpg","cl":"jpg","refId":"image_73","sr":1,"ks":{"o":{"a":0,"k":100,"ix":11},"r":{"a":0,"k":0,"ix":10},"p":{"a":0,"k":[119.5,212.5,0],"ix":2},"a":{"a":0,"k":[119.5,212.5,0],"ix":1},"s":{"a":0,"k":[100,100,100],"ix":6}},"ao":0,"ip":77.8666666666667,"op":78.9333333333333,"st":77.8666666666667,"bm":0},{"ddd":0,"ind":75,"ty":2,"nm":"xiaoqiandia074.jpg","cl":"jpg","refId":"image_74","sr":1,"ks":{"o":{"a":0,"k":100,"ix":11},"r":{"a":0,"k":0,"ix":10},"p":{"a":0,"k":[119.5,212.5,0],"ix":2},"a":{"a":0,"k":[119.5,212.5,0],"ix":1},"s":{"a":0,"k":[100,100,100],"ix":6}},"ao":0,"ip":78.9333333333333,"op":80,"st":78.9333333333333,"bm":0},{"ddd":0,"ind":76,"ty":2,"nm":"xiaoqiandia075.jpg","cl":"jpg","refId":"image_75","sr":1,"ks":{"o":{"a":0,"k":100,"ix":11},"r":{"a":0,"k":0,"ix":10},"p":{"a":0,"k":[119.5,212.5,0],"ix":2},"a":{"a":0,"k":[119.5,212.5,0],"ix":1},"s":{"a":0,"k":[100,100,100],"ix":6}},"ao":0,"ip":80,"op":81.0666666666667,"st":80,"bm":0},{"ddd":0,"ind":77,"ty":2,"nm":"xiaoqiandia076.jpg","cl":"jpg","refId":"image_76","sr":1,"ks":{"o":{"a":0,"k":100,"ix":11},"r":{"a":0,"k":0,"ix":10},"p":{"a":0,"k":[119.5,212.5,0],"ix":2},"a":{"a":0,"k":[119.5,212.5,0],"ix":1},"s":{"a":0,"k":[100,100,100],"ix":6}},"ao":0,"ip":81.0666666666667,"op":82.1333333333333,"st":81.0666666666667,"bm":0},{"ddd":0,"ind":78,"ty":2,"nm":"xiaoqiandia077.jpg","cl":"jpg","refId":"image_77","sr":1,"ks":{"o":{"a":0,"k":100,"ix":11},"r":{"a":0,"k":0,"ix":10},"p":{"a":0,"k":[119.5,212.5,0],"ix":2},"a":{"a":0,"k":[119.5,212.5,0],"ix":1},"s":{"a":0,"k":[100,100,100],"ix":6}},"ao":0,"ip":82.1333333333333,"op":83.2,"st":82.1333333333333,"bm":0},{"ddd":0,"ind":79,"ty":2,"nm":"xiaoqiandia078.jpg","cl":"jpg","refId":"image_78","sr":1,"ks":{"o":{"a":0,"k":100,"ix":11},"r":{"a":0,"k":0,"ix":10},"p":{"a":0,"k":[119.5,212.5,0],"ix":2},"a":{"a":0,"k":[119.5,212.5,0],"ix":1},"s":{"a":0,"k":[100,100,100],"ix":6}},"ao":0,"ip":83.2,"op":84.2666666666667,"st":83.2,"bm":0},{"ddd":0,"ind":80,"ty":2,"nm":"xiaoqiandia079.jpg","cl":"jpg","refId":"image_79","sr":1,"ks":{"o":{"a":0,"k":100,"ix":11},"r":{"a":0,"k":0,"ix":10},"p":{"a":0,"k":[119.5,212.5,0],"ix":2},"a":{"a":0,"k":[119.5,212.5,0],"ix":1},"s":{"a":0,"k":[100,100,100],"ix":6}},"ao":0,"ip":84.2666666666667,"op":85.3333333333333,"st":84.2666666666667,"bm":0},{"ddd":0,"ind":81,"ty":2,"nm":"xiaoqiandia080.jpg","cl":"jpg","refId":"image_80","sr":1,"ks":{"o":{"a":0,"k":100,"ix":11},"r":{"a":0,"k":0,"ix":10},"p":{"a":0,"k":[119.5,212.5,0],"ix":2},"a":{"a":0,"k":[119.5,212.5,0],"ix":1},"s":{"a":0,"k":[100,100,100],"ix":6}},"ao":0,"ip":85.3333333333333,"op":86.4,"st":85.3333333333333,"bm":0},{"ddd":0,"ind":82,"ty":2,"nm":"xiaoqiandia081.jpg","cl":"jpg","refId":"image_81","sr":1,"ks":{"o":{"a":0,"k":100,"ix":11},"r":{"a":0,"k":0,"ix":10},"p":{"a":0,"k":[119.5,212.5,0],"ix":2},"a":{"a":0,"k":[119.5,212.5,0],"ix":1},"s":{"a":0,"k":[100,100,100],"ix":6}},"ao":0,"ip":86.4,"op":87.4666666666667,"st":86.4,"bm":0},{"ddd":0,"ind":83,"ty":2,"nm":"xiaoqiandia082.jpg","cl":"jpg","refId":"image_82","sr":1,"ks":{"o":{"a":0,"k":100,"ix":11},"r":{"a":0,"k":0,"ix":10},"p":{"a":0,"k":[119.5,212.5,0],"ix":2},"a":{"a":0,"k":[119.5,212.5,0],"ix":1},"s":{"a":0,"k":[100,100,100],"ix":6}},"ao":0,"ip":87.4666666666667,"op":88.5333333333333,"st":87.4666666666667,"bm":0},{"ddd":0,"ind":84,"ty":2,"nm":"xiaoqiandia083.jpg","cl":"jpg","refId":"image_83","sr":1,"ks":{"o":{"a":0,"k":100,"ix":11},"r":{"a":0,"k":0,"ix":10},"p":{"a":0,"k":[119.5,212.5,0],"ix":2},"a":{"a":0,"k":[119.5,212.5,0],"ix":1},"s":{"a":0,"k":[100,100,100],"ix":6}},"ao":0,"ip":88.5333333333333,"op":89.6,"st":88.5333333333333,"bm":0},{"ddd":0,"ind":85,"ty":2,"nm":"xiaoqiandia084.jpg","cl":"jpg","refId":"image_84","sr":1,"ks":{"o":{"a":0,"k":100,"ix":11},"r":{"a":0,"k":0,"ix":10},"p":{"a":0,"k":[119.5,212.5,0],"ix":2},"a":{"a":0,"k":[119.5,212.5,0],"ix":1},"s":{"a":0,"k":[100,100,100],"ix":6}},"ao":0,"ip":89.6,"op":90.6666666666667,"st":89.6,"bm":0},{"ddd":0,"ind":86,"ty":2,"nm":"xiaoqiandia085.jpg","cl":"jpg","refId":"image_85","sr":1,"ks":{"o":{"a":0,"k":100,"ix":11},"r":{"a":0,"k":0,"ix":10},"p":{"a":0,"k":[119.5,212.5,0],"ix":2},"a":{"a":0,"k":[119.5,212.5,0],"ix":1},"s":{"a":0,"k":[100,100,100],"ix":6}},"ao":0,"ip":90.6666666666667,"op":91.7333333333333,"st":90.6666666666667,"bm":0},{"ddd":0,"ind":87,"ty":2,"nm":"xiaoqiandia086.jpg","cl":"jpg","refId":"image_86","sr":1,"ks":{"o":{"a":0,"k":100,"ix":11},"r":{"a":0,"k":0,"ix":10},"p":{"a":0,"k":[119.5,212.5,0],"ix":2},"a":{"a":0,"k":[119.5,212.5,0],"ix":1},"s":{"a":0,"k":[100,100,100],"ix":6}},"ao":0,"ip":91.7333333333333,"op":92.8,"st":91.7333333333333,"bm":0},{"ddd":0,"ind":88,"ty":2,"nm":"xiaoqiandia087.jpg","cl":"jpg","refId":"image_87","sr":1,"ks":{"o":{"a":0,"k":100,"ix":11},"r":{"a":0,"k":0,"ix":10},"p":{"a":0,"k":[119.5,212.5,0],"ix":2},"a":{"a":0,"k":[119.5,212.5,0],"ix":1},"s":{"a":0,"k":[100,100,100],"ix":6}},"ao":0,"ip":92.8,"op":93.8666666666667,"st":92.8,"bm":0},{"ddd":0,"ind":89,"ty":2,"nm":"xiaoqiandia088.jpg","cl":"jpg","refId":"image_88","sr":1,"ks":{"o":{"a":0,"k":100,"ix":11},"r":{"a":0,"k":0,"ix":10},"p":{"a":0,"k":[119.5,212.5,0],"ix":2},"a":{"a":0,"k":[119.5,212.5,0],"ix":1},"s":{"a":0,"k":[100,100,100],"ix":6}},"ao":0,"ip":93.8666666666667,"op":94.9333333333333,"st":93.8666666666667,"bm":0},{"ddd":0,"ind":90,"ty":2,"nm":"xiaoqiandia089.jpg","cl":"jpg","refId":"image_89","sr":1,"ks":{"o":{"a":0,"k":100,"ix":11},"r":{"a":0,"k":0,"ix":10},"p":{"a":0,"k":[119.5,212.5,0],"ix":2},"a":{"a":0,"k":[119.5,212.5,0],"ix":1},"s":{"a":0,"k":[100,100,100],"ix":6}},"ao":0,"ip":94.9333333333333,"op":96,"st":94.9333333333333,"bm":0},{"ddd":0,"ind":91,"ty":2,"nm":"xiaoqiandia090.jpg","cl":"jpg","refId":"image_90","sr":1,"ks":{"o":{"a":0,"k":100,"ix":11},"r":{"a":0,"k":0,"ix":10},"p":{"a":0,"k":[119.5,212.5,0],"ix":2},"a":{"a":0,"k":[119.5,212.5,0],"ix":1},"s":{"a":0,"k":[100,100,100],"ix":6}},"ao":0,"ip":96,"op":97.0666666666667,"st":96,"bm":0},{"ddd":0,"ind":92,"ty":2,"nm":"xiaoqiandia091.jpg","cl":"jpg","refId":"image_91","sr":1,"ks":{"o":{"a":0,"k":100,"ix":11},"r":{"a":0,"k":0,"ix":10},"p":{"a":0,"k":[119.5,212.5,0],"ix":2},"a":{"a":0,"k":[119.5,212.5,0],"ix":1},"s":{"a":0,"k":[100,100,100],"ix":6}},"ao":0,"ip":97.0666666666667,"op":98.1333333333333,"st":97.0666666666667,"bm":0},{"ddd":0,"ind":93,"ty":2,"nm":"xiaoqiandia092.jpg","cl":"jpg","refId":"image_92","sr":1,"ks":{"o":{"a":0,"k":100,"ix":11},"r":{"a":0,"k":0,"ix":10},"p":{"a":0,"k":[119.5,212.5,0],"ix":2},"a":{"a":0,"k":[119.5,212.5,0],"ix":1},"s":{"a":0,"k":[100,100,100],"ix":6}},"ao":0,"ip":98.1333333333333,"op":99.2,"st":98.1333333333333,"bm":0},{"ddd":0,"ind":94,"ty":2,"nm":"xiaoqiandia093.jpg","cl":"jpg","refId":"image_93","sr":1,"ks":{"o":{"a":0,"k":100,"ix":11},"r":{"a":0,"k":0,"ix":10},"p":{"a":0,"k":[119.5,212.5,0],"ix":2},"a":{"a":0,"k":[119.5,212.5,0],"ix":1},"s":{"a":0,"k":[100,100,100],"ix":6}},"ao":0,"ip":99.2,"op":100.266666666667,"st":99.2,"bm":0},{"ddd":0,"ind":95,"ty":2,"nm":"xiaoqiandia094.jpg","cl":"jpg","refId":"image_94","sr":1,"ks":{"o":{"a":0,"k":100,"ix":11},"r":{"a":0,"k":0,"ix":10},"p":{"a":0,"k":[119.5,212.5,0],"ix":2},"a":{"a":0,"k":[119.5,212.5,0],"ix":1},"s":{"a":0,"k":[100,100,100],"ix":6}},"ao":0,"ip":100.266666666667,"op":101.333333333333,"st":100.266666666667,"bm":0},{"ddd":0,"ind":96,"ty":2,"nm":"xiaoqiandia095.jpg","cl":"jpg","refId":"image_95","sr":1,"ks":{"o":{"a":0,"k":100,"ix":11},"r":{"a":0,"k":0,"ix":10},"p":{"a":0,"k":[119.5,212.5,0],"ix":2},"a":{"a":0,"k":[119.5,212.5,0],"ix":1},"s":{"a":0,"k":[100,100,100],"ix":6}},"ao":0,"ip":101.333333333333,"op":102.4,"st":101.333333333333,"bm":0},{"ddd":0,"ind":97,"ty":2,"nm":"xiaoqiandia096.jpg","cl":"jpg","refId":"image_96","sr":1,"ks":{"o":{"a":0,"k":100,"ix":11},"r":{"a":0,"k":0,"ix":10},"p":{"a":0,"k":[119.5,212.5,0],"ix":2},"a":{"a":0,"k":[119.5,212.5,0],"ix":1},"s":{"a":0,"k":[100,100,100],"ix":6}},"ao":0,"ip":102.4,"op":103.466666666667,"st":102.4,"bm":0},{"ddd":0,"ind":98,"ty":2,"nm":"xiaoqiandia097.jpg","cl":"jpg","refId":"image_97","sr":1,"ks":{"o":{"a":0,"k":100,"ix":11},"r":{"a":0,"k":0,"ix":10},"p":{"a":0,"k":[119.5,212.5,0],"ix":2},"a":{"a":0,"k":[119.5,212.5,0],"ix":1},"s":{"a":0,"k":[100,100,100],"ix":6}},"ao":0,"ip":103.466666666667,"op":104.533333333333,"st":103.466666666667,"bm":0},{"ddd":0,"ind":99,"ty":2,"nm":"xiaoqiandia098.jpg","cl":"jpg","refId":"image_98","sr":1,"ks":{"o":{"a":0,"k":100,"ix":11},"r":{"a":0,"k":0,"ix":10},"p":{"a":0,"k":[119.5,212.5,0],"ix":2},"a":{"a":0,"k":[119.5,212.5,0],"ix":1},"s":{"a":0,"k":[100,100,100],"ix":6}},"ao":0,"ip":104.533333333333,"op":105.6,"st":104.533333333333,"bm":0},{"ddd":0,"ind":100,"ty":2,"nm":"xiaoqiandia099.jpg","cl":"jpg","refId":"image_99","sr":1,"ks":{"o":{"a":0,"k":100,"ix":11},"r":{"a":0,"k":0,"ix":10},"p":{"a":0,"k":[119.5,212.5,0],"ix":2},"a":{"a":0,"k":[119.5,212.5,0],"ix":1},"s":{"a":0,"k":[100,100,100],"ix":6}},"ao":0,"ip":105.6,"op":106.666666666667,"st":105.6,"bm":0},{"ddd":0,"ind":101,"ty":2,"nm":"xiaoqiandia100.jpg","cl":"jpg","refId":"image_100","sr":1,"ks":{"o":{"a":0,"k":100,"ix":11},"r":{"a":0,"k":0,"ix":10},"p":{"a":0,"k":[119.5,212.5,0],"ix":2},"a":{"a":0,"k":[119.5,212.5,0],"ix":1},"s":{"a":0,"k":[100,100,100],"ix":6}},"ao":0,"ip":106.666666666667,"op":107.733333333333,"st":106.666666666667,"bm":0},{"ddd":0,"ind":102,"ty":2,"nm":"xiaoqiandia101.jpg","cl":"jpg","refId":"image_101","sr":1,"ks":{"o":{"a":0,"k":100,"ix":11},"r":{"a":0,"k":0,"ix":10},"p":{"a":0,"k":[119.5,212.5,0],"ix":2},"a":{"a":0,"k":[119.5,212.5,0],"ix":1},"s":{"a":0,"k":[100,100,100],"ix":6}},"ao":0,"ip":107.733333333333,"op":108.8,"st":107.733333333333,"bm":0},{"ddd":0,"ind":103,"ty":2,"nm":"xiaoqiandia102.jpg","cl":"jpg","refId":"image_102","sr":1,"ks":{"o":{"a":0,"k":100,"ix":11},"r":{"a":0,"k":0,"ix":10},"p":{"a":0,"k":[119.5,212.5,0],"ix":2},"a":{"a":0,"k":[119.5,212.5,0],"ix":1},"s":{"a":0,"k":[100,100,100],"ix":6}},"ao":0,"ip":108.8,"op":109.866666666667,"st":108.8,"bm":0},{"ddd":0,"ind":104,"ty":2,"nm":"xiaoqiandia103.jpg","cl":"jpg","refId":"image_103","sr":1,"ks":{"o":{"a":0,"k":100,"ix":11},"r":{"a":0,"k":0,"ix":10},"p":{"a":0,"k":[119.5,212.5,0],"ix":2},"a":{"a":0,"k":[119.5,212.5,0],"ix":1},"s":{"a":0,"k":[100,100,100],"ix":6}},"ao":0,"ip":109.866666666667,"op":110.933333333333,"st":109.866666666667,"bm":0},{"ddd":0,"ind":105,"ty":2,"nm":"xiaoqiandia104.jpg","cl":"jpg","refId":"image_104","sr":1,"ks":{"o":{"a":0,"k":100,"ix":11},"r":{"a":0,"k":0,"ix":10},"p":{"a":0,"k":[119.5,212.5,0],"ix":2},"a":{"a":0,"k":[119.5,212.5,0],"ix":1},"s":{"a":0,"k":[100,100,100],"ix":6}},"ao":0,"ip":110.933333333333,"op":112,"st":110.933333333333,"bm":0},{"ddd":0,"ind":106,"ty":2,"nm":"xiaoqiandia105.jpg","cl":"jpg","refId":"image_105","sr":1,"ks":{"o":{"a":0,"k":100,"ix":11},"r":{"a":0,"k":0,"ix":10},"p":{"a":0,"k":[119.5,212.5,0],"ix":2},"a":{"a":0,"k":[119.5,212.5,0],"ix":1},"s":{"a":0,"k":[100,100,100],"ix":6}},"ao":0,"ip":112,"op":113.066666666667,"st":112,"bm":0},{"ddd":0,"ind":107,"ty":2,"nm":"xiaoqiandia106.jpg","cl":"jpg","refId":"image_106","sr":1,"ks":{"o":{"a":0,"k":100,"ix":11},"r":{"a":0,"k":0,"ix":10},"p":{"a":0,"k":[119.5,212.5,0],"ix":2},"a":{"a":0,"k":[119.5,212.5,0],"ix":1},"s":{"a":0,"k":[100,100,100],"ix":6}},"ao":0,"ip":113.066666666667,"op":114.133333333333,"st":113.066666666667,"bm":0},{"ddd":0,"ind":108,"ty":2,"nm":"xiaoqiandia107.jpg","cl":"jpg","refId":"image_107","sr":1,"ks":{"o":{"a":0,"k":100,"ix":11},"r":{"a":0,"k":0,"ix":10},"p":{"a":0,"k":[119.5,212.5,0],"ix":2},"a":{"a":0,"k":[119.5,212.5,0],"ix":1},"s":{"a":0,"k":[100,100,100],"ix":6}},"ao":0,"ip":114.133333333333,"op":115.2,"st":114.133333333333,"bm":0},{"ddd":0,"ind":109,"ty":2,"nm":"xiaoqiandia108.jpg","cl":"jpg","refId":"image_108","sr":1,"ks":{"o":{"a":0,"k":100,"ix":11},"r":{"a":0,"k":0,"ix":10},"p":{"a":0,"k":[119.5,212.5,0],"ix":2},"a":{"a":0,"k":[119.5,212.5,0],"ix":1},"s":{"a":0,"k":[100,100,100],"ix":6}},"ao":0,"ip":115.2,"op":116.266666666667,"st":115.2,"bm":0},{"ddd":0,"ind":110,"ty":2,"nm":"xiaoqiandia109.jpg","cl":"jpg","refId":"image_109","sr":1,"ks":{"o":{"a":0,"k":100,"ix":11},"r":{"a":0,"k":0,"ix":10},"p":{"a":0,"k":[119.5,212.5,0],"ix":2},"a":{"a":0,"k":[119.5,212.5,0],"ix":1},"s":{"a":0,"k":[100,100,100],"ix":6}},"ao":0,"ip":116.266666666667,"op":117.333333333333,"st":116.266666666667,"bm":0},{"ddd":0,"ind":111,"ty":2,"nm":"xiaoqiandia110.jpg","cl":"jpg","refId":"image_110","sr":1,"ks":{"o":{"a":0,"k":100,"ix":11},"r":{"a":0,"k":0,"ix":10},"p":{"a":0,"k":[119.5,212.5,0],"ix":2},"a":{"a":0,"k":[119.5,212.5,0],"ix":1},"s":{"a":0,"k":[100,100,100],"ix":6}},"ao":0,"ip":117.333333333333,"op":118.4,"st":117.333333333333,"bm":0},{"ddd":0,"ind":112,"ty":2,"nm":"xiaoqiandia111.jpg","cl":"jpg","refId":"image_111","sr":1,"ks":{"o":{"a":0,"k":100,"ix":11},"r":{"a":0,"k":0,"ix":10},"p":{"a":0,"k":[119.5,212.5,0],"ix":2},"a":{"a":0,"k":[119.5,212.5,0],"ix":1},"s":{"a":0,"k":[100,100,100],"ix":6}},"ao":0,"ip":118.4,"op":119.466666666667,"st":118.4,"bm":0},{"ddd":0,"ind":113,"ty":2,"nm":"xiaoqiandia112.jpg","cl":"jpg","refId":"image_112","sr":1,"ks":{"o":{"a":0,"k":100,"ix":11},"r":{"a":0,"k":0,"ix":10},"p":{"a":0,"k":[119.5,212.5,0],"ix":2},"a":{"a":0,"k":[119.5,212.5,0],"ix":1},"s":{"a":0,"k":[100,100,100],"ix":6}},"ao":0,"ip":119.466666666667,"op":120.533333333333,"st":119.466666666667,"bm":0},{"ddd":0,"ind":114,"ty":2,"nm":"xiaoqiandia113.jpg","cl":"jpg","refId":"image_113","sr":1,"ks":{"o":{"a":0,"k":100,"ix":11},"r":{"a":0,"k":0,"ix":10},"p":{"a":0,"k":[119.5,212.5,0],"ix":2},"a":{"a":0,"k":[119.5,212.5,0],"ix":1},"s":{"a":0,"k":[100,100,100],"ix":6}},"ao":0,"ip":120.533333333333,"op":121.6,"st":120.533333333333,"bm":0},{"ddd":0,"ind":115,"ty":2,"nm":"xiaoqiandia114.jpg","cl":"jpg","refId":"image_114","sr":1,"ks":{"o":{"a":0,"k":100,"ix":11},"r":{"a":0,"k":0,"ix":10},"p":{"a":0,"k":[119.5,212.5,0],"ix":2},"a":{"a":0,"k":[119.5,212.5,0],"ix":1},"s":{"a":0,"k":[100,100,100],"ix":6}},"ao":0,"ip":121.6,"op":122.666666666667,"st":121.6,"bm":0},{"ddd":0,"ind":116,"ty":2,"nm":"xiaoqiandia115.jpg","cl":"jpg","refId":"image_115","sr":1,"ks":{"o":{"a":0,"k":100,"ix":11},"r":{"a":0,"k":0,"ix":10},"p":{"a":0,"k":[119.5,212.5,0],"ix":2},"a":{"a":0,"k":[119.5,212.5,0],"ix":1},"s":{"a":0,"k":[100,100,100],"ix":6}},"ao":0,"ip":122.666666666667,"op":123.733333333333,"st":122.666666666667,"bm":0},{"ddd":0,"ind":117,"ty":2,"nm":"xiaoqiandia116.jpg","cl":"jpg","refId":"image_116","sr":1,"ks":{"o":{"a":0,"k":100,"ix":11},"r":{"a":0,"k":0,"ix":10},"p":{"a":0,"k":[119.5,212.5,0],"ix":2},"a":{"a":0,"k":[119.5,212.5,0],"ix":1},"s":{"a":0,"k":[100,100,100],"ix":6}},"ao":0,"ip":123.733333333333,"op":124.8,"st":123.733333333333,"bm":0},{"ddd":0,"ind":118,"ty":2,"nm":"xiaoqiandia117.jpg","cl":"jpg","refId":"image_117","sr":1,"ks":{"o":{"a":0,"k":100,"ix":11},"r":{"a":0,"k":0,"ix":10},"p":{"a":0,"k":[119.5,212.5,0],"ix":2},"a":{"a":0,"k":[119.5,212.5,0],"ix":1},"s":{"a":0,"k":[100,100,100],"ix":6}},"ao":0,"ip":124.8,"op":125.866666666667,"st":124.8,"bm":0},{"ddd":0,"ind":119,"ty":2,"nm":"xiaoqiandia118.jpg","cl":"jpg","refId":"image_118","sr":1,"ks":{"o":{"a":0,"k":100,"ix":11},"r":{"a":0,"k":0,"ix":10},"p":{"a":0,"k":[119.5,212.5,0],"ix":2},"a":{"a":0,"k":[119.5,212.5,0],"ix":1},"s":{"a":0,"k":[100,100,100],"ix":6}},"ao":0,"ip":125.866666666667,"op":126.933333333333,"st":125.866666666667,"bm":0},{"ddd":0,"ind":120,"ty":2,"nm":"xiaoqiandia119.jpg","cl":"jpg","refId":"image_119","sr":1,"ks":{"o":{"a":0,"k":100,"ix":11},"r":{"a":0,"k":0,"ix":10},"p":{"a":0,"k":[119.5,212.5,0],"ix":2},"a":{"a":0,"k":[119.5,212.5,0],"ix":1},"s":{"a":0,"k":[100,100,100],"ix":6}},"ao":0,"ip":126.933333333333,"op":128,"st":126.933333333333,"bm":0},{"ddd":0,"ind":121,"ty":2,"nm":"xiaoqiandia120.jpg","cl":"jpg","refId":"image_120","sr":1,"ks":{"o":{"a":0,"k":100,"ix":11},"r":{"a":0,"k":0,"ix":10},"p":{"a":0,"k":[119.5,212.5,0],"ix":2},"a":{"a":0,"k":[119.5,212.5,0],"ix":1},"s":{"a":0,"k":[100,100,100],"ix":6}},"ao":0,"ip":128,"op":129.066666666667,"st":128,"bm":0},{"ddd":0,"ind":122,"ty":2,"nm":"xiaoqiandia121.jpg","cl":"jpg","refId":"image_121","sr":1,"ks":{"o":{"a":0,"k":100,"ix":11},"r":{"a":0,"k":0,"ix":10},"p":{"a":0,"k":[119.5,212.5,0],"ix":2},"a":{"a":0,"k":[119.5,212.5,0],"ix":1},"s":{"a":0,"k":[100,100,100],"ix":6}},"ao":0,"ip":129.066666666667,"op":130.133333333333,"st":129.066666666667,"bm":0},{"ddd":0,"ind":123,"ty":2,"nm":"xiaoqiandia122.jpg","cl":"jpg","refId":"image_122","sr":1,"ks":{"o":{"a":0,"k":100,"ix":11},"r":{"a":0,"k":0,"ix":10},"p":{"a":0,"k":[119.5,212.5,0],"ix":2},"a":{"a":0,"k":[119.5,212.5,0],"ix":1},"s":{"a":0,"k":[100,100,100],"ix":6}},"ao":0,"ip":130.133333333333,"op":131.2,"st":130.133333333333,"bm":0},{"ddd":0,"ind":124,"ty":2,"nm":"xiaoqiandia123.jpg","cl":"jpg","refId":"image_123","sr":1,"ks":{"o":{"a":0,"k":100,"ix":11},"r":{"a":0,"k":0,"ix":10},"p":{"a":0,"k":[119.5,212.5,0],"ix":2},"a":{"a":0,"k":[119.5,212.5,0],"ix":1},"s":{"a":0,"k":[100,100,100],"ix":6}},"ao":0,"ip":131.2,"op":132.266666666667,"st":131.2,"bm":0},{"ddd":0,"ind":125,"ty":2,"nm":"xiaoqiandia124.jpg","cl":"jpg","refId":"image_124","sr":1,"ks":{"o":{"a":0,"k":100,"ix":11},"r":{"a":0,"k":0,"ix":10},"p":{"a":0,"k":[119.5,212.5,0],"ix":2},"a":{"a":0,"k":[119.5,212.5,0],"ix":1},"s":{"a":0,"k":[100,100,100],"ix":6}},"ao":0,"ip":132.266666666667,"op":133.333333333333,"st":132.266666666667,"bm":0},{"ddd":0,"ind":126,"ty":2,"nm":"xiaoqiandia125.jpg","cl":"jpg","refId":"image_125","sr":1,"ks":{"o":{"a":0,"k":100,"ix":11},"r":{"a":0,"k":0,"ix":10},"p":{"a":0,"k":[119.5,212.5,0],"ix":2},"a":{"a":0,"k":[119.5,212.5,0],"ix":1},"s":{"a":0,"k":[100,100,100],"ix":6}},"ao":0,"ip":133.333333333333,"op":134.4,"st":133.333333333333,"bm":0},{"ddd":0,"ind":127,"ty":2,"nm":"xiaoqiandia126.jpg","cl":"jpg","refId":"image_126","sr":1,"ks":{"o":{"a":0,"k":100,"ix":11},"r":{"a":0,"k":0,"ix":10},"p":{"a":0,"k":[119.5,212.5,0],"ix":2},"a":{"a":0,"k":[119.5,212.5,0],"ix":1},"s":{"a":0,"k":[100,100,100],"ix":6}},"ao":0,"ip":134.4,"op":135.466666666667,"st":134.4,"bm":0},{"ddd":0,"ind":128,"ty":2,"nm":"xiaoqiandia127.jpg","cl":"jpg","refId":"image_127","sr":1,"ks":{"o":{"a":0,"k":100,"ix":11},"r":{"a":0,"k":0,"ix":10},"p":{"a":0,"k":[119.5,212.5,0],"ix":2},"a":{"a":0,"k":[119.5,212.5,0],"ix":1},"s":{"a":0,"k":[100,100,100],"ix":6}},"ao":0,"ip":135.466666666667,"op":136.533333333333,"st":135.466666666667,"bm":0},{"ddd":0,"ind":129,"ty":2,"nm":"xiaoqiandia128.jpg","cl":"jpg","refId":"image_128","sr":1,"ks":{"o":{"a":0,"k":100,"ix":11},"r":{"a":0,"k":0,"ix":10},"p":{"a":0,"k":[119.5,212.5,0],"ix":2},"a":{"a":0,"k":[119.5,212.5,0],"ix":1},"s":{"a":0,"k":[100,100,100],"ix":6}},"ao":0,"ip":136.533333333333,"op":137.6,"st":136.533333333333,"bm":0},{"ddd":0,"ind":130,"ty":2,"nm":"xiaoqiandia129.jpg","cl":"jpg","refId":"image_129","sr":1,"ks":{"o":{"a":0,"k":100,"ix":11},"r":{"a":0,"k":0,"ix":10},"p":{"a":0,"k":[119.5,212.5,0],"ix":2},"a":{"a":0,"k":[119.5,212.5,0],"ix":1},"s":{"a":0,"k":[100,100,100],"ix":6}},"ao":0,"ip":137.6,"op":138.666666666667,"st":137.6,"bm":0},{"ddd":0,"ind":131,"ty":2,"nm":"xiaoqiandia130.jpg","cl":"jpg","refId":"image_130","sr":1,"ks":{"o":{"a":0,"k":100,"ix":11},"r":{"a":0,"k":0,"ix":10},"p":{"a":0,"k":[119.5,212.5,0],"ix":2},"a":{"a":0,"k":[119.5,212.5,0],"ix":1},"s":{"a":0,"k":[100,100,100],"ix":6}},"ao":0,"ip":138.666666666667,"op":139.733333333333,"st":138.666666666667,"bm":0},{"ddd":0,"ind":132,"ty":2,"nm":"xiaoqiandia131.jpg","cl":"jpg","refId":"image_131","sr":1,"ks":{"o":{"a":0,"k":100,"ix":11},"r":{"a":0,"k":0,"ix":10},"p":{"a":0,"k":[119.5,212.5,0],"ix":2},"a":{"a":0,"k":[119.5,212.5,0],"ix":1},"s":{"a":0,"k":[100,100,100],"ix":6}},"ao":0,"ip":139.733333333333,"op":140.8,"st":139.733333333333,"bm":0},{"ddd":0,"ind":133,"ty":2,"nm":"xiaoqiandia132.jpg","cl":"jpg","refId":"image_132","sr":1,"ks":{"o":{"a":0,"k":100,"ix":11},"r":{"a":0,"k":0,"ix":10},"p":{"a":0,"k":[119.5,212.5,0],"ix":2},"a":{"a":0,"k":[119.5,212.5,0],"ix":1},"s":{"a":0,"k":[100,100,100],"ix":6}},"ao":0,"ip":140.8,"op":141.866666666667,"st":140.8,"bm":0}],"markers":[]}