{"v":"5.6.10","fr":60,"ip":0,"op":690,"w":1080,"h":2340,"nm":"最终-轮播","ddd":0,"assets":[{"id":"image_0","w":400,"h":650,"u":"images/","p":"img_0.png","e":0},{"id":"image_1","w":400,"h":650,"u":"images/","p":"img_1.png","e":0},{"id":"image_2","w":400,"h":650,"u":"images/","p":"img_2.png","e":0},{"id":"image_3","w":400,"h":650,"u":"images/","p":"img_3.png","e":0},{"id":"image_4","w":400,"h":650,"u":"images/","p":"img_4.png","e":0},{"id":"image_5","w":400,"h":650,"u":"images/","p":"img_5.png","e":0},{"id":"image_6","w":400,"h":650,"u":"images/","p":"img_6.png","e":0},{"id":"image_7","w":400,"h":650,"u":"images/","p":"img_7.png","e":0},{"id":"comp_0","layers":[{"ddd":0,"ind":1,"ty":0,"nm":"3","refId":"comp_1","sr":1,"ks":{"o":{"a":1,"k":[{"i":{"x":[1],"y":[1]},"o":{"x":[0.333],"y":[0]},"t":0,"s":[0]},{"t":30,"s":[75],"h":1},{"i":{"x":[1],"y":[1]},"o":{"x":[0.167],"y":[0.167]},"t":90,"s":[75]},{"t":120,"s":[100],"h":1},{"i":{"x":[1],"y":[1]},"o":{"x":[0.167],"y":[0.167]},"t":180,"s":[100]},{"t":210,"s":[75],"h":1},{"i":{"x":[0.667],"y":[1]},"o":{"x":[0.167],"y":[0.167]},"t":270,"s":[75]},{"t":300,"s":[0],"h":1}],"ix":11},"r":{"a":0,"k":0,"ix":10},"p":{"s":true,"x":{"a":1,"k":[{"i":{"x":[0],"y":[1]},"o":{"x":[0.333],"y":[0]},"t":0,"s":[1209]},{"i":{"x":[0.667],"y":[1]},"o":{"x":[0.333],"y":[0]},"t":30,"s":[870]},{"i":{"x":[0],"y":[1]},"o":{"x":[0.333],"y":[0]},"t":90,"s":[870]},{"i":{"x":[0.667],"y":[1]},"o":{"x":[0.333],"y":[0]},"t":120,"s":[540]},{"i":{"x":[0.005],"y":[1]},"o":{"x":[0.333],"y":[0]},"t":180,"s":[540]},{"i":{"x":[0.667],"y":[1]},"o":{"x":[0.333],"y":[0]},"t":210,"s":[210]},{"i":{"x":[0],"y":[1.125]},"o":{"x":[0.333],"y":[0]},"t":270,"s":[210]},{"t":300,"s":[-125],"h":1}],"ix":3},"y":{"a":1,"k":[{"i":{"x":[0.667],"y":[1]},"o":{"x":[0.333],"y":[0]},"t":0,"s":[325]},{"i":{"x":[0.667],"y":[1]},"o":{"x":[0.333],"y":[0]},"t":30,"s":[325]},{"i":{"x":[0.667],"y":[1]},"o":{"x":[0.333],"y":[0]},"t":90,"s":[325]},{"i":{"x":[0.667],"y":[1]},"o":{"x":[0.333],"y":[0]},"t":120,"s":[325]},{"i":{"x":[0.667],"y":[1]},"o":{"x":[0.333],"y":[0]},"t":180,"s":[325]},{"i":{"x":[0.667],"y":[1]},"o":{"x":[0.333],"y":[0]},"t":210,"s":[325]},{"i":{"x":[0.667],"y":[1]},"o":{"x":[0.333],"y":[0]},"t":270,"s":[325]},{"t":300,"s":[325],"h":1}],"ix":4}},"a":{"a":0,"k":[200,325,0],"ix":1},"s":{"a":1,"k":[{"i":{"x":[1,1,1],"y":[1,1,1]},"o":{"x":[0.333,0.333,0.333],"y":[0,0,0]},"t":0,"s":[0,0,100]},{"t":30,"s":[60,60,100],"h":1},{"i":{"x":[1,1,1],"y":[1,1,1]},"o":{"x":[0.167,0.167,0.167],"y":[0.167,0.167,0]},"t":90,"s":[60,60,100]},{"t":120,"s":[100,100,100],"h":1},{"i":{"x":[1,1,1],"y":[1,1,1]},"o":{"x":[0.167,0.167,0.167],"y":[0.167,0.167,0]},"t":180,"s":[100,100,100]},{"t":210,"s":[60,60,100],"h":1},{"i":{"x":[0.667,0.667,0.667],"y":[1,1,1]},"o":{"x":[0.167,0.167,0.167],"y":[0.167,0.167,0]},"t":270,"s":[60,60,100]},{"t":300,"s":[0,0,100],"h":1}],"ix":6}},"ao":0,"w":400,"h":650,"ip":0,"op":300,"st":0,"bm":0},{"ddd":0,"ind":2,"ty":0,"nm":"4","refId":"comp_2","sr":1,"ks":{"o":{"a":1,"k":[{"i":{"x":[1],"y":[1]},"o":{"x":[0.333],"y":[0]},"t":90,"s":[0]},{"t":120,"s":[75],"h":1},{"i":{"x":[1],"y":[1]},"o":{"x":[0.167],"y":[0.167]},"t":180,"s":[75]},{"t":210,"s":[100],"h":1},{"i":{"x":[1],"y":[1]},"o":{"x":[0.167],"y":[0.167]},"t":270,"s":[100]},{"t":300,"s":[75],"h":1},{"i":{"x":[0.667],"y":[1]},"o":{"x":[0.167],"y":[0.167]},"t":360,"s":[75]},{"t":390,"s":[0],"h":1}],"ix":11},"r":{"a":0,"k":0,"ix":10},"p":{"s":true,"x":{"a":1,"k":[{"i":{"x":[0],"y":[1]},"o":{"x":[0.333],"y":[0]},"t":90,"s":[1209]},{"i":{"x":[0.667],"y":[1]},"o":{"x":[0.333],"y":[0]},"t":120,"s":[870]},{"i":{"x":[0],"y":[1]},"o":{"x":[0.333],"y":[0]},"t":180,"s":[870]},{"i":{"x":[0.667],"y":[1]},"o":{"x":[0.333],"y":[0]},"t":210,"s":[540]},{"i":{"x":[0.005],"y":[1]},"o":{"x":[0.333],"y":[0]},"t":270,"s":[540]},{"i":{"x":[0.667],"y":[1]},"o":{"x":[0.333],"y":[0]},"t":300,"s":[210]},{"i":{"x":[0],"y":[1.125]},"o":{"x":[0.333],"y":[0]},"t":360,"s":[210]},{"t":390,"s":[-125],"h":1}],"ix":3},"y":{"a":1,"k":[{"i":{"x":[0.667],"y":[1]},"o":{"x":[0.333],"y":[0]},"t":90,"s":[325]},{"i":{"x":[0.667],"y":[1]},"o":{"x":[0.333],"y":[0]},"t":120,"s":[325]},{"i":{"x":[0.667],"y":[1]},"o":{"x":[0.333],"y":[0]},"t":180,"s":[325]},{"i":{"x":[0.667],"y":[1]},"o":{"x":[0.333],"y":[0]},"t":210,"s":[325]},{"i":{"x":[0.667],"y":[1]},"o":{"x":[0.333],"y":[0]},"t":270,"s":[325]},{"i":{"x":[0.667],"y":[1]},"o":{"x":[0.333],"y":[0]},"t":300,"s":[325]},{"i":{"x":[0.667],"y":[1]},"o":{"x":[0.333],"y":[0]},"t":360,"s":[325]},{"t":390,"s":[325],"h":1}],"ix":4}},"a":{"a":0,"k":[200,325,0],"ix":1},"s":{"a":1,"k":[{"i":{"x":[1,1,1],"y":[1,1,1]},"o":{"x":[0.333,0.333,0.333],"y":[0,0,0]},"t":90,"s":[0,0,100]},{"t":120,"s":[60,60,100],"h":1},{"i":{"x":[1,1,1],"y":[1,1,1]},"o":{"x":[0.167,0.167,0.167],"y":[0.167,0.167,0]},"t":180,"s":[60,60,100]},{"t":210,"s":[100,100,100],"h":1},{"i":{"x":[1,1,1],"y":[1,1,1]},"o":{"x":[0.167,0.167,0.167],"y":[0.167,0.167,0]},"t":270,"s":[100,100,100]},{"t":300,"s":[60,60,100],"h":1},{"i":{"x":[0.667,0.667,0.667],"y":[1,1,1]},"o":{"x":[0.167,0.167,0.167],"y":[0.167,0.167,0]},"t":360,"s":[60,60,100]},{"t":390,"s":[0,0,100],"h":1}],"ix":6}},"ao":0,"w":400,"h":650,"ip":90,"op":390,"st":90,"bm":0},{"ddd":0,"ind":3,"ty":0,"nm":"5","refId":"comp_3","sr":1,"ks":{"o":{"a":1,"k":[{"i":{"x":[1],"y":[1]},"o":{"x":[0.333],"y":[0]},"t":180,"s":[0]},{"t":210,"s":[75],"h":1},{"i":{"x":[1],"y":[1]},"o":{"x":[0.167],"y":[0.167]},"t":270,"s":[75]},{"t":300,"s":[100],"h":1},{"i":{"x":[1],"y":[1]},"o":{"x":[0.167],"y":[0.167]},"t":360,"s":[100]},{"t":390,"s":[75],"h":1},{"i":{"x":[0.667],"y":[1]},"o":{"x":[0.167],"y":[0.167]},"t":450,"s":[75]},{"t":480,"s":[0],"h":1}],"ix":11},"r":{"a":0,"k":0,"ix":10},"p":{"s":true,"x":{"a":1,"k":[{"i":{"x":[0],"y":[1]},"o":{"x":[0.333],"y":[0]},"t":180,"s":[1209]},{"i":{"x":[0.667],"y":[1]},"o":{"x":[0.333],"y":[0]},"t":210,"s":[870]},{"i":{"x":[0],"y":[1]},"o":{"x":[0.333],"y":[0]},"t":270,"s":[870]},{"i":{"x":[0.667],"y":[1]},"o":{"x":[0.333],"y":[0]},"t":300,"s":[540]},{"i":{"x":[0.005],"y":[1]},"o":{"x":[0.333],"y":[0]},"t":360,"s":[540]},{"i":{"x":[0.667],"y":[1]},"o":{"x":[0.333],"y":[0]},"t":390,"s":[210]},{"i":{"x":[0],"y":[1.125]},"o":{"x":[0.333],"y":[0]},"t":450,"s":[210]},{"t":480,"s":[-125],"h":1}],"ix":3},"y":{"a":1,"k":[{"i":{"x":[0.667],"y":[1]},"o":{"x":[0.333],"y":[0]},"t":180,"s":[325]},{"i":{"x":[0.667],"y":[1]},"o":{"x":[0.333],"y":[0]},"t":210,"s":[325]},{"i":{"x":[0.667],"y":[1]},"o":{"x":[0.333],"y":[0]},"t":270,"s":[325]},{"i":{"x":[0.667],"y":[1]},"o":{"x":[0.333],"y":[0]},"t":300,"s":[325]},{"i":{"x":[0.667],"y":[1]},"o":{"x":[0.333],"y":[0]},"t":360,"s":[325]},{"i":{"x":[0.667],"y":[1]},"o":{"x":[0.333],"y":[0]},"t":390,"s":[325]},{"i":{"x":[0.667],"y":[1]},"o":{"x":[0.333],"y":[0]},"t":450,"s":[325]},{"t":480,"s":[325],"h":1}],"ix":4}},"a":{"a":0,"k":[540,325,0],"ix":1},"s":{"a":1,"k":[{"i":{"x":[1,1,1],"y":[1,1,1]},"o":{"x":[0.333,0.333,0.333],"y":[0,0,0]},"t":180,"s":[0,0,100]},{"t":210,"s":[60,60,100],"h":1},{"i":{"x":[1,1,1],"y":[1,1,1]},"o":{"x":[0.167,0.167,0.167],"y":[0.167,0.167,0]},"t":270,"s":[60,60,100]},{"t":300,"s":[100,100,100],"h":1},{"i":{"x":[1,1,1],"y":[1,1,1]},"o":{"x":[0.167,0.167,0.167],"y":[0.167,0.167,0]},"t":360,"s":[100,100,100]},{"t":390,"s":[60,60,100],"h":1},{"i":{"x":[0.667,0.667,0.667],"y":[1,1,1]},"o":{"x":[0.167,0.167,0.167],"y":[0.167,0.167,0]},"t":450,"s":[60,60,100]},{"t":480,"s":[0,0,100],"h":1}],"ix":6}},"ao":0,"w":1080,"h":650,"ip":180,"op":480,"st":180,"bm":0},{"ddd":0,"ind":4,"ty":2,"nm":"result(6).png","cl":"png","refId":"image_3","sr":1,"ks":{"o":{"a":1,"k":[{"i":{"x":[1],"y":[1]},"o":{"x":[0.333],"y":[0]},"t":270,"s":[0]},{"t":300,"s":[75],"h":1},{"i":{"x":[1],"y":[1]},"o":{"x":[0.167],"y":[0.167]},"t":360,"s":[75]},{"t":390,"s":[100],"h":1},{"i":{"x":[1],"y":[1]},"o":{"x":[0.167],"y":[0.167]},"t":450,"s":[100]},{"t":480,"s":[75],"h":1},{"i":{"x":[0.667],"y":[1]},"o":{"x":[0.167],"y":[0.167]},"t":540,"s":[75]},{"t":570,"s":[0],"h":1}],"ix":11},"r":{"a":0,"k":0,"ix":10},"p":{"s":true,"x":{"a":1,"k":[{"i":{"x":[0],"y":[1]},"o":{"x":[0.333],"y":[0]},"t":270,"s":[1209]},{"i":{"x":[0.667],"y":[1]},"o":{"x":[0.333],"y":[0]},"t":300,"s":[870]},{"i":{"x":[0],"y":[1]},"o":{"x":[0.333],"y":[0]},"t":360,"s":[870]},{"i":{"x":[0.667],"y":[1]},"o":{"x":[0.333],"y":[0]},"t":390,"s":[540]},{"i":{"x":[0.005],"y":[1]},"o":{"x":[0.333],"y":[0]},"t":450,"s":[540]},{"i":{"x":[0.667],"y":[1]},"o":{"x":[0.333],"y":[0]},"t":480,"s":[210]},{"i":{"x":[0],"y":[1.125]},"o":{"x":[0.333],"y":[0]},"t":540,"s":[210]},{"t":570,"s":[-125],"h":1}],"ix":3},"y":{"a":1,"k":[{"i":{"x":[0.667],"y":[1]},"o":{"x":[0.333],"y":[0]},"t":270,"s":[325]},{"i":{"x":[0.667],"y":[1]},"o":{"x":[0.333],"y":[0]},"t":300,"s":[325]},{"i":{"x":[0.667],"y":[1]},"o":{"x":[0.333],"y":[0]},"t":360,"s":[325]},{"i":{"x":[0.667],"y":[1]},"o":{"x":[0.333],"y":[0]},"t":390,"s":[325]},{"i":{"x":[0.667],"y":[1]},"o":{"x":[0.333],"y":[0]},"t":450,"s":[325]},{"i":{"x":[0.667],"y":[1]},"o":{"x":[0.333],"y":[0]},"t":480,"s":[325]},{"i":{"x":[0.667],"y":[1]},"o":{"x":[0.333],"y":[0]},"t":540,"s":[325]},{"t":570,"s":[325],"h":1}],"ix":4}},"a":{"a":0,"k":[200,325,0],"ix":1},"s":{"a":1,"k":[{"i":{"x":[1,1,1],"y":[1,1,1]},"o":{"x":[0.333,0.333,0.333],"y":[0,0,0]},"t":270,"s":[0,0,100]},{"t":300,"s":[60,60,100],"h":1},{"i":{"x":[1,1,1],"y":[1,1,1]},"o":{"x":[0.167,0.167,0.167],"y":[0.167,0.167,0]},"t":360,"s":[60,60,100]},{"t":390,"s":[100,100,100],"h":1},{"i":{"x":[1,1,1],"y":[1,1,1]},"o":{"x":[0.167,0.167,0.167],"y":[0.167,0.167,0]},"t":450,"s":[100,100,100]},{"t":480,"s":[60,60,100],"h":1},{"i":{"x":[0.667,0.667,0.667],"y":[1,1,1]},"o":{"x":[0.167,0.167,0.167],"y":[0.167,0.167,0]},"t":540,"s":[60,60,100]},{"t":570,"s":[0,0,100],"h":1}],"ix":6}},"ao":0,"ip":270,"op":570,"st":270,"bm":0},{"ddd":0,"ind":5,"ty":2,"nm":"result(7).png","cl":"png","refId":"image_4","sr":1,"ks":{"o":{"a":1,"k":[{"i":{"x":[1],"y":[1]},"o":{"x":[0.333],"y":[0]},"t":360,"s":[0]},{"t":390,"s":[75],"h":1},{"i":{"x":[1],"y":[1]},"o":{"x":[0.167],"y":[0.167]},"t":450,"s":[75]},{"t":480,"s":[100],"h":1},{"i":{"x":[1],"y":[1]},"o":{"x":[0.167],"y":[0.167]},"t":540,"s":[100]},{"t":570,"s":[75],"h":1},{"i":{"x":[0.667],"y":[1]},"o":{"x":[0.167],"y":[0.167]},"t":630,"s":[75]},{"t":660,"s":[0],"h":1}],"ix":11},"r":{"a":0,"k":0,"ix":10},"p":{"s":true,"x":{"a":1,"k":[{"i":{"x":[0],"y":[1]},"o":{"x":[0.333],"y":[0]},"t":360,"s":[1209]},{"i":{"x":[0.667],"y":[1]},"o":{"x":[0.333],"y":[0]},"t":390,"s":[870]},{"i":{"x":[0],"y":[1]},"o":{"x":[0.333],"y":[0]},"t":450,"s":[870]},{"i":{"x":[0.667],"y":[1]},"o":{"x":[0.333],"y":[0]},"t":480,"s":[540]},{"i":{"x":[0.005],"y":[1]},"o":{"x":[0.333],"y":[0]},"t":540,"s":[540]},{"i":{"x":[0.667],"y":[1]},"o":{"x":[0.333],"y":[0]},"t":570,"s":[210]},{"i":{"x":[0],"y":[1.125]},"o":{"x":[0.333],"y":[0]},"t":630,"s":[210]},{"t":660,"s":[-125],"h":1}],"ix":3},"y":{"a":1,"k":[{"i":{"x":[0.667],"y":[1]},"o":{"x":[0.333],"y":[0]},"t":360,"s":[325]},{"i":{"x":[0.667],"y":[1]},"o":{"x":[0.333],"y":[0]},"t":390,"s":[325]},{"i":{"x":[0.667],"y":[1]},"o":{"x":[0.333],"y":[0]},"t":450,"s":[325]},{"i":{"x":[0.667],"y":[1]},"o":{"x":[0.333],"y":[0]},"t":480,"s":[325]},{"i":{"x":[0.667],"y":[1]},"o":{"x":[0.333],"y":[0]},"t":540,"s":[325]},{"i":{"x":[0.667],"y":[1]},"o":{"x":[0.333],"y":[0]},"t":570,"s":[325]},{"i":{"x":[0.667],"y":[1]},"o":{"x":[0.333],"y":[0]},"t":630,"s":[325]},{"t":660,"s":[325],"h":1}],"ix":4}},"a":{"a":0,"k":[200,325,0],"ix":1},"s":{"a":1,"k":[{"i":{"x":[1,1,1],"y":[1,1,1]},"o":{"x":[0.333,0.333,0.333],"y":[0,0,0]},"t":360,"s":[0,0,100]},{"t":390,"s":[60,60,100],"h":1},{"i":{"x":[1,1,1],"y":[1,1,1]},"o":{"x":[0.167,0.167,0.167],"y":[0.167,0.167,0]},"t":450,"s":[60,60,100]},{"t":480,"s":[100,100,100],"h":1},{"i":{"x":[1,1,1],"y":[1,1,1]},"o":{"x":[0.167,0.167,0.167],"y":[0.167,0.167,0]},"t":540,"s":[100,100,100]},{"t":570,"s":[60,60,100],"h":1},{"i":{"x":[0.667,0.667,0.667],"y":[1,1,1]},"o":{"x":[0.167,0.167,0.167],"y":[0.167,0.167,0]},"t":630,"s":[60,60,100]},{"t":660,"s":[0,0,100],"h":1}],"ix":6}},"ao":0,"ip":360,"op":660,"st":360,"bm":0},{"ddd":0,"ind":6,"ty":0,"nm":"最后一张","refId":"comp_4","sr":1,"ks":{"o":{"a":1,"k":[{"i":{"x":[1],"y":[1]},"o":{"x":[0.333],"y":[0]},"t":451,"s":[0]},{"t":481,"s":[75],"h":1},{"i":{"x":[1],"y":[1]},"o":{"x":[0.167],"y":[0.167]},"t":541,"s":[75]},{"t":571,"s":[100],"h":1},{"i":{"x":[1],"y":[1]},"o":{"x":[0.167],"y":[0.167]},"t":631,"s":[100]},{"t":661,"s":[75],"h":1},{"i":{"x":[0.667],"y":[1]},"o":{"x":[0.167],"y":[0.167]},"t":721,"s":[75]},{"t":751,"s":[0],"h":1}],"ix":11},"r":{"a":0,"k":0,"ix":10},"p":{"s":true,"x":{"a":1,"k":[{"i":{"x":[0],"y":[1]},"o":{"x":[0.333],"y":[0]},"t":451,"s":[1209]},{"i":{"x":[0.667],"y":[1]},"o":{"x":[0.333],"y":[0]},"t":481,"s":[870]},{"i":{"x":[0],"y":[1]},"o":{"x":[0.333],"y":[0]},"t":541,"s":[870]},{"i":{"x":[0.667],"y":[1]},"o":{"x":[0.333],"y":[0]},"t":571,"s":[540]},{"i":{"x":[0.005],"y":[1]},"o":{"x":[0.333],"y":[0]},"t":631,"s":[540]},{"i":{"x":[0.667],"y":[1]},"o":{"x":[0.333],"y":[0]},"t":661,"s":[210]},{"i":{"x":[0],"y":[1.125]},"o":{"x":[0.333],"y":[0]},"t":721,"s":[210]},{"t":751,"s":[-125],"h":1}],"ix":3},"y":{"a":1,"k":[{"i":{"x":[0.667],"y":[1]},"o":{"x":[0.333],"y":[0]},"t":451,"s":[325]},{"i":{"x":[0.667],"y":[1]},"o":{"x":[0.333],"y":[0]},"t":481,"s":[325]},{"i":{"x":[0.667],"y":[1]},"o":{"x":[0.333],"y":[0]},"t":541,"s":[325]},{"i":{"x":[0.667],"y":[1]},"o":{"x":[0.333],"y":[0]},"t":571,"s":[325]},{"i":{"x":[0.667],"y":[1]},"o":{"x":[0.333],"y":[0]},"t":631,"s":[325]},{"i":{"x":[0.667],"y":[1]},"o":{"x":[0.333],"y":[0]},"t":661,"s":[325]},{"i":{"x":[0.667],"y":[1]},"o":{"x":[0.333],"y":[0]},"t":721,"s":[325]},{"t":751,"s":[325],"h":1}],"ix":4}},"a":{"a":0,"k":[200,325,0],"ix":1},"s":{"a":1,"k":[{"i":{"x":[1,1,1],"y":[1,1,1]},"o":{"x":[0.333,0.333,0.333],"y":[0,0,0]},"t":451,"s":[0,0,100]},{"t":481,"s":[60,60,100],"h":1},{"i":{"x":[1,1,1],"y":[1,1,1]},"o":{"x":[0.167,0.167,0.167],"y":[0.167,0.167,0]},"t":541,"s":[60,60,100]},{"t":571,"s":[100,100,100],"h":1},{"i":{"x":[1,1,1],"y":[1,1,1]},"o":{"x":[0.167,0.167,0.167],"y":[0.167,0.167,0]},"t":631,"s":[100,100,100]},{"t":661,"s":[60,60,100],"h":1},{"i":{"x":[0.667,0.667,0.667],"y":[1,1,1]},"o":{"x":[0.167,0.167,0.167],"y":[0.167,0.167,0]},"t":721,"s":[60,60,100]},{"t":751,"s":[0,0,100],"h":1}],"ix":6}},"ao":0,"w":400,"h":650,"ip":451,"op":722,"st":451,"bm":0},{"ddd":0,"ind":7,"ty":0,"nm":"1","refId":"comp_5","sr":1,"ks":{"o":{"a":1,"k":[{"i":{"x":[1],"y":[1]},"o":{"x":[0.333],"y":[0]},"t":541,"s":[0]},{"t":571,"s":[75],"h":1},{"i":{"x":[1],"y":[1]},"o":{"x":[0.167],"y":[0.167]},"t":631,"s":[75]},{"t":661,"s":[100],"h":1},{"i":{"x":[1],"y":[1]},"o":{"x":[0.167],"y":[0.167]},"t":721,"s":[100]},{"t":751,"s":[75],"h":1},{"i":{"x":[0.667],"y":[1]},"o":{"x":[0.167],"y":[0.167]},"t":811,"s":[75]},{"t":841,"s":[0],"h":1}],"ix":11},"r":{"a":0,"k":0,"ix":10},"p":{"s":true,"x":{"a":1,"k":[{"i":{"x":[0],"y":[1]},"o":{"x":[0.333],"y":[0]},"t":541,"s":[1209]},{"i":{"x":[0.667],"y":[1]},"o":{"x":[0.333],"y":[0]},"t":571,"s":[870]},{"i":{"x":[0],"y":[1]},"o":{"x":[0.333],"y":[0]},"t":631,"s":[870]},{"i":{"x":[0.667],"y":[1]},"o":{"x":[0.333],"y":[0]},"t":661,"s":[540]},{"i":{"x":[0.005],"y":[1]},"o":{"x":[0.333],"y":[0]},"t":721,"s":[540]},{"i":{"x":[0.667],"y":[1]},"o":{"x":[0.333],"y":[0]},"t":751,"s":[210]},{"i":{"x":[0],"y":[1.125]},"o":{"x":[0.333],"y":[0]},"t":811,"s":[210]},{"t":841,"s":[-125],"h":1}],"ix":3},"y":{"a":1,"k":[{"i":{"x":[0.667],"y":[1]},"o":{"x":[0.333],"y":[0]},"t":541,"s":[325]},{"i":{"x":[0.667],"y":[1]},"o":{"x":[0.333],"y":[0]},"t":571,"s":[325]},{"i":{"x":[0.667],"y":[1]},"o":{"x":[0.333],"y":[0]},"t":631,"s":[325]},{"i":{"x":[0.667],"y":[1]},"o":{"x":[0.333],"y":[0]},"t":661,"s":[325]},{"i":{"x":[0.667],"y":[1]},"o":{"x":[0.333],"y":[0]},"t":721,"s":[325]},{"i":{"x":[0.667],"y":[1]},"o":{"x":[0.333],"y":[0]},"t":751,"s":[325]},{"i":{"x":[0.667],"y":[1]},"o":{"x":[0.333],"y":[0]},"t":811,"s":[325]},{"t":841,"s":[325],"h":1}],"ix":4}},"a":{"a":0,"k":[200,325,0],"ix":1},"s":{"a":1,"k":[{"i":{"x":[1,1,1],"y":[1,1,1]},"o":{"x":[0.333,0.333,0.333],"y":[0,0,0]},"t":541,"s":[0,0,100]},{"t":571,"s":[60,60,100],"h":1},{"i":{"x":[1,1,1],"y":[1,1,1]},"o":{"x":[0.167,0.167,0.167],"y":[0.167,0.167,0]},"t":631,"s":[60,60,100]},{"t":661,"s":[100,100,100],"h":1},{"i":{"x":[1,1,1],"y":[1,1,1]},"o":{"x":[0.167,0.167,0.167],"y":[0.167,0.167,0]},"t":721,"s":[100,100,100]},{"t":751,"s":[60,60,100],"h":1},{"i":{"x":[0.667,0.667,0.667],"y":[1,1,1]},"o":{"x":[0.167,0.167,0.167],"y":[0.167,0.167,0]},"t":811,"s":[60,60,100]},{"t":841,"s":[0,0,100],"h":1}],"ix":6}},"ao":0,"w":400,"h":650,"ip":541,"op":722,"st":541,"bm":0},{"ddd":0,"ind":8,"ty":0,"nm":"2","refId":"comp_6","sr":1,"ks":{"o":{"a":1,"k":[{"i":{"x":[1],"y":[1]},"o":{"x":[0.333],"y":[0]},"t":631,"s":[0]},{"t":661,"s":[75],"h":1},{"i":{"x":[1],"y":[1]},"o":{"x":[0.167],"y":[0.167]},"t":721,"s":[75]},{"t":751,"s":[100],"h":1},{"i":{"x":[1],"y":[1]},"o":{"x":[0.167],"y":[0.167]},"t":811,"s":[100]},{"t":841,"s":[75],"h":1},{"i":{"x":[0.667],"y":[1]},"o":{"x":[0.167],"y":[0.167]},"t":901,"s":[75]},{"t":931,"s":[0],"h":1}],"ix":11},"r":{"a":0,"k":0,"ix":10},"p":{"s":true,"x":{"a":1,"k":[{"i":{"x":[0],"y":[1]},"o":{"x":[0.333],"y":[0]},"t":631,"s":[1209]},{"i":{"x":[0.667],"y":[1]},"o":{"x":[0.333],"y":[0]},"t":661,"s":[870]},{"i":{"x":[0],"y":[1]},"o":{"x":[0.333],"y":[0]},"t":721,"s":[870]},{"i":{"x":[0.667],"y":[1]},"o":{"x":[0.333],"y":[0]},"t":751,"s":[540]},{"i":{"x":[0.005],"y":[1]},"o":{"x":[0.333],"y":[0]},"t":811,"s":[540]},{"i":{"x":[0.667],"y":[1]},"o":{"x":[0.333],"y":[0]},"t":841,"s":[210]},{"i":{"x":[0],"y":[1.125]},"o":{"x":[0.333],"y":[0]},"t":901,"s":[210]},{"t":931,"s":[-125],"h":1}],"ix":3},"y":{"a":1,"k":[{"i":{"x":[0.667],"y":[1]},"o":{"x":[0.333],"y":[0]},"t":631,"s":[325]},{"i":{"x":[0.667],"y":[1]},"o":{"x":[0.333],"y":[0]},"t":661,"s":[325]},{"i":{"x":[0.667],"y":[1]},"o":{"x":[0.333],"y":[0]},"t":721,"s":[325]},{"i":{"x":[0.667],"y":[1]},"o":{"x":[0.333],"y":[0]},"t":751,"s":[325]},{"i":{"x":[0.667],"y":[1]},"o":{"x":[0.333],"y":[0]},"t":811,"s":[325]},{"i":{"x":[0.667],"y":[1]},"o":{"x":[0.333],"y":[0]},"t":841,"s":[325]},{"i":{"x":[0.667],"y":[1]},"o":{"x":[0.333],"y":[0]},"t":901,"s":[325]},{"t":931,"s":[325],"h":1}],"ix":4}},"a":{"a":0,"k":[200,325,0],"ix":1},"s":{"a":1,"k":[{"i":{"x":[1,1,1],"y":[1,1,1]},"o":{"x":[0.333,0.333,0.333],"y":[0,0,0]},"t":631,"s":[0,0,100]},{"t":661,"s":[60,60,100],"h":1},{"i":{"x":[1,1,1],"y":[1,1,1]},"o":{"x":[0.167,0.167,0.167],"y":[0.167,0.167,0]},"t":721,"s":[60,60,100]},{"t":751,"s":[100,100,100],"h":1},{"i":{"x":[1,1,1],"y":[1,1,1]},"o":{"x":[0.167,0.167,0.167],"y":[0.167,0.167,0]},"t":811,"s":[100,100,100]},{"t":841,"s":[60,60,100],"h":1},{"i":{"x":[0.667,0.667,0.667],"y":[1,1,1]},"o":{"x":[0.167,0.167,0.167],"y":[0.167,0.167,0]},"t":901,"s":[60,60,100]},{"t":931,"s":[0,0,100],"h":1}],"ix":6}},"ao":0,"w":400,"h":650,"ip":631,"op":722,"st":631,"bm":0},{"ddd":0,"ind":9,"ty":0,"nm":"最后一张","refId":"comp_4","sr":1,"ks":{"o":{"a":1,"k":[{"i":{"x":[1],"y":[1]},"o":{"x":[0.333],"y":[0]},"t":-270,"s":[0]},{"t":-240,"s":[75],"h":1},{"i":{"x":[1],"y":[1]},"o":{"x":[0.167],"y":[0.167]},"t":-180,"s":[75]},{"t":-150,"s":[100],"h":1},{"i":{"x":[1],"y":[1]},"o":{"x":[0.167],"y":[0.167]},"t":-90,"s":[100]},{"t":-60,"s":[75],"h":1},{"i":{"x":[0.667],"y":[1]},"o":{"x":[0.167],"y":[0.167]},"t":0,"s":[75]},{"t":30,"s":[0],"h":1}],"ix":11},"r":{"a":0,"k":0,"ix":10},"p":{"s":true,"x":{"a":1,"k":[{"i":{"x":[0],"y":[1]},"o":{"x":[0.333],"y":[0]},"t":-270,"s":[1209]},{"i":{"x":[0.667],"y":[1]},"o":{"x":[0.333],"y":[0]},"t":-240,"s":[870]},{"i":{"x":[0],"y":[1]},"o":{"x":[0.333],"y":[0]},"t":-180,"s":[870]},{"i":{"x":[0.667],"y":[1]},"o":{"x":[0.333],"y":[0]},"t":-150,"s":[540]},{"i":{"x":[0.005],"y":[1]},"o":{"x":[0.333],"y":[0]},"t":-90,"s":[540]},{"i":{"x":[0.667],"y":[1]},"o":{"x":[0.333],"y":[0]},"t":-60,"s":[210]},{"i":{"x":[0],"y":[1.125]},"o":{"x":[0.333],"y":[0]},"t":0,"s":[210]},{"t":30,"s":[-125],"h":1}],"ix":3},"y":{"a":1,"k":[{"i":{"x":[0.667],"y":[1]},"o":{"x":[0.333],"y":[0]},"t":-270,"s":[325]},{"i":{"x":[0.667],"y":[1]},"o":{"x":[0.333],"y":[0]},"t":-240,"s":[325]},{"i":{"x":[0.667],"y":[1]},"o":{"x":[0.333],"y":[0]},"t":-180,"s":[325]},{"i":{"x":[0.667],"y":[1]},"o":{"x":[0.333],"y":[0]},"t":-150,"s":[325]},{"i":{"x":[0.667],"y":[1]},"o":{"x":[0.333],"y":[0]},"t":-90,"s":[325]},{"i":{"x":[0.667],"y":[1]},"o":{"x":[0.333],"y":[0]},"t":-60,"s":[325]},{"i":{"x":[0.667],"y":[1]},"o":{"x":[0.333],"y":[0]},"t":0,"s":[325]},{"t":30,"s":[325],"h":1}],"ix":4}},"a":{"a":0,"k":[200,325,0],"ix":1},"s":{"a":1,"k":[{"i":{"x":[1,1,1],"y":[1,1,1]},"o":{"x":[0.333,0.333,0.333],"y":[0,0,0]},"t":-270,"s":[0,0,100]},{"t":-240,"s":[60,60,100],"h":1},{"i":{"x":[1,1,1],"y":[1,1,1]},"o":{"x":[0.167,0.167,0.167],"y":[0.167,0.167,0]},"t":-180,"s":[60,60,100]},{"t":-150,"s":[100,100,100],"h":1},{"i":{"x":[1,1,1],"y":[1,1,1]},"o":{"x":[0.167,0.167,0.167],"y":[0.167,0.167,0]},"t":-90,"s":[100,100,100]},{"t":-60,"s":[60,60,100],"h":1},{"i":{"x":[0.667,0.667,0.667],"y":[1,1,1]},"o":{"x":[0.167,0.167,0.167],"y":[0.167,0.167,0]},"t":0,"s":[60,60,100]},{"t":30,"s":[0,0,100],"h":1}],"ix":6}},"ao":0,"w":400,"h":650,"ip":-270,"op":30,"st":-270,"bm":0},{"ddd":0,"ind":10,"ty":0,"nm":"1","refId":"comp_5","sr":1,"ks":{"o":{"a":1,"k":[{"i":{"x":[1],"y":[1]},"o":{"x":[0.333],"y":[0]},"t":-180,"s":[0]},{"t":-150,"s":[75],"h":1},{"i":{"x":[1],"y":[1]},"o":{"x":[0.167],"y":[0.167]},"t":-90,"s":[75]},{"t":-60,"s":[100],"h":1},{"i":{"x":[1],"y":[1]},"o":{"x":[0.167],"y":[0.167]},"t":0,"s":[100]},{"t":30,"s":[75],"h":1},{"i":{"x":[0.667],"y":[1]},"o":{"x":[0.167],"y":[0.167]},"t":90,"s":[75]},{"t":120,"s":[0],"h":1}],"ix":11},"r":{"a":0,"k":0,"ix":10},"p":{"s":true,"x":{"a":1,"k":[{"i":{"x":[0],"y":[1]},"o":{"x":[0.333],"y":[0]},"t":-180,"s":[1209]},{"i":{"x":[0.667],"y":[1]},"o":{"x":[0.333],"y":[0]},"t":-150,"s":[870]},{"i":{"x":[0],"y":[1]},"o":{"x":[0.333],"y":[0]},"t":-90,"s":[870]},{"i":{"x":[0.667],"y":[1]},"o":{"x":[0.333],"y":[0]},"t":-60,"s":[540]},{"i":{"x":[0.005],"y":[1]},"o":{"x":[0.333],"y":[0]},"t":0,"s":[540]},{"i":{"x":[0.667],"y":[1]},"o":{"x":[0.333],"y":[0]},"t":30,"s":[210]},{"i":{"x":[0],"y":[1.125]},"o":{"x":[0.333],"y":[0]},"t":90,"s":[210]},{"t":120,"s":[-125],"h":1}],"ix":3},"y":{"a":1,"k":[{"i":{"x":[0.667],"y":[1]},"o":{"x":[0.333],"y":[0]},"t":-180,"s":[325]},{"i":{"x":[0.667],"y":[1]},"o":{"x":[0.333],"y":[0]},"t":-150,"s":[325]},{"i":{"x":[0.667],"y":[1]},"o":{"x":[0.333],"y":[0]},"t":-90,"s":[325]},{"i":{"x":[0.667],"y":[1]},"o":{"x":[0.333],"y":[0]},"t":-60,"s":[325]},{"i":{"x":[0.667],"y":[1]},"o":{"x":[0.333],"y":[0]},"t":0,"s":[325]},{"i":{"x":[0.667],"y":[1]},"o":{"x":[0.333],"y":[0]},"t":30,"s":[325]},{"i":{"x":[0.667],"y":[1]},"o":{"x":[0.333],"y":[0]},"t":90,"s":[325]},{"t":120,"s":[325],"h":1}],"ix":4}},"a":{"a":0,"k":[200,325,0],"ix":1},"s":{"a":1,"k":[{"i":{"x":[1,1,1],"y":[1,1,1]},"o":{"x":[0.333,0.333,0.333],"y":[0,0,0]},"t":-180,"s":[0,0,100]},{"t":-150,"s":[60,60,100],"h":1},{"i":{"x":[1,1,1],"y":[1,1,1]},"o":{"x":[0.167,0.167,0.167],"y":[0.167,0.167,0]},"t":-90,"s":[60,60,100]},{"t":-60,"s":[100,100,100],"h":1},{"i":{"x":[1,1,1],"y":[1,1,1]},"o":{"x":[0.167,0.167,0.167],"y":[0.167,0.167,0]},"t":0,"s":[100,100,100]},{"t":30,"s":[60,60,100],"h":1},{"i":{"x":[0.667,0.667,0.667],"y":[1,1,1]},"o":{"x":[0.167,0.167,0.167],"y":[0.167,0.167,0]},"t":90,"s":[60,60,100]},{"t":120,"s":[0,0,100],"h":1}],"ix":6}},"ao":0,"w":400,"h":650,"ip":-180,"op":120,"st":-180,"bm":0},{"ddd":0,"ind":11,"ty":0,"nm":"2","refId":"comp_6","sr":1,"ks":{"o":{"a":1,"k":[{"i":{"x":[1],"y":[1]},"o":{"x":[0.333],"y":[0]},"t":-90,"s":[0]},{"t":-60,"s":[75],"h":1},{"i":{"x":[1],"y":[1]},"o":{"x":[0.167],"y":[0.167]},"t":0,"s":[75]},{"t":30,"s":[100],"h":1},{"i":{"x":[1],"y":[1]},"o":{"x":[0.167],"y":[0.167]},"t":90,"s":[100]},{"t":120,"s":[75],"h":1},{"i":{"x":[0.667],"y":[1]},"o":{"x":[0.167],"y":[0.167]},"t":180,"s":[75]},{"t":210,"s":[0],"h":1}],"ix":11},"r":{"a":0,"k":0,"ix":10},"p":{"s":true,"x":{"a":1,"k":[{"i":{"x":[0],"y":[1]},"o":{"x":[0.333],"y":[0]},"t":-90,"s":[1209]},{"i":{"x":[0.667],"y":[1]},"o":{"x":[0.333],"y":[0]},"t":-60,"s":[870]},{"i":{"x":[0],"y":[1]},"o":{"x":[0.333],"y":[0]},"t":0,"s":[870]},{"i":{"x":[0.667],"y":[1]},"o":{"x":[0.333],"y":[0]},"t":30,"s":[540]},{"i":{"x":[0.005],"y":[1]},"o":{"x":[0.333],"y":[0]},"t":90,"s":[540]},{"i":{"x":[0.667],"y":[1]},"o":{"x":[0.333],"y":[0]},"t":120,"s":[210]},{"i":{"x":[0],"y":[1.125]},"o":{"x":[0.333],"y":[0]},"t":180,"s":[210]},{"t":210,"s":[-125],"h":1}],"ix":3},"y":{"a":1,"k":[{"i":{"x":[0.667],"y":[1]},"o":{"x":[0.333],"y":[0]},"t":-90,"s":[325]},{"i":{"x":[0.667],"y":[1]},"o":{"x":[0.333],"y":[0]},"t":-60,"s":[325]},{"i":{"x":[0.667],"y":[1]},"o":{"x":[0.333],"y":[0]},"t":0,"s":[325]},{"i":{"x":[0.667],"y":[1]},"o":{"x":[0.333],"y":[0]},"t":30,"s":[325]},{"i":{"x":[0.667],"y":[1]},"o":{"x":[0.333],"y":[0]},"t":90,"s":[325]},{"i":{"x":[0.667],"y":[1]},"o":{"x":[0.333],"y":[0]},"t":120,"s":[325]},{"i":{"x":[0.667],"y":[1]},"o":{"x":[0.333],"y":[0]},"t":180,"s":[325]},{"t":210,"s":[325],"h":1}],"ix":4}},"a":{"a":0,"k":[200,325,0],"ix":1},"s":{"a":1,"k":[{"i":{"x":[1,1,1],"y":[1,1,1]},"o":{"x":[0.333,0.333,0.333],"y":[0,0,0]},"t":-90,"s":[0,0,100]},{"t":-60,"s":[60,60,100],"h":1},{"i":{"x":[1,1,1],"y":[1,1,1]},"o":{"x":[0.167,0.167,0.167],"y":[0.167,0.167,0]},"t":0,"s":[60,60,100]},{"t":30,"s":[100,100,100],"h":1},{"i":{"x":[1,1,1],"y":[1,1,1]},"o":{"x":[0.167,0.167,0.167],"y":[0.167,0.167,0]},"t":90,"s":[100,100,100]},{"t":120,"s":[60,60,100],"h":1},{"i":{"x":[0.667,0.667,0.667],"y":[1,1,1]},"o":{"x":[0.167,0.167,0.167],"y":[0.167,0.167,0]},"t":180,"s":[60,60,100]},{"t":210,"s":[0,0,100],"h":1}],"ix":6}},"ao":0,"w":400,"h":650,"ip":-90,"op":210,"st":-90,"bm":0}]},{"id":"comp_1","layers":[{"ddd":0,"ind":1,"ty":2,"nm":"result(3).png","cl":"png","refId":"image_0","sr":1,"ks":{"o":{"a":0,"k":100,"ix":11},"r":{"a":0,"k":0,"ix":10},"p":{"a":0,"k":[200,325,0],"ix":2},"a":{"a":0,"k":[200,325,0],"ix":1},"s":{"a":0,"k":[100,100,100],"ix":6}},"ao":0,"ip":0,"op":300,"st":0,"bm":0}]},{"id":"comp_2","layers":[{"ddd":0,"ind":1,"ty":2,"nm":"result(4).png","cl":"png","refId":"image_1","sr":1,"ks":{"o":{"a":0,"k":100,"ix":11},"r":{"a":0,"k":0,"ix":10},"p":{"a":0,"k":[200,325,0],"ix":2},"a":{"a":0,"k":[200,325,0],"ix":1},"s":{"a":0,"k":[100,100,100],"ix":6}},"ao":0,"ip":0,"op":300,"st":0,"bm":0}]},{"id":"comp_3","layers":[{"ddd":0,"ind":1,"ty":2,"nm":"result(5).png","cl":"png","refId":"image_2","sr":1,"ks":{"o":{"a":0,"k":100,"ix":11},"r":{"a":0,"k":0,"ix":10},"p":{"a":0,"k":[540,325,0],"ix":2},"a":{"a":0,"k":[200,325,0],"ix":1},"s":{"a":0,"k":[100,100,100],"ix":6}},"ao":0,"ip":0,"op":300,"st":0,"bm":0}]},{"id":"comp_4","layers":[{"ddd":0,"ind":1,"ty":2,"nm":"result(36).png","cl":"png","refId":"image_5","sr":1,"ks":{"o":{"a":0,"k":100,"ix":11},"r":{"a":0,"k":0,"ix":10},"p":{"a":0,"k":[200,325,0],"ix":2},"a":{"a":0,"k":[200,325,0],"ix":1},"s":{"a":0,"k":[100,100,100],"ix":6}},"ao":0,"ip":0,"op":300,"st":0,"bm":0}]},{"id":"comp_5","layers":[{"ddd":0,"ind":1,"ty":2,"nm":"result(1).png","cl":"png","refId":"image_6","sr":1,"ks":{"o":{"a":0,"k":100,"ix":11},"r":{"a":0,"k":0,"ix":10},"p":{"a":0,"k":[200,325,0],"ix":2},"a":{"a":0,"k":[200,325,0],"ix":1},"s":{"a":0,"k":[100,100,100],"ix":6}},"ao":0,"ip":0,"op":300,"st":0,"bm":0}]},{"id":"comp_6","layers":[{"ddd":0,"ind":1,"ty":2,"nm":"result(2).png","cl":"png","refId":"image_7","sr":1,"ks":{"o":{"a":0,"k":100,"ix":11},"r":{"a":0,"k":0,"ix":10},"p":{"a":0,"k":[200,325,0],"ix":2},"a":{"a":0,"k":[200,325,0],"ix":1},"s":{"a":0,"k":[100,100,100],"ix":6}},"ao":0,"ip":0,"op":300,"st":0,"bm":0}]}],"layers":[{"ddd":0,"ind":1,"ty":0,"nm":"轮播","refId":"comp_0","sr":1,"ks":{"o":{"a":0,"k":100,"ix":11},"r":{"a":0,"k":0,"ix":10},"p":{"a":0,"k":[540,618,0],"ix":2},"a":{"a":0,"k":[540,325,0],"ix":1},"s":{"a":0,"k":[100,100,100],"ix":6}},"ao":0,"w":1080,"h":650,"ip":0,"op":3240,"st":0,"bm":0}],"markers":[]}