{"v":"5.7.0","fr":25,"ip":0,"op":179,"w":419,"h":745,"nm":"合成 1","ddd":0,"assets":[{"id":"image_0","w":400,"h":500,"u":"images/","p":"img_0.png","e":0},{"id":"image_1","w":400,"h":500,"u":"images/","p":"img_1.png","e":0},{"id":"image_2","w":400,"h":500,"u":"images/","p":"img_2.png","e":0},{"id":"image_3","w":400,"h":500,"u":"images/","p":"img_3.png","e":0},{"id":"image_4","w":400,"h":500,"u":"images/","p":"img_4.png","e":0},{"id":"image_5","w":400,"h":500,"u":"images/","p":"img_5.png","e":0},{"id":"image_6","w":400,"h":500,"u":"images/","p":"img_6.png","e":0},{"id":"image_7","w":400,"h":500,"u":"images/","p":"img_7.png","e":0},{"id":"image_8","w":400,"h":500,"u":"images/","p":"img_8.png","e":0},{"id":"image_9","w":400,"h":500,"u":"images/","p":"img_9.png","e":0},{"id":"image_10","w":400,"h":500,"u":"images/","p":"img_10.png","e":0},{"id":"image_11","w":400,"h":500,"u":"images/","p":"img_11.png","e":0},{"id":"image_12","w":400,"h":500,"u":"images/","p":"img_12.png","e":0},{"id":"image_13","w":400,"h":500,"u":"images/","p":"img_13.png","e":0},{"id":"image_14","w":400,"h":500,"u":"images/","p":"img_14.png","e":0},{"id":"image_15","w":400,"h":500,"u":"images/","p":"img_15.png","e":0},{"id":"image_16","w":400,"h":500,"u":"images/","p":"img_16.png","e":0},{"id":"image_17","w":400,"h":500,"u":"images/","p":"img_17.png","e":0},{"id":"image_18","w":400,"h":500,"u":"images/","p":"img_18.png","e":0},{"id":"image_19","w":400,"h":500,"u":"images/","p":"img_19.png","e":0},{"id":"image_20","w":400,"h":500,"u":"images/","p":"img_20.png","e":0},{"id":"image_21","w":400,"h":500,"u":"images/","p":"img_21.png","e":0},{"id":"image_22","w":400,"h":500,"u":"images/","p":"img_22.png","e":0},{"id":"image_23","w":400,"h":500,"u":"images/","p":"img_23.png","e":0},{"id":"image_24","w":400,"h":500,"u":"images/","p":"img_24.png","e":0},{"id":"image_25","w":400,"h":500,"u":"images/","p":"img_25.png","e":0},{"id":"image_26","w":400,"h":500,"u":"images/","p":"img_26.png","e":0},{"id":"image_27","w":400,"h":500,"u":"images/","p":"img_27.png","e":0},{"id":"image_28","w":400,"h":500,"u":"images/","p":"img_28.png","e":0},{"id":"image_29","w":400,"h":500,"u":"images/","p":"img_29.png","e":0},{"id":"image_30","w":400,"h":500,"u":"images/","p":"img_30.png","e":0},{"id":"image_31","w":400,"h":500,"u":"images/","p":"img_31.png","e":0},{"id":"image_32","w":400,"h":500,"u":"images/","p":"img_32.png","e":0},{"id":"image_33","w":400,"h":500,"u":"images/","p":"img_33.png","e":0},{"id":"image_34","w":400,"h":500,"u":"images/","p":"img_34.png","e":0},{"id":"image_35","w":400,"h":500,"u":"images/","p":"img_35.png","e":0},{"id":"image_36","w":400,"h":500,"u":"images/","p":"img_36.png","e":0},{"id":"image_37","w":400,"h":500,"u":"images/","p":"img_37.png","e":0},{"id":"image_38","w":400,"h":500,"u":"images/","p":"img_38.png","e":0},{"id":"image_39","w":400,"h":500,"u":"images/","p":"img_39.png","e":0},{"id":"image_40","w":400,"h":500,"u":"images/","p":"img_40.png","e":0},{"id":"image_41","w":400,"h":500,"u":"images/","p":"img_41.png","e":0},{"id":"image_42","w":400,"h":500,"u":"images/","p":"img_42.png","e":0},{"id":"image_43","w":400,"h":500,"u":"images/","p":"img_43.png","e":0},{"id":"image_44","w":400,"h":500,"u":"images/","p":"img_44.png","e":0},{"id":"image_45","w":400,"h":500,"u":"images/","p":"img_45.png","e":0},{"id":"image_46","w":400,"h":500,"u":"images/","p":"img_46.png","e":0},{"id":"image_47","w":400,"h":500,"u":"images/","p":"img_47.png","e":0},{"id":"image_48","w":400,"h":500,"u":"images/","p":"img_48.png","e":0},{"id":"image_49","w":400,"h":500,"u":"images/","p":"img_49.png","e":0},{"id":"image_50","w":400,"h":500,"u":"images/","p":"img_50.png","e":0},{"id":"image_51","w":400,"h":500,"u":"images/","p":"img_51.png","e":0},{"id":"image_52","w":400,"h":500,"u":"images/","p":"img_52.png","e":0},{"id":"image_53","w":400,"h":500,"u":"images/","p":"img_53.png","e":0},{"id":"image_54","w":400,"h":500,"u":"images/","p":"img_54.png","e":0},{"id":"image_55","w":400,"h":500,"u":"images/","p":"img_55.png","e":0},{"id":"image_56","w":400,"h":500,"u":"images/","p":"img_56.png","e":0},{"id":"image_57","w":400,"h":500,"u":"images/","p":"img_57.png","e":0},{"id":"image_58","w":400,"h":500,"u":"images/","p":"img_58.png","e":0},{"id":"image_59","w":400,"h":500,"u":"images/","p":"img_59.png","e":0},{"id":"image_60","w":400,"h":500,"u":"images/","p":"img_60.png","e":0},{"id":"image_61","w":400,"h":500,"u":"images/","p":"img_61.png","e":0},{"id":"image_62","w":400,"h":500,"u":"images/","p":"img_62.png","e":0},{"id":"image_63","w":400,"h":500,"u":"images/","p":"img_63.png","e":0},{"id":"image_64","w":400,"h":500,"u":"images/","p":"img_64.png","e":0},{"id":"image_65","w":400,"h":500,"u":"images/","p":"img_65.png","e":0},{"id":"image_66","w":400,"h":500,"u":"images/","p":"img_66.png","e":0},{"id":"image_67","w":400,"h":500,"u":"images/","p":"img_67.png","e":0},{"id":"image_68","w":400,"h":500,"u":"images/","p":"img_68.png","e":0},{"id":"image_69","w":400,"h":500,"u":"images/","p":"img_69.png","e":0},{"id":"image_70","w":400,"h":500,"u":"images/","p":"img_70.png","e":0},{"id":"image_71","w":400,"h":500,"u":"images/","p":"img_71.png","e":0},{"id":"image_72","w":400,"h":500,"u":"images/","p":"img_72.png","e":0},{"id":"image_73","w":400,"h":500,"u":"images/","p":"img_73.png","e":0},{"id":"image_74","w":400,"h":500,"u":"images/","p":"img_74.png","e":0},{"id":"image_75","w":400,"h":500,"u":"images/","p":"img_75.png","e":0},{"id":"image_76","w":400,"h":500,"u":"images/","p":"img_76.png","e":0},{"id":"image_77","w":400,"h":500,"u":"images/","p":"img_77.png","e":0},{"id":"image_78","w":400,"h":500,"u":"images/","p":"img_78.png","e":0},{"id":"image_79","w":400,"h":500,"u":"images/","p":"img_79.png","e":0},{"id":"image_80","w":400,"h":500,"u":"images/","p":"img_80.png","e":0},{"id":"image_81","w":400,"h":500,"u":"images/","p":"img_81.png","e":0},{"id":"image_82","w":400,"h":500,"u":"images/","p":"img_82.png","e":0},{"id":"image_83","w":400,"h":500,"u":"images/","p":"img_83.png","e":0},{"id":"image_84","w":400,"h":500,"u":"images/","p":"img_84.png","e":0},{"id":"image_85","w":400,"h":500,"u":"images/","p":"img_85.png","e":0},{"id":"image_86","w":400,"h":500,"u":"images/","p":"img_86.png","e":0},{"id":"image_87","w":400,"h":500,"u":"images/","p":"img_87.png","e":0},{"id":"image_88","w":400,"h":500,"u":"images/","p":"img_88.png","e":0},{"id":"image_89","w":400,"h":500,"u":"images/","p":"img_89.png","e":0},{"id":"image_90","w":400,"h":500,"u":"images/","p":"img_90.png","e":0},{"id":"image_91","w":400,"h":500,"u":"images/","p":"img_91.png","e":0},{"id":"image_92","w":400,"h":500,"u":"images/","p":"img_92.png","e":0},{"id":"image_93","w":400,"h":500,"u":"images/","p":"img_93.png","e":0},{"id":"image_94","w":400,"h":500,"u":"images/","p":"img_94.png","e":0},{"id":"image_95","w":400,"h":500,"u":"images/","p":"img_95.png","e":0},{"id":"image_96","w":400,"h":500,"u":"images/","p":"img_96.png","e":0},{"id":"image_97","w":400,"h":500,"u":"images/","p":"img_97.png","e":0},{"id":"image_98","w":400,"h":500,"u":"images/","p":"img_98.png","e":0},{"id":"image_99","w":400,"h":500,"u":"images/","p":"img_99.png","e":0},{"id":"image_100","w":400,"h":500,"u":"images/","p":"img_100.png","e":0},{"id":"image_101","w":400,"h":500,"u":"images/","p":"img_101.png","e":0},{"id":"image_102","w":400,"h":500,"u":"images/","p":"img_102.png","e":0},{"id":"image_103","w":400,"h":500,"u":"images/","p":"img_103.png","e":0},{"id":"image_104","w":400,"h":500,"u":"images/","p":"img_104.png","e":0},{"id":"image_105","w":400,"h":500,"u":"images/","p":"img_105.png","e":0},{"id":"image_106","w":400,"h":500,"u":"images/","p":"img_106.png","e":0},{"id":"image_107","w":400,"h":500,"u":"images/","p":"img_107.png","e":0},{"id":"comp_0","layers":[{"ddd":0,"ind":1,"ty":2,"nm":"a125a_00000.png","cl":"png","refId":"image_0","sr":1,"ks":{"o":{"a":0,"k":100,"ix":11},"r":{"a":0,"k":0,"ix":10},"p":{"a":0,"k":[200,250,0],"ix":2},"a":{"a":0,"k":[200,250,0],"ix":1},"s":{"a":0,"k":[100,100,100],"ix":6}},"ao":0,"ip":0,"op":1.66666666666667,"st":0,"bm":0},{"ddd":0,"ind":2,"ty":2,"nm":"a125a_00002.png","cl":"png","refId":"image_1","sr":1,"ks":{"o":{"a":0,"k":100,"ix":11},"r":{"a":0,"k":0,"ix":10},"p":{"a":0,"k":[200,250,0],"ix":2},"a":{"a":0,"k":[200,250,0],"ix":1},"s":{"a":0,"k":[100,100,100],"ix":6}},"ao":0,"ip":1.66666666666667,"op":3.33333333333333,"st":1.66666666666667,"bm":0},{"ddd":0,"ind":3,"ty":2,"nm":"a125a_00004.png","cl":"png","refId":"image_2","sr":1,"ks":{"o":{"a":0,"k":100,"ix":11},"r":{"a":0,"k":0,"ix":10},"p":{"a":0,"k":[200,250,0],"ix":2},"a":{"a":0,"k":[200,250,0],"ix":1},"s":{"a":0,"k":[100,100,100],"ix":6}},"ao":0,"ip":3.33333333333333,"op":5,"st":3.33333333333333,"bm":0},{"ddd":0,"ind":4,"ty":2,"nm":"a125a_00006.png","cl":"png","refId":"image_3","sr":1,"ks":{"o":{"a":0,"k":100,"ix":11},"r":{"a":0,"k":0,"ix":10},"p":{"a":0,"k":[200,250,0],"ix":2},"a":{"a":0,"k":[200,250,0],"ix":1},"s":{"a":0,"k":[100,100,100],"ix":6}},"ao":0,"ip":5,"op":6.66666666666667,"st":5,"bm":0},{"ddd":0,"ind":5,"ty":2,"nm":"a125a_00008.png","cl":"png","refId":"image_4","sr":1,"ks":{"o":{"a":0,"k":100,"ix":11},"r":{"a":0,"k":0,"ix":10},"p":{"a":0,"k":[200,250,0],"ix":2},"a":{"a":0,"k":[200,250,0],"ix":1},"s":{"a":0,"k":[100,100,100],"ix":6}},"ao":0,"ip":6.66666666666667,"op":8.33333333333333,"st":6.66666666666667,"bm":0},{"ddd":0,"ind":6,"ty":2,"nm":"a125a_00010.png","cl":"png","refId":"image_5","sr":1,"ks":{"o":{"a":0,"k":100,"ix":11},"r":{"a":0,"k":0,"ix":10},"p":{"a":0,"k":[200,250,0],"ix":2},"a":{"a":0,"k":[200,250,0],"ix":1},"s":{"a":0,"k":[100,100,100],"ix":6}},"ao":0,"ip":8.33333333333333,"op":10,"st":8.33333333333333,"bm":0},{"ddd":0,"ind":7,"ty":2,"nm":"a125a_00012.png","cl":"png","refId":"image_6","sr":1,"ks":{"o":{"a":0,"k":100,"ix":11},"r":{"a":0,"k":0,"ix":10},"p":{"a":0,"k":[200,250,0],"ix":2},"a":{"a":0,"k":[200,250,0],"ix":1},"s":{"a":0,"k":[100,100,100],"ix":6}},"ao":0,"ip":10,"op":11.6666666666667,"st":10,"bm":0},{"ddd":0,"ind":8,"ty":2,"nm":"a125a_00014.png","cl":"png","refId":"image_7","sr":1,"ks":{"o":{"a":0,"k":100,"ix":11},"r":{"a":0,"k":0,"ix":10},"p":{"a":0,"k":[200,250,0],"ix":2},"a":{"a":0,"k":[200,250,0],"ix":1},"s":{"a":0,"k":[100,100,100],"ix":6}},"ao":0,"ip":11.6666666666667,"op":13.3333333333333,"st":11.6666666666667,"bm":0},{"ddd":0,"ind":9,"ty":2,"nm":"a125a_00016.png","cl":"png","refId":"image_8","sr":1,"ks":{"o":{"a":0,"k":100,"ix":11},"r":{"a":0,"k":0,"ix":10},"p":{"a":0,"k":[200,250,0],"ix":2},"a":{"a":0,"k":[200,250,0],"ix":1},"s":{"a":0,"k":[100,100,100],"ix":6}},"ao":0,"ip":13.3333333333333,"op":15,"st":13.3333333333333,"bm":0},{"ddd":0,"ind":10,"ty":2,"nm":"a125a_00018.png","cl":"png","refId":"image_9","sr":1,"ks":{"o":{"a":0,"k":100,"ix":11},"r":{"a":0,"k":0,"ix":10},"p":{"a":0,"k":[200,250,0],"ix":2},"a":{"a":0,"k":[200,250,0],"ix":1},"s":{"a":0,"k":[100,100,100],"ix":6}},"ao":0,"ip":15,"op":16.6666666666667,"st":15,"bm":0},{"ddd":0,"ind":11,"ty":2,"nm":"a125a_00020.png","cl":"png","refId":"image_10","sr":1,"ks":{"o":{"a":0,"k":100,"ix":11},"r":{"a":0,"k":0,"ix":10},"p":{"a":0,"k":[200,250,0],"ix":2},"a":{"a":0,"k":[200,250,0],"ix":1},"s":{"a":0,"k":[100,100,100],"ix":6}},"ao":0,"ip":16.6666666666667,"op":18.3333333333333,"st":16.6666666666667,"bm":0},{"ddd":0,"ind":12,"ty":2,"nm":"a125a_00022.png","cl":"png","refId":"image_11","sr":1,"ks":{"o":{"a":0,"k":100,"ix":11},"r":{"a":0,"k":0,"ix":10},"p":{"a":0,"k":[200,250,0],"ix":2},"a":{"a":0,"k":[200,250,0],"ix":1},"s":{"a":0,"k":[100,100,100],"ix":6}},"ao":0,"ip":18.3333333333333,"op":20,"st":18.3333333333333,"bm":0},{"ddd":0,"ind":13,"ty":2,"nm":"a125a_00024.png","cl":"png","refId":"image_12","sr":1,"ks":{"o":{"a":0,"k":100,"ix":11},"r":{"a":0,"k":0,"ix":10},"p":{"a":0,"k":[200,250,0],"ix":2},"a":{"a":0,"k":[200,250,0],"ix":1},"s":{"a":0,"k":[100,100,100],"ix":6}},"ao":0,"ip":20,"op":21.6666666666667,"st":20,"bm":0},{"ddd":0,"ind":14,"ty":2,"nm":"a125a_00026.png","cl":"png","refId":"image_13","sr":1,"ks":{"o":{"a":0,"k":100,"ix":11},"r":{"a":0,"k":0,"ix":10},"p":{"a":0,"k":[200,250,0],"ix":2},"a":{"a":0,"k":[200,250,0],"ix":1},"s":{"a":0,"k":[100,100,100],"ix":6}},"ao":0,"ip":21.6666666666667,"op":23.3333333333333,"st":21.6666666666667,"bm":0},{"ddd":0,"ind":15,"ty":2,"nm":"a125a_00028.png","cl":"png","refId":"image_14","sr":1,"ks":{"o":{"a":0,"k":100,"ix":11},"r":{"a":0,"k":0,"ix":10},"p":{"a":0,"k":[200,250,0],"ix":2},"a":{"a":0,"k":[200,250,0],"ix":1},"s":{"a":0,"k":[100,100,100],"ix":6}},"ao":0,"ip":23.3333333333333,"op":25,"st":23.3333333333333,"bm":0},{"ddd":0,"ind":16,"ty":2,"nm":"a125a_00030.png","cl":"png","refId":"image_15","sr":1,"ks":{"o":{"a":0,"k":100,"ix":11},"r":{"a":0,"k":0,"ix":10},"p":{"a":0,"k":[200,250,0],"ix":2},"a":{"a":0,"k":[200,250,0],"ix":1},"s":{"a":0,"k":[100,100,100],"ix":6}},"ao":0,"ip":25,"op":26.6666666666667,"st":25,"bm":0},{"ddd":0,"ind":17,"ty":2,"nm":"a125a_00032.png","cl":"png","refId":"image_16","sr":1,"ks":{"o":{"a":0,"k":100,"ix":11},"r":{"a":0,"k":0,"ix":10},"p":{"a":0,"k":[200,250,0],"ix":2},"a":{"a":0,"k":[200,250,0],"ix":1},"s":{"a":0,"k":[100,100,100],"ix":6}},"ao":0,"ip":26.6666666666667,"op":28.3333333333333,"st":26.6666666666667,"bm":0},{"ddd":0,"ind":18,"ty":2,"nm":"a125a_00034.png","cl":"png","refId":"image_17","sr":1,"ks":{"o":{"a":0,"k":100,"ix":11},"r":{"a":0,"k":0,"ix":10},"p":{"a":0,"k":[200,250,0],"ix":2},"a":{"a":0,"k":[200,250,0],"ix":1},"s":{"a":0,"k":[100,100,100],"ix":6}},"ao":0,"ip":28.3333333333333,"op":30,"st":28.3333333333333,"bm":0},{"ddd":0,"ind":19,"ty":2,"nm":"a125a_00036.png","cl":"png","refId":"image_18","sr":1,"ks":{"o":{"a":0,"k":100,"ix":11},"r":{"a":0,"k":0,"ix":10},"p":{"a":0,"k":[200,250,0],"ix":2},"a":{"a":0,"k":[200,250,0],"ix":1},"s":{"a":0,"k":[100,100,100],"ix":6}},"ao":0,"ip":30,"op":31.6666666666667,"st":30,"bm":0},{"ddd":0,"ind":20,"ty":2,"nm":"a125a_00038.png","cl":"png","refId":"image_19","sr":1,"ks":{"o":{"a":0,"k":100,"ix":11},"r":{"a":0,"k":0,"ix":10},"p":{"a":0,"k":[200,250,0],"ix":2},"a":{"a":0,"k":[200,250,0],"ix":1},"s":{"a":0,"k":[100,100,100],"ix":6}},"ao":0,"ip":31.6666666666667,"op":33.3333333333333,"st":31.6666666666667,"bm":0},{"ddd":0,"ind":21,"ty":2,"nm":"a125a_00040.png","cl":"png","refId":"image_20","sr":1,"ks":{"o":{"a":0,"k":100,"ix":11},"r":{"a":0,"k":0,"ix":10},"p":{"a":0,"k":[200,250,0],"ix":2},"a":{"a":0,"k":[200,250,0],"ix":1},"s":{"a":0,"k":[100,100,100],"ix":6}},"ao":0,"ip":33.3333333333333,"op":35,"st":33.3333333333333,"bm":0},{"ddd":0,"ind":22,"ty":2,"nm":"a125a_00042.png","cl":"png","refId":"image_21","sr":1,"ks":{"o":{"a":0,"k":100,"ix":11},"r":{"a":0,"k":0,"ix":10},"p":{"a":0,"k":[200,250,0],"ix":2},"a":{"a":0,"k":[200,250,0],"ix":1},"s":{"a":0,"k":[100,100,100],"ix":6}},"ao":0,"ip":35,"op":36.6666666666667,"st":35,"bm":0},{"ddd":0,"ind":23,"ty":2,"nm":"a125a_00044.png","cl":"png","refId":"image_22","sr":1,"ks":{"o":{"a":0,"k":100,"ix":11},"r":{"a":0,"k":0,"ix":10},"p":{"a":0,"k":[200,250,0],"ix":2},"a":{"a":0,"k":[200,250,0],"ix":1},"s":{"a":0,"k":[100,100,100],"ix":6}},"ao":0,"ip":36.6666666666667,"op":38.3333333333333,"st":36.6666666666667,"bm":0},{"ddd":0,"ind":24,"ty":2,"nm":"a125a_00046.png","cl":"png","refId":"image_23","sr":1,"ks":{"o":{"a":0,"k":100,"ix":11},"r":{"a":0,"k":0,"ix":10},"p":{"a":0,"k":[200,250,0],"ix":2},"a":{"a":0,"k":[200,250,0],"ix":1},"s":{"a":0,"k":[100,100,100],"ix":6}},"ao":0,"ip":38.3333333333333,"op":40,"st":38.3333333333333,"bm":0},{"ddd":0,"ind":25,"ty":2,"nm":"a125a_00048.png","cl":"png","refId":"image_24","sr":1,"ks":{"o":{"a":0,"k":100,"ix":11},"r":{"a":0,"k":0,"ix":10},"p":{"a":0,"k":[200,250,0],"ix":2},"a":{"a":0,"k":[200,250,0],"ix":1},"s":{"a":0,"k":[100,100,100],"ix":6}},"ao":0,"ip":40,"op":41.6666666666667,"st":40,"bm":0},{"ddd":0,"ind":26,"ty":2,"nm":"a125a_00050.png","cl":"png","refId":"image_25","sr":1,"ks":{"o":{"a":0,"k":100,"ix":11},"r":{"a":0,"k":0,"ix":10},"p":{"a":0,"k":[200,250,0],"ix":2},"a":{"a":0,"k":[200,250,0],"ix":1},"s":{"a":0,"k":[100,100,100],"ix":6}},"ao":0,"ip":41.6666666666667,"op":43.3333333333333,"st":41.6666666666667,"bm":0},{"ddd":0,"ind":27,"ty":2,"nm":"a125a_00052.png","cl":"png","refId":"image_26","sr":1,"ks":{"o":{"a":0,"k":100,"ix":11},"r":{"a":0,"k":0,"ix":10},"p":{"a":0,"k":[200,250,0],"ix":2},"a":{"a":0,"k":[200,250,0],"ix":1},"s":{"a":0,"k":[100,100,100],"ix":6}},"ao":0,"ip":43.3333333333333,"op":45,"st":43.3333333333333,"bm":0},{"ddd":0,"ind":28,"ty":2,"nm":"a125a_00054.png","cl":"png","refId":"image_27","sr":1,"ks":{"o":{"a":0,"k":100,"ix":11},"r":{"a":0,"k":0,"ix":10},"p":{"a":0,"k":[200,250,0],"ix":2},"a":{"a":0,"k":[200,250,0],"ix":1},"s":{"a":0,"k":[100,100,100],"ix":6}},"ao":0,"ip":45,"op":46.6666666666667,"st":45,"bm":0},{"ddd":0,"ind":29,"ty":2,"nm":"a125a_00056.png","cl":"png","refId":"image_28","sr":1,"ks":{"o":{"a":0,"k":100,"ix":11},"r":{"a":0,"k":0,"ix":10},"p":{"a":0,"k":[200,250,0],"ix":2},"a":{"a":0,"k":[200,250,0],"ix":1},"s":{"a":0,"k":[100,100,100],"ix":6}},"ao":0,"ip":46.6666666666667,"op":48.3333333333333,"st":46.6666666666667,"bm":0},{"ddd":0,"ind":30,"ty":2,"nm":"a125a_00058.png","cl":"png","refId":"image_29","sr":1,"ks":{"o":{"a":0,"k":100,"ix":11},"r":{"a":0,"k":0,"ix":10},"p":{"a":0,"k":[200,250,0],"ix":2},"a":{"a":0,"k":[200,250,0],"ix":1},"s":{"a":0,"k":[100,100,100],"ix":6}},"ao":0,"ip":48.3333333333333,"op":50,"st":48.3333333333333,"bm":0},{"ddd":0,"ind":31,"ty":2,"nm":"a125a_00060.png","cl":"png","refId":"image_30","sr":1,"ks":{"o":{"a":0,"k":100,"ix":11},"r":{"a":0,"k":0,"ix":10},"p":{"a":0,"k":[200,250,0],"ix":2},"a":{"a":0,"k":[200,250,0],"ix":1},"s":{"a":0,"k":[100,100,100],"ix":6}},"ao":0,"ip":50,"op":51.6666666666667,"st":50,"bm":0},{"ddd":0,"ind":32,"ty":2,"nm":"a125a_00062.png","cl":"png","refId":"image_31","sr":1,"ks":{"o":{"a":0,"k":100,"ix":11},"r":{"a":0,"k":0,"ix":10},"p":{"a":0,"k":[200,250,0],"ix":2},"a":{"a":0,"k":[200,250,0],"ix":1},"s":{"a":0,"k":[100,100,100],"ix":6}},"ao":0,"ip":51.6666666666667,"op":53.3333333333333,"st":51.6666666666667,"bm":0},{"ddd":0,"ind":33,"ty":2,"nm":"a125a_00064.png","cl":"png","refId":"image_32","sr":1,"ks":{"o":{"a":0,"k":100,"ix":11},"r":{"a":0,"k":0,"ix":10},"p":{"a":0,"k":[200,250,0],"ix":2},"a":{"a":0,"k":[200,250,0],"ix":1},"s":{"a":0,"k":[100,100,100],"ix":6}},"ao":0,"ip":53.3333333333333,"op":55,"st":53.3333333333333,"bm":0},{"ddd":0,"ind":34,"ty":2,"nm":"a125a_00066.png","cl":"png","refId":"image_33","sr":1,"ks":{"o":{"a":0,"k":100,"ix":11},"r":{"a":0,"k":0,"ix":10},"p":{"a":0,"k":[200,250,0],"ix":2},"a":{"a":0,"k":[200,250,0],"ix":1},"s":{"a":0,"k":[100,100,100],"ix":6}},"ao":0,"ip":55,"op":56.6666666666667,"st":55,"bm":0},{"ddd":0,"ind":35,"ty":2,"nm":"a125a_00068.png","cl":"png","refId":"image_34","sr":1,"ks":{"o":{"a":0,"k":100,"ix":11},"r":{"a":0,"k":0,"ix":10},"p":{"a":0,"k":[200,250,0],"ix":2},"a":{"a":0,"k":[200,250,0],"ix":1},"s":{"a":0,"k":[100,100,100],"ix":6}},"ao":0,"ip":56.6666666666667,"op":58.3333333333333,"st":56.6666666666667,"bm":0},{"ddd":0,"ind":36,"ty":2,"nm":"a125a_00070.png","cl":"png","refId":"image_35","sr":1,"ks":{"o":{"a":0,"k":100,"ix":11},"r":{"a":0,"k":0,"ix":10},"p":{"a":0,"k":[200,250,0],"ix":2},"a":{"a":0,"k":[200,250,0],"ix":1},"s":{"a":0,"k":[100,100,100],"ix":6}},"ao":0,"ip":58.3333333333333,"op":60,"st":58.3333333333333,"bm":0},{"ddd":0,"ind":37,"ty":2,"nm":"a125a_00072.png","cl":"png","refId":"image_36","sr":1,"ks":{"o":{"a":0,"k":100,"ix":11},"r":{"a":0,"k":0,"ix":10},"p":{"a":0,"k":[200,250,0],"ix":2},"a":{"a":0,"k":[200,250,0],"ix":1},"s":{"a":0,"k":[100,100,100],"ix":6}},"ao":0,"ip":60,"op":61.6666666666667,"st":60,"bm":0},{"ddd":0,"ind":38,"ty":2,"nm":"a125a_00074.png","cl":"png","refId":"image_37","sr":1,"ks":{"o":{"a":0,"k":100,"ix":11},"r":{"a":0,"k":0,"ix":10},"p":{"a":0,"k":[200,250,0],"ix":2},"a":{"a":0,"k":[200,250,0],"ix":1},"s":{"a":0,"k":[100,100,100],"ix":6}},"ao":0,"ip":61.6666666666667,"op":63.3333333333333,"st":61.6666666666667,"bm":0},{"ddd":0,"ind":39,"ty":2,"nm":"a125a_00076.png","cl":"png","refId":"image_38","sr":1,"ks":{"o":{"a":0,"k":100,"ix":11},"r":{"a":0,"k":0,"ix":10},"p":{"a":0,"k":[200,250,0],"ix":2},"a":{"a":0,"k":[200,250,0],"ix":1},"s":{"a":0,"k":[100,100,100],"ix":6}},"ao":0,"ip":63.3333333333333,"op":65,"st":63.3333333333333,"bm":0},{"ddd":0,"ind":40,"ty":2,"nm":"a125a_00078.png","cl":"png","refId":"image_39","sr":1,"ks":{"o":{"a":0,"k":100,"ix":11},"r":{"a":0,"k":0,"ix":10},"p":{"a":0,"k":[200,250,0],"ix":2},"a":{"a":0,"k":[200,250,0],"ix":1},"s":{"a":0,"k":[100,100,100],"ix":6}},"ao":0,"ip":65,"op":66.6666666666667,"st":65,"bm":0},{"ddd":0,"ind":41,"ty":2,"nm":"a125a_00080.png","cl":"png","refId":"image_40","sr":1,"ks":{"o":{"a":0,"k":100,"ix":11},"r":{"a":0,"k":0,"ix":10},"p":{"a":0,"k":[200,250,0],"ix":2},"a":{"a":0,"k":[200,250,0],"ix":1},"s":{"a":0,"k":[100,100,100],"ix":6}},"ao":0,"ip":66.6666666666667,"op":68.3333333333333,"st":66.6666666666667,"bm":0},{"ddd":0,"ind":42,"ty":2,"nm":"a125a_00082.png","cl":"png","refId":"image_41","sr":1,"ks":{"o":{"a":0,"k":100,"ix":11},"r":{"a":0,"k":0,"ix":10},"p":{"a":0,"k":[200,250,0],"ix":2},"a":{"a":0,"k":[200,250,0],"ix":1},"s":{"a":0,"k":[100,100,100],"ix":6}},"ao":0,"ip":68.3333333333333,"op":70,"st":68.3333333333333,"bm":0},{"ddd":0,"ind":43,"ty":2,"nm":"a125a_00084.png","cl":"png","refId":"image_42","sr":1,"ks":{"o":{"a":0,"k":100,"ix":11},"r":{"a":0,"k":0,"ix":10},"p":{"a":0,"k":[200,250,0],"ix":2},"a":{"a":0,"k":[200,250,0],"ix":1},"s":{"a":0,"k":[100,100,100],"ix":6}},"ao":0,"ip":70,"op":71.6666666666667,"st":70,"bm":0},{"ddd":0,"ind":44,"ty":2,"nm":"a125a_00086.png","cl":"png","refId":"image_43","sr":1,"ks":{"o":{"a":0,"k":100,"ix":11},"r":{"a":0,"k":0,"ix":10},"p":{"a":0,"k":[200,250,0],"ix":2},"a":{"a":0,"k":[200,250,0],"ix":1},"s":{"a":0,"k":[100,100,100],"ix":6}},"ao":0,"ip":71.6666666666667,"op":73.3333333333333,"st":71.6666666666667,"bm":0},{"ddd":0,"ind":45,"ty":2,"nm":"a125a_00088.png","cl":"png","refId":"image_44","sr":1,"ks":{"o":{"a":0,"k":100,"ix":11},"r":{"a":0,"k":0,"ix":10},"p":{"a":0,"k":[200,250,0],"ix":2},"a":{"a":0,"k":[200,250,0],"ix":1},"s":{"a":0,"k":[100,100,100],"ix":6}},"ao":0,"ip":73.3333333333333,"op":75,"st":73.3333333333333,"bm":0},{"ddd":0,"ind":46,"ty":2,"nm":"a125a_00090.png","cl":"png","refId":"image_45","sr":1,"ks":{"o":{"a":0,"k":100,"ix":11},"r":{"a":0,"k":0,"ix":10},"p":{"a":0,"k":[200,250,0],"ix":2},"a":{"a":0,"k":[200,250,0],"ix":1},"s":{"a":0,"k":[100,100,100],"ix":6}},"ao":0,"ip":75,"op":76.6666666666667,"st":75,"bm":0},{"ddd":0,"ind":47,"ty":2,"nm":"a125a_00092.png","cl":"png","refId":"image_46","sr":1,"ks":{"o":{"a":0,"k":100,"ix":11},"r":{"a":0,"k":0,"ix":10},"p":{"a":0,"k":[200,250,0],"ix":2},"a":{"a":0,"k":[200,250,0],"ix":1},"s":{"a":0,"k":[100,100,100],"ix":6}},"ao":0,"ip":76.6666666666667,"op":78.3333333333333,"st":76.6666666666667,"bm":0},{"ddd":0,"ind":48,"ty":2,"nm":"a125a_00094.png","cl":"png","refId":"image_47","sr":1,"ks":{"o":{"a":0,"k":100,"ix":11},"r":{"a":0,"k":0,"ix":10},"p":{"a":0,"k":[200,250,0],"ix":2},"a":{"a":0,"k":[200,250,0],"ix":1},"s":{"a":0,"k":[100,100,100],"ix":6}},"ao":0,"ip":78.3333333333333,"op":80,"st":78.3333333333333,"bm":0},{"ddd":0,"ind":49,"ty":2,"nm":"a125a_00096.png","cl":"png","refId":"image_48","sr":1,"ks":{"o":{"a":0,"k":100,"ix":11},"r":{"a":0,"k":0,"ix":10},"p":{"a":0,"k":[200,250,0],"ix":2},"a":{"a":0,"k":[200,250,0],"ix":1},"s":{"a":0,"k":[100,100,100],"ix":6}},"ao":0,"ip":80,"op":81.6666666666667,"st":80,"bm":0},{"ddd":0,"ind":50,"ty":2,"nm":"a125a_00098.png","cl":"png","refId":"image_49","sr":1,"ks":{"o":{"a":0,"k":100,"ix":11},"r":{"a":0,"k":0,"ix":10},"p":{"a":0,"k":[200,250,0],"ix":2},"a":{"a":0,"k":[200,250,0],"ix":1},"s":{"a":0,"k":[100,100,100],"ix":6}},"ao":0,"ip":81.6666666666667,"op":83.3333333333333,"st":81.6666666666667,"bm":0},{"ddd":0,"ind":51,"ty":2,"nm":"a125a_00100.png","cl":"png","refId":"image_50","sr":1,"ks":{"o":{"a":0,"k":100,"ix":11},"r":{"a":0,"k":0,"ix":10},"p":{"a":0,"k":[200,250,0],"ix":2},"a":{"a":0,"k":[200,250,0],"ix":1},"s":{"a":0,"k":[100,100,100],"ix":6}},"ao":0,"ip":83.3333333333333,"op":85,"st":83.3333333333333,"bm":0},{"ddd":0,"ind":52,"ty":2,"nm":"a125a_00102.png","cl":"png","refId":"image_51","sr":1,"ks":{"o":{"a":0,"k":100,"ix":11},"r":{"a":0,"k":0,"ix":10},"p":{"a":0,"k":[200,250,0],"ix":2},"a":{"a":0,"k":[200,250,0],"ix":1},"s":{"a":0,"k":[100,100,100],"ix":6}},"ao":0,"ip":85,"op":86.6666666666667,"st":85,"bm":0},{"ddd":0,"ind":53,"ty":2,"nm":"a125a_00104.png","cl":"png","refId":"image_52","sr":1,"ks":{"o":{"a":0,"k":100,"ix":11},"r":{"a":0,"k":0,"ix":10},"p":{"a":0,"k":[200,250,0],"ix":2},"a":{"a":0,"k":[200,250,0],"ix":1},"s":{"a":0,"k":[100,100,100],"ix":6}},"ao":0,"ip":86.6666666666667,"op":88.3333333333333,"st":86.6666666666667,"bm":0},{"ddd":0,"ind":54,"ty":2,"nm":"a125a_00106.png","cl":"png","refId":"image_53","sr":1,"ks":{"o":{"a":0,"k":100,"ix":11},"r":{"a":0,"k":0,"ix":10},"p":{"a":0,"k":[200,250,0],"ix":2},"a":{"a":0,"k":[200,250,0],"ix":1},"s":{"a":0,"k":[100,100,100],"ix":6}},"ao":0,"ip":88.3333333333333,"op":90,"st":88.3333333333333,"bm":0},{"ddd":0,"ind":55,"ty":2,"nm":"a125a_00108.png","cl":"png","refId":"image_54","sr":1,"ks":{"o":{"a":0,"k":100,"ix":11},"r":{"a":0,"k":0,"ix":10},"p":{"a":0,"k":[200,250,0],"ix":2},"a":{"a":0,"k":[200,250,0],"ix":1},"s":{"a":0,"k":[100,100,100],"ix":6}},"ao":0,"ip":90,"op":91.6666666666667,"st":90,"bm":0},{"ddd":0,"ind":56,"ty":2,"nm":"a125a_00110.png","cl":"png","refId":"image_55","sr":1,"ks":{"o":{"a":0,"k":100,"ix":11},"r":{"a":0,"k":0,"ix":10},"p":{"a":0,"k":[200,250,0],"ix":2},"a":{"a":0,"k":[200,250,0],"ix":1},"s":{"a":0,"k":[100,100,100],"ix":6}},"ao":0,"ip":91.6666666666667,"op":93.3333333333333,"st":91.6666666666667,"bm":0},{"ddd":0,"ind":57,"ty":2,"nm":"a125a_00112.png","cl":"png","refId":"image_56","sr":1,"ks":{"o":{"a":0,"k":100,"ix":11},"r":{"a":0,"k":0,"ix":10},"p":{"a":0,"k":[200,250,0],"ix":2},"a":{"a":0,"k":[200,250,0],"ix":1},"s":{"a":0,"k":[100,100,100],"ix":6}},"ao":0,"ip":93.3333333333333,"op":95,"st":93.3333333333333,"bm":0},{"ddd":0,"ind":58,"ty":2,"nm":"a125a_00114.png","cl":"png","refId":"image_57","sr":1,"ks":{"o":{"a":0,"k":100,"ix":11},"r":{"a":0,"k":0,"ix":10},"p":{"a":0,"k":[200,250,0],"ix":2},"a":{"a":0,"k":[200,250,0],"ix":1},"s":{"a":0,"k":[100,100,100],"ix":6}},"ao":0,"ip":95,"op":96.6666666666667,"st":95,"bm":0},{"ddd":0,"ind":59,"ty":2,"nm":"a125a_00116.png","cl":"png","refId":"image_58","sr":1,"ks":{"o":{"a":0,"k":100,"ix":11},"r":{"a":0,"k":0,"ix":10},"p":{"a":0,"k":[200,250,0],"ix":2},"a":{"a":0,"k":[200,250,0],"ix":1},"s":{"a":0,"k":[100,100,100],"ix":6}},"ao":0,"ip":96.6666666666667,"op":98.3333333333333,"st":96.6666666666667,"bm":0},{"ddd":0,"ind":60,"ty":2,"nm":"a125a_00118.png","cl":"png","refId":"image_59","sr":1,"ks":{"o":{"a":0,"k":100,"ix":11},"r":{"a":0,"k":0,"ix":10},"p":{"a":0,"k":[200,250,0],"ix":2},"a":{"a":0,"k":[200,250,0],"ix":1},"s":{"a":0,"k":[100,100,100],"ix":6}},"ao":0,"ip":98.3333333333333,"op":100,"st":98.3333333333333,"bm":0},{"ddd":0,"ind":61,"ty":2,"nm":"a125a_00120.png","cl":"png","refId":"image_60","sr":1,"ks":{"o":{"a":0,"k":100,"ix":11},"r":{"a":0,"k":0,"ix":10},"p":{"a":0,"k":[200,250,0],"ix":2},"a":{"a":0,"k":[200,250,0],"ix":1},"s":{"a":0,"k":[100,100,100],"ix":6}},"ao":0,"ip":100,"op":101.666666666667,"st":100,"bm":0},{"ddd":0,"ind":62,"ty":2,"nm":"a125a_00122.png","cl":"png","refId":"image_61","sr":1,"ks":{"o":{"a":0,"k":100,"ix":11},"r":{"a":0,"k":0,"ix":10},"p":{"a":0,"k":[200,250,0],"ix":2},"a":{"a":0,"k":[200,250,0],"ix":1},"s":{"a":0,"k":[100,100,100],"ix":6}},"ao":0,"ip":101.666666666667,"op":103.333333333333,"st":101.666666666667,"bm":0},{"ddd":0,"ind":63,"ty":2,"nm":"a125a_00124.png","cl":"png","refId":"image_62","sr":1,"ks":{"o":{"a":0,"k":100,"ix":11},"r":{"a":0,"k":0,"ix":10},"p":{"a":0,"k":[200,250,0],"ix":2},"a":{"a":0,"k":[200,250,0],"ix":1},"s":{"a":0,"k":[100,100,100],"ix":6}},"ao":0,"ip":103.333333333333,"op":105,"st":103.333333333333,"bm":0},{"ddd":0,"ind":64,"ty":2,"nm":"a125a_00126.png","cl":"png","refId":"image_63","sr":1,"ks":{"o":{"a":0,"k":100,"ix":11},"r":{"a":0,"k":0,"ix":10},"p":{"a":0,"k":[200,250,0],"ix":2},"a":{"a":0,"k":[200,250,0],"ix":1},"s":{"a":0,"k":[100,100,100],"ix":6}},"ao":0,"ip":105,"op":106.666666666667,"st":105,"bm":0},{"ddd":0,"ind":65,"ty":2,"nm":"a125a_00128.png","cl":"png","refId":"image_64","sr":1,"ks":{"o":{"a":0,"k":100,"ix":11},"r":{"a":0,"k":0,"ix":10},"p":{"a":0,"k":[200,250,0],"ix":2},"a":{"a":0,"k":[200,250,0],"ix":1},"s":{"a":0,"k":[100,100,100],"ix":6}},"ao":0,"ip":106.666666666667,"op":108.333333333333,"st":106.666666666667,"bm":0},{"ddd":0,"ind":66,"ty":2,"nm":"a125a_00130.png","cl":"png","refId":"image_65","sr":1,"ks":{"o":{"a":0,"k":100,"ix":11},"r":{"a":0,"k":0,"ix":10},"p":{"a":0,"k":[200,250,0],"ix":2},"a":{"a":0,"k":[200,250,0],"ix":1},"s":{"a":0,"k":[100,100,100],"ix":6}},"ao":0,"ip":108.333333333333,"op":110,"st":108.333333333333,"bm":0},{"ddd":0,"ind":67,"ty":2,"nm":"a125a_00132.png","cl":"png","refId":"image_66","sr":1,"ks":{"o":{"a":0,"k":100,"ix":11},"r":{"a":0,"k":0,"ix":10},"p":{"a":0,"k":[200,250,0],"ix":2},"a":{"a":0,"k":[200,250,0],"ix":1},"s":{"a":0,"k":[100,100,100],"ix":6}},"ao":0,"ip":110,"op":111.666666666667,"st":110,"bm":0},{"ddd":0,"ind":68,"ty":2,"nm":"a125a_00134.png","cl":"png","refId":"image_67","sr":1,"ks":{"o":{"a":0,"k":100,"ix":11},"r":{"a":0,"k":0,"ix":10},"p":{"a":0,"k":[200,250,0],"ix":2},"a":{"a":0,"k":[200,250,0],"ix":1},"s":{"a":0,"k":[100,100,100],"ix":6}},"ao":0,"ip":111.666666666667,"op":113.333333333333,"st":111.666666666667,"bm":0},{"ddd":0,"ind":69,"ty":2,"nm":"a125a_00136.png","cl":"png","refId":"image_68","sr":1,"ks":{"o":{"a":0,"k":100,"ix":11},"r":{"a":0,"k":0,"ix":10},"p":{"a":0,"k":[200,250,0],"ix":2},"a":{"a":0,"k":[200,250,0],"ix":1},"s":{"a":0,"k":[100,100,100],"ix":6}},"ao":0,"ip":113.333333333333,"op":115,"st":113.333333333333,"bm":0},{"ddd":0,"ind":70,"ty":2,"nm":"a125a_00138.png","cl":"png","refId":"image_69","sr":1,"ks":{"o":{"a":0,"k":100,"ix":11},"r":{"a":0,"k":0,"ix":10},"p":{"a":0,"k":[200,250,0],"ix":2},"a":{"a":0,"k":[200,250,0],"ix":1},"s":{"a":0,"k":[100,100,100],"ix":6}},"ao":0,"ip":115,"op":116.666666666667,"st":115,"bm":0},{"ddd":0,"ind":71,"ty":2,"nm":"a125a_00140.png","cl":"png","refId":"image_70","sr":1,"ks":{"o":{"a":0,"k":100,"ix":11},"r":{"a":0,"k":0,"ix":10},"p":{"a":0,"k":[200,250,0],"ix":2},"a":{"a":0,"k":[200,250,0],"ix":1},"s":{"a":0,"k":[100,100,100],"ix":6}},"ao":0,"ip":116.666666666667,"op":118.333333333333,"st":116.666666666667,"bm":0},{"ddd":0,"ind":72,"ty":2,"nm":"a125a_00142.png","cl":"png","refId":"image_71","sr":1,"ks":{"o":{"a":0,"k":100,"ix":11},"r":{"a":0,"k":0,"ix":10},"p":{"a":0,"k":[200,250,0],"ix":2},"a":{"a":0,"k":[200,250,0],"ix":1},"s":{"a":0,"k":[100,100,100],"ix":6}},"ao":0,"ip":118.333333333333,"op":120,"st":118.333333333333,"bm":0},{"ddd":0,"ind":73,"ty":2,"nm":"a125a_00144.png","cl":"png","refId":"image_72","sr":1,"ks":{"o":{"a":0,"k":100,"ix":11},"r":{"a":0,"k":0,"ix":10},"p":{"a":0,"k":[200,250,0],"ix":2},"a":{"a":0,"k":[200,250,0],"ix":1},"s":{"a":0,"k":[100,100,100],"ix":6}},"ao":0,"ip":120,"op":121.666666666667,"st":120,"bm":0},{"ddd":0,"ind":74,"ty":2,"nm":"a125a_00146.png","cl":"png","refId":"image_73","sr":1,"ks":{"o":{"a":0,"k":100,"ix":11},"r":{"a":0,"k":0,"ix":10},"p":{"a":0,"k":[200,250,0],"ix":2},"a":{"a":0,"k":[200,250,0],"ix":1},"s":{"a":0,"k":[100,100,100],"ix":6}},"ao":0,"ip":121.666666666667,"op":123.333333333333,"st":121.666666666667,"bm":0},{"ddd":0,"ind":75,"ty":2,"nm":"a125a_00148.png","cl":"png","refId":"image_74","sr":1,"ks":{"o":{"a":0,"k":100,"ix":11},"r":{"a":0,"k":0,"ix":10},"p":{"a":0,"k":[200,250,0],"ix":2},"a":{"a":0,"k":[200,250,0],"ix":1},"s":{"a":0,"k":[100,100,100],"ix":6}},"ao":0,"ip":123.333333333333,"op":125,"st":123.333333333333,"bm":0},{"ddd":0,"ind":76,"ty":2,"nm":"a125a_00150.png","cl":"png","refId":"image_75","sr":1,"ks":{"o":{"a":0,"k":100,"ix":11},"r":{"a":0,"k":0,"ix":10},"p":{"a":0,"k":[200,250,0],"ix":2},"a":{"a":0,"k":[200,250,0],"ix":1},"s":{"a":0,"k":[100,100,100],"ix":6}},"ao":0,"ip":125,"op":126.666666666667,"st":125,"bm":0},{"ddd":0,"ind":77,"ty":2,"nm":"a125a_00152.png","cl":"png","refId":"image_76","sr":1,"ks":{"o":{"a":0,"k":100,"ix":11},"r":{"a":0,"k":0,"ix":10},"p":{"a":0,"k":[200,250,0],"ix":2},"a":{"a":0,"k":[200,250,0],"ix":1},"s":{"a":0,"k":[100,100,100],"ix":6}},"ao":0,"ip":126.666666666667,"op":128.333333333333,"st":126.666666666667,"bm":0},{"ddd":0,"ind":78,"ty":2,"nm":"a125a_00154.png","cl":"png","refId":"image_77","sr":1,"ks":{"o":{"a":0,"k":100,"ix":11},"r":{"a":0,"k":0,"ix":10},"p":{"a":0,"k":[200,250,0],"ix":2},"a":{"a":0,"k":[200,250,0],"ix":1},"s":{"a":0,"k":[100,100,100],"ix":6}},"ao":0,"ip":128.333333333333,"op":130,"st":128.333333333333,"bm":0},{"ddd":0,"ind":79,"ty":2,"nm":"a125a_00156.png","cl":"png","refId":"image_78","sr":1,"ks":{"o":{"a":0,"k":100,"ix":11},"r":{"a":0,"k":0,"ix":10},"p":{"a":0,"k":[200,250,0],"ix":2},"a":{"a":0,"k":[200,250,0],"ix":1},"s":{"a":0,"k":[100,100,100],"ix":6}},"ao":0,"ip":130,"op":131.666666666667,"st":130,"bm":0},{"ddd":0,"ind":80,"ty":2,"nm":"a125a_00158.png","cl":"png","refId":"image_79","sr":1,"ks":{"o":{"a":0,"k":100,"ix":11},"r":{"a":0,"k":0,"ix":10},"p":{"a":0,"k":[200,250,0],"ix":2},"a":{"a":0,"k":[200,250,0],"ix":1},"s":{"a":0,"k":[100,100,100],"ix":6}},"ao":0,"ip":131.666666666667,"op":133.333333333333,"st":131.666666666667,"bm":0},{"ddd":0,"ind":81,"ty":2,"nm":"a125a_00160.png","cl":"png","refId":"image_80","sr":1,"ks":{"o":{"a":0,"k":100,"ix":11},"r":{"a":0,"k":0,"ix":10},"p":{"a":0,"k":[200,250,0],"ix":2},"a":{"a":0,"k":[200,250,0],"ix":1},"s":{"a":0,"k":[100,100,100],"ix":6}},"ao":0,"ip":133.333333333333,"op":135,"st":133.333333333333,"bm":0},{"ddd":0,"ind":82,"ty":2,"nm":"a125a_00162.png","cl":"png","refId":"image_81","sr":1,"ks":{"o":{"a":0,"k":100,"ix":11},"r":{"a":0,"k":0,"ix":10},"p":{"a":0,"k":[200,250,0],"ix":2},"a":{"a":0,"k":[200,250,0],"ix":1},"s":{"a":0,"k":[100,100,100],"ix":6}},"ao":0,"ip":135,"op":136.666666666667,"st":135,"bm":0},{"ddd":0,"ind":83,"ty":2,"nm":"a125a_00164.png","cl":"png","refId":"image_82","sr":1,"ks":{"o":{"a":0,"k":100,"ix":11},"r":{"a":0,"k":0,"ix":10},"p":{"a":0,"k":[200,250,0],"ix":2},"a":{"a":0,"k":[200,250,0],"ix":1},"s":{"a":0,"k":[100,100,100],"ix":6}},"ao":0,"ip":136.666666666667,"op":138.333333333333,"st":136.666666666667,"bm":0},{"ddd":0,"ind":84,"ty":2,"nm":"a125a_00166.png","cl":"png","refId":"image_83","sr":1,"ks":{"o":{"a":0,"k":100,"ix":11},"r":{"a":0,"k":0,"ix":10},"p":{"a":0,"k":[200,250,0],"ix":2},"a":{"a":0,"k":[200,250,0],"ix":1},"s":{"a":0,"k":[100,100,100],"ix":6}},"ao":0,"ip":138.333333333333,"op":140,"st":138.333333333333,"bm":0},{"ddd":0,"ind":85,"ty":2,"nm":"a125a_00168.png","cl":"png","refId":"image_84","sr":1,"ks":{"o":{"a":0,"k":100,"ix":11},"r":{"a":0,"k":0,"ix":10},"p":{"a":0,"k":[200,250,0],"ix":2},"a":{"a":0,"k":[200,250,0],"ix":1},"s":{"a":0,"k":[100,100,100],"ix":6}},"ao":0,"ip":140,"op":141.666666666667,"st":140,"bm":0},{"ddd":0,"ind":86,"ty":2,"nm":"a125a_00170.png","cl":"png","refId":"image_85","sr":1,"ks":{"o":{"a":0,"k":100,"ix":11},"r":{"a":0,"k":0,"ix":10},"p":{"a":0,"k":[200,250,0],"ix":2},"a":{"a":0,"k":[200,250,0],"ix":1},"s":{"a":0,"k":[100,100,100],"ix":6}},"ao":0,"ip":141.666666666667,"op":143.333333333333,"st":141.666666666667,"bm":0},{"ddd":0,"ind":87,"ty":2,"nm":"a125a_00172.png","cl":"png","refId":"image_86","sr":1,"ks":{"o":{"a":0,"k":100,"ix":11},"r":{"a":0,"k":0,"ix":10},"p":{"a":0,"k":[200,250,0],"ix":2},"a":{"a":0,"k":[200,250,0],"ix":1},"s":{"a":0,"k":[100,100,100],"ix":6}},"ao":0,"ip":143.333333333333,"op":145,"st":143.333333333333,"bm":0},{"ddd":0,"ind":88,"ty":2,"nm":"a125a_00174.png","cl":"png","refId":"image_87","sr":1,"ks":{"o":{"a":0,"k":100,"ix":11},"r":{"a":0,"k":0,"ix":10},"p":{"a":0,"k":[200,250,0],"ix":2},"a":{"a":0,"k":[200,250,0],"ix":1},"s":{"a":0,"k":[100,100,100],"ix":6}},"ao":0,"ip":145,"op":146.666666666667,"st":145,"bm":0},{"ddd":0,"ind":89,"ty":2,"nm":"a125a_00176.png","cl":"png","refId":"image_88","sr":1,"ks":{"o":{"a":0,"k":100,"ix":11},"r":{"a":0,"k":0,"ix":10},"p":{"a":0,"k":[200,250,0],"ix":2},"a":{"a":0,"k":[200,250,0],"ix":1},"s":{"a":0,"k":[100,100,100],"ix":6}},"ao":0,"ip":146.666666666667,"op":148.333333333333,"st":146.666666666667,"bm":0},{"ddd":0,"ind":90,"ty":2,"nm":"a125a_00178.png","cl":"png","refId":"image_89","sr":1,"ks":{"o":{"a":0,"k":100,"ix":11},"r":{"a":0,"k":0,"ix":10},"p":{"a":0,"k":[200,250,0],"ix":2},"a":{"a":0,"k":[200,250,0],"ix":1},"s":{"a":0,"k":[100,100,100],"ix":6}},"ao":0,"ip":148.333333333333,"op":150,"st":148.333333333333,"bm":0},{"ddd":0,"ind":91,"ty":2,"nm":"a125a_00180.png","cl":"png","refId":"image_90","sr":1,"ks":{"o":{"a":0,"k":100,"ix":11},"r":{"a":0,"k":0,"ix":10},"p":{"a":0,"k":[200,250,0],"ix":2},"a":{"a":0,"k":[200,250,0],"ix":1},"s":{"a":0,"k":[100,100,100],"ix":6}},"ao":0,"ip":150,"op":151.666666666667,"st":150,"bm":0},{"ddd":0,"ind":92,"ty":2,"nm":"a125a_00182.png","cl":"png","refId":"image_91","sr":1,"ks":{"o":{"a":0,"k":100,"ix":11},"r":{"a":0,"k":0,"ix":10},"p":{"a":0,"k":[200,250,0],"ix":2},"a":{"a":0,"k":[200,250,0],"ix":1},"s":{"a":0,"k":[100,100,100],"ix":6}},"ao":0,"ip":151.666666666667,"op":153.333333333333,"st":151.666666666667,"bm":0},{"ddd":0,"ind":93,"ty":2,"nm":"a125a_00184.png","cl":"png","refId":"image_92","sr":1,"ks":{"o":{"a":0,"k":100,"ix":11},"r":{"a":0,"k":0,"ix":10},"p":{"a":0,"k":[200,250,0],"ix":2},"a":{"a":0,"k":[200,250,0],"ix":1},"s":{"a":0,"k":[100,100,100],"ix":6}},"ao":0,"ip":153.333333333333,"op":155,"st":153.333333333333,"bm":0},{"ddd":0,"ind":94,"ty":2,"nm":"a125a_00186.png","cl":"png","refId":"image_93","sr":1,"ks":{"o":{"a":0,"k":100,"ix":11},"r":{"a":0,"k":0,"ix":10},"p":{"a":0,"k":[200,250,0],"ix":2},"a":{"a":0,"k":[200,250,0],"ix":1},"s":{"a":0,"k":[100,100,100],"ix":6}},"ao":0,"ip":155,"op":156.666666666667,"st":155,"bm":0},{"ddd":0,"ind":95,"ty":2,"nm":"a125a_00188.png","cl":"png","refId":"image_94","sr":1,"ks":{"o":{"a":0,"k":100,"ix":11},"r":{"a":0,"k":0,"ix":10},"p":{"a":0,"k":[200,250,0],"ix":2},"a":{"a":0,"k":[200,250,0],"ix":1},"s":{"a":0,"k":[100,100,100],"ix":6}},"ao":0,"ip":156.666666666667,"op":158.333333333333,"st":156.666666666667,"bm":0},{"ddd":0,"ind":96,"ty":2,"nm":"a125a_00190.png","cl":"png","refId":"image_95","sr":1,"ks":{"o":{"a":0,"k":100,"ix":11},"r":{"a":0,"k":0,"ix":10},"p":{"a":0,"k":[200,250,0],"ix":2},"a":{"a":0,"k":[200,250,0],"ix":1},"s":{"a":0,"k":[100,100,100],"ix":6}},"ao":0,"ip":158.333333333333,"op":160,"st":158.333333333333,"bm":0},{"ddd":0,"ind":97,"ty":2,"nm":"a125a_00192.png","cl":"png","refId":"image_96","sr":1,"ks":{"o":{"a":0,"k":100,"ix":11},"r":{"a":0,"k":0,"ix":10},"p":{"a":0,"k":[200,250,0],"ix":2},"a":{"a":0,"k":[200,250,0],"ix":1},"s":{"a":0,"k":[100,100,100],"ix":6}},"ao":0,"ip":160,"op":161.666666666667,"st":160,"bm":0},{"ddd":0,"ind":98,"ty":2,"nm":"a125a_00194.png","cl":"png","refId":"image_97","sr":1,"ks":{"o":{"a":0,"k":100,"ix":11},"r":{"a":0,"k":0,"ix":10},"p":{"a":0,"k":[200,250,0],"ix":2},"a":{"a":0,"k":[200,250,0],"ix":1},"s":{"a":0,"k":[100,100,100],"ix":6}},"ao":0,"ip":161.666666666667,"op":163.333333333333,"st":161.666666666667,"bm":0},{"ddd":0,"ind":99,"ty":2,"nm":"a125a_00196.png","cl":"png","refId":"image_98","sr":1,"ks":{"o":{"a":0,"k":100,"ix":11},"r":{"a":0,"k":0,"ix":10},"p":{"a":0,"k":[200,250,0],"ix":2},"a":{"a":0,"k":[200,250,0],"ix":1},"s":{"a":0,"k":[100,100,100],"ix":6}},"ao":0,"ip":163.333333333333,"op":165,"st":163.333333333333,"bm":0},{"ddd":0,"ind":100,"ty":2,"nm":"a125a_00198.png","cl":"png","refId":"image_99","sr":1,"ks":{"o":{"a":0,"k":100,"ix":11},"r":{"a":0,"k":0,"ix":10},"p":{"a":0,"k":[200,250,0],"ix":2},"a":{"a":0,"k":[200,250,0],"ix":1},"s":{"a":0,"k":[100,100,100],"ix":6}},"ao":0,"ip":165,"op":166.666666666667,"st":165,"bm":0},{"ddd":0,"ind":101,"ty":2,"nm":"a125a_00200.png","cl":"png","refId":"image_100","sr":1,"ks":{"o":{"a":0,"k":100,"ix":11},"r":{"a":0,"k":0,"ix":10},"p":{"a":0,"k":[200,250,0],"ix":2},"a":{"a":0,"k":[200,250,0],"ix":1},"s":{"a":0,"k":[100,100,100],"ix":6}},"ao":0,"ip":166.666666666667,"op":168.333333333333,"st":166.666666666667,"bm":0},{"ddd":0,"ind":102,"ty":2,"nm":"a125a_00202.png","cl":"png","refId":"image_101","sr":1,"ks":{"o":{"a":0,"k":100,"ix":11},"r":{"a":0,"k":0,"ix":10},"p":{"a":0,"k":[200,250,0],"ix":2},"a":{"a":0,"k":[200,250,0],"ix":1},"s":{"a":0,"k":[100,100,100],"ix":6}},"ao":0,"ip":168.333333333333,"op":170,"st":168.333333333333,"bm":0},{"ddd":0,"ind":103,"ty":2,"nm":"a125a_00204.png","cl":"png","refId":"image_102","sr":1,"ks":{"o":{"a":0,"k":100,"ix":11},"r":{"a":0,"k":0,"ix":10},"p":{"a":0,"k":[200,250,0],"ix":2},"a":{"a":0,"k":[200,250,0],"ix":1},"s":{"a":0,"k":[100,100,100],"ix":6}},"ao":0,"ip":170,"op":171.666666666667,"st":170,"bm":0},{"ddd":0,"ind":104,"ty":2,"nm":"a125a_00206.png","cl":"png","refId":"image_103","sr":1,"ks":{"o":{"a":0,"k":100,"ix":11},"r":{"a":0,"k":0,"ix":10},"p":{"a":0,"k":[200,250,0],"ix":2},"a":{"a":0,"k":[200,250,0],"ix":1},"s":{"a":0,"k":[100,100,100],"ix":6}},"ao":0,"ip":171.666666666667,"op":173.333333333333,"st":171.666666666667,"bm":0},{"ddd":0,"ind":105,"ty":2,"nm":"a125a_00208.png","cl":"png","refId":"image_104","sr":1,"ks":{"o":{"a":0,"k":100,"ix":11},"r":{"a":0,"k":0,"ix":10},"p":{"a":0,"k":[200,250,0],"ix":2},"a":{"a":0,"k":[200,250,0],"ix":1},"s":{"a":0,"k":[100,100,100],"ix":6}},"ao":0,"ip":173.333333333333,"op":175,"st":173.333333333333,"bm":0},{"ddd":0,"ind":106,"ty":2,"nm":"a125a_00210.png","cl":"png","refId":"image_105","sr":1,"ks":{"o":{"a":0,"k":100,"ix":11},"r":{"a":0,"k":0,"ix":10},"p":{"a":0,"k":[200,250,0],"ix":2},"a":{"a":0,"k":[200,250,0],"ix":1},"s":{"a":0,"k":[100,100,100],"ix":6}},"ao":0,"ip":175,"op":176.666666666667,"st":175,"bm":0},{"ddd":0,"ind":107,"ty":2,"nm":"a125a_00212.png","cl":"png","refId":"image_106","sr":1,"ks":{"o":{"a":0,"k":100,"ix":11},"r":{"a":0,"k":0,"ix":10},"p":{"a":0,"k":[200,250,0],"ix":2},"a":{"a":0,"k":[200,250,0],"ix":1},"s":{"a":0,"k":[100,100,100],"ix":6}},"ao":0,"ip":176.666666666667,"op":178.333333333333,"st":176.666666666667,"bm":0},{"ddd":0,"ind":108,"ty":2,"nm":"a125a_00214.png","cl":"png","refId":"image_107","sr":1,"ks":{"o":{"a":0,"k":100,"ix":11},"r":{"a":0,"k":0,"ix":10},"p":{"a":0,"k":[200,250,0],"ix":2},"a":{"a":0,"k":[200,250,0],"ix":1},"s":{"a":0,"k":[100,100,100],"ix":6}},"ao":0,"ip":178.333333333333,"op":180,"st":178.333333333333,"bm":0}]}],"layers":[{"ddd":0,"ind":1,"ty":0,"nm":"a125a_00000","refId":"comp_0","sr":1,"ks":{"o":{"a":0,"k":100,"ix":11},"r":{"a":0,"k":0,"ix":10},"p":{"a":0,"k":[327.5,640.5,0],"ix":2},"a":{"a":0,"k":[200,250,0],"ix":1},"s":{"a":0,"k":[36,36,100],"ix":6}},"ao":0,"w":400,"h":500,"ip":0,"op":180,"st":0,"bm":0}],"markers":[]}