{"v":"5.3.0","fr":10,"ip":0,"op":0,"w":567,"h":654,"nm":"01bcc22dcdcd4f28ae90e2ac446d52ef","ddd":0,"assets":[{"id":"image_0","w":567,"h":654,"u":"images/","p":"img_0.png","e":0},{"id":"image_1","w":1024,"h":1023,"u":"images/","p":"img_1.png","e":0},{"id":"image_2","w":580,"h":580,"u":"images/","p":"img_2.png","e":0},{"id":"image_3","w":500,"h":500,"u":"images/","p":"img_3.png","e":0},{"id":"image_4","w":500,"h":500,"u":"images/","p":"img_4.png","e":0},{"id":"image_5","w":500,"h":500,"u":"images/","p":"img_5.png","e":0}],"layers":[{"ddd":0,"ind":1,"ty":2,"nm":"01bcc22dcdcd4f28ae90e2ac446d52ef.jpeg","cl":"jpeg","refId":"image_0","sr":1,"ks":{"o":{"a":0,"k":100,"ix":11},"r":{"a":0,"k":0,"ix":10},"p":{"a":0,"k":[283.5,327,0],"ix":2},"a":{"a":0,"k":[283.5,327,0],"ix":1},"s":{"a":0,"k":[100,100,100],"ix":6}},"ao":0,"ip":0,"op":0.33333333333333,"st":0,"bm":0},{"ddd":0,"ind":2,"ty":2,"nm":"641a47d69ff442bc94bd9a9193c08f35.jpeg","cl":"jpeg","refId":"image_1","sr":1,"ks":{"o":{"a":0,"k":100,"ix":11},"r":{"a":0,"k":0,"ix":10},"p":{"a":0,"k":[283.5,327,0],"ix":2},"a":{"a":0,"k":[512,511.5,0],"ix":1},"s":{"a":0,"k":[100,100,100],"ix":6}},"ao":0,"ip":0,"op":0.33333333333333,"st":0,"bm":0},{"ddd":0,"ind":3,"ty":2,"nm":"ffb43d5c26b74d629a9b8d9fc82bbd87_th.jpg","cl":"jpg","refId":"image_2","sr":1,"ks":{"o":{"a":0,"k":100,"ix":11},"r":{"a":0,"k":0,"ix":10},"p":{"a":0,"k":[283.5,327,0],"ix":2},"a":{"a":0,"k":[290,290,0],"ix":1},"s":{"a":0,"k":[100,100,100],"ix":6}},"ao":0,"ip":0,"op":0.33333333333333,"st":0,"bm":0},{"ddd":0,"ind":4,"ty":2,"nm":"src=http_%2F%2Fpic2.zhimg.com%2F50%2Fv2-ee287f2c38ea9fb6ede8a63ffdcce2f6_hd.jpg&refer=http_%2F%2Fpic2.zhimg.png","cl":"zhimg com jpg zhimg png","refId":"image_3","sr":1,"ks":{"o":{"a":0,"k":100,"ix":11},"r":{"a":0,"k":0,"ix":10},"p":{"a":0,"k":[283.5,327,0],"ix":2},"a":{"a":0,"k":[250,250,0],"ix":1},"s":{"a":0,"k":[100,100,100],"ix":6}},"ao":0,"ip":0,"op":0.33333333333333,"st":0,"bm":0},{"ddd":0,"ind":5,"ty":2,"nm":"u=2062098500,4256532034&fm=26&gp=0.png","cl":"png","refId":"image_4","sr":1,"ks":{"o":{"a":0,"k":100,"ix":11},"r":{"a":0,"k":0,"ix":10},"p":{"a":0,"k":[283.5,327,0],"ix":2},"a":{"a":0,"k":[250,250,0],"ix":1},"s":{"a":0,"k":[100,100,100],"ix":6}},"ao":0,"ip":0,"op":0.33333333333333,"st":0,"bm":0},{"ddd":0,"ind":6,"ty":2,"nm":"u=3384569899,355871479&fm=26&gp=0.png","cl":"png","refId":"image_5","sr":1,"ks":{"o":{"a":0,"k":100,"ix":11},"r":{"a":0,"k":0,"ix":10},"p":{"a":0,"k":[283.5,327,0],"ix":2},"a":{"a":0,"k":[250,250,0],"ix":1},"s":{"a":0,"k":[100,100,100],"ix":6}},"ao":0,"ip":0,"op":0.33333333333333,"st":0,"bm":0}],"markers":[]}