{"v":"5.7.0","fr":60,"ip":0,"op":310,"w":1080,"h":1960,"nm":"合成 1","ddd":0,"assets":[{"id":"image_0","w":1500,"h":640,"u":"images/","p":"img_0.png","e":0},{"id":"image_1","w":1500,"h":640,"u":"images/","p":"img_1.png","e":0}],"layers":[{"ddd":0,"ind":1,"ty":2,"nm":"未标题-1.png","cl":"png","refId":"image_0","sr":1,"ks":{"o":{"a":0,"k":100,"ix":11},"r":{"a":0,"k":0,"ix":10},"p":{"a":0,"k":[532,1748,0],"ix":2},"a":{"a":0,"k":[750,320,0],"ix":1},"s":{"a":0,"k":[75,75,100],"ix":6}},"ao":0,"ip":0,"op":310,"st":0,"bm":0},{"ddd":0,"ind":2,"ty":2,"nm":"2.png","cl":"png","refId":"image_1","sr":1,"ks":{"o":{"a":0,"k":100,"ix":11},"r":{"a":0,"k":0,"ix":10},"p":{"a":0,"k":[552,1848,0],"ix":2},"a":{"a":0,"k":[750,320,0],"ix":1},"s":{"a":0,"k":[100,100,100],"ix":6}},"ao":0,"ip":0,"op":310,"st":0,"bm":0}],"markers":[]}