{"v":"5.7.0","fr":60,"ip":0,"op":1330,"w":1080,"h":1960,"nm":"合成 2","ddd":0,"assets":[{"id":"image_0","w":512,"h":288,"u":"images/","p":"img_0.jpg","e":0},{"id":"image_1","w":512,"h":288,"u":"images/","p":"img_1.jpg","e":0},{"id":"image_2","w":512,"h":288,"u":"images/","p":"img_2.jpg","e":0},{"id":"image_3","w":512,"h":288,"u":"images/","p":"img_3.jpg","e":0},{"id":"image_4","w":512,"h":288,"u":"images/","p":"img_4.jpg","e":0},{"id":"image_5","w":512,"h":288,"u":"images/","p":"img_5.jpg","e":0},{"id":"image_6","w":512,"h":288,"u":"images/","p":"img_6.jpg","e":0},{"id":"image_7","w":512,"h":288,"u":"images/","p":"img_7.jpg","e":0},{"id":"image_8","w":512,"h":288,"u":"images/","p":"img_8.jpg","e":0},{"id":"image_9","w":512,"h":288,"u":"images/","p":"img_9.jpg","e":0},{"id":"image_10","w":512,"h":288,"u":"images/","p":"img_10.jpg","e":0},{"id":"image_11","w":512,"h":288,"u":"images/","p":"img_11.jpg","e":0},{"id":"image_12","w":512,"h":288,"u":"images/","p":"img_12.jpg","e":0},{"id":"image_13","w":512,"h":288,"u":"images/","p":"img_13.jpg","e":0},{"id":"image_14","w":512,"h":288,"u":"images/","p":"img_14.jpg","e":0},{"id":"image_15","w":512,"h":288,"u":"images/","p":"img_15.jpg","e":0},{"id":"image_16","w":512,"h":288,"u":"images/","p":"img_16.jpg","e":0},{"id":"image_17","w":512,"h":288,"u":"images/","p":"img_17.jpg","e":0},{"id":"image_18","w":512,"h":288,"u":"images/","p":"img_18.jpg","e":0},{"id":"image_19","w":512,"h":288,"u":"images/","p":"img_19.jpg","e":0},{"id":"image_20","w":512,"h":288,"u":"images/","p":"img_20.jpg","e":0},{"id":"image_21","w":512,"h":288,"u":"images/","p":"img_21.jpg","e":0},{"id":"image_22","w":512,"h":288,"u":"images/","p":"img_22.jpg","e":0},{"id":"image_23","w":512,"h":288,"u":"images/","p":"img_23.jpg","e":0},{"id":"image_24","w":512,"h":288,"u":"images/","p":"img_24.jpg","e":0},{"id":"image_25","w":512,"h":288,"u":"images/","p":"img_25.jpg","e":0},{"id":"image_26","w":512,"h":288,"u":"images/","p":"img_26.jpg","e":0},{"id":"image_27","w":512,"h":288,"u":"images/","p":"img_27.jpg","e":0},{"id":"image_28","w":512,"h":288,"u":"images/","p":"img_28.jpg","e":0},{"id":"image_29","w":512,"h":288,"u":"images/","p":"img_29.jpg","e":0},{"id":"image_30","w":512,"h":288,"u":"images/","p":"img_30.jpg","e":0},{"id":"image_31","w":512,"h":288,"u":"images/","p":"img_31.jpg","e":0},{"id":"image_32","w":512,"h":288,"u":"images/","p":"img_32.jpg","e":0},{"id":"image_33","w":512,"h":288,"u":"images/","p":"img_33.jpg","e":0},{"id":"image_34","w":512,"h":288,"u":"images/","p":"img_34.jpg","e":0},{"id":"image_35","w":512,"h":288,"u":"images/","p":"img_35.jpg","e":0},{"id":"image_36","w":512,"h":288,"u":"images/","p":"img_36.jpg","e":0},{"id":"image_37","w":512,"h":288,"u":"images/","p":"img_37.jpg","e":0},{"id":"image_38","w":512,"h":288,"u":"images/","p":"img_38.jpg","e":0},{"id":"image_39","w":512,"h":288,"u":"images/","p":"img_39.jpg","e":0},{"id":"image_40","w":512,"h":288,"u":"images/","p":"img_40.jpg","e":0},{"id":"image_41","w":512,"h":288,"u":"images/","p":"img_41.jpg","e":0},{"id":"image_42","w":512,"h":288,"u":"images/","p":"img_42.jpg","e":0},{"id":"image_43","w":512,"h":288,"u":"images/","p":"img_43.jpg","e":0},{"id":"image_44","w":512,"h":288,"u":"images/","p":"img_44.jpg","e":0},{"id":"image_45","w":512,"h":288,"u":"images/","p":"img_45.jpg","e":0},{"id":"image_46","w":512,"h":288,"u":"images/","p":"img_46.jpg","e":0},{"id":"image_47","w":512,"h":288,"u":"images/","p":"img_47.jpg","e":0},{"id":"image_48","w":512,"h":288,"u":"images/","p":"img_48.jpg","e":0},{"id":"image_49","w":512,"h":288,"u":"images/","p":"img_49.jpg","e":0},{"id":"image_50","w":512,"h":288,"u":"images/","p":"img_50.jpg","e":0},{"id":"image_51","w":512,"h":288,"u":"images/","p":"img_51.jpg","e":0},{"id":"image_52","w":512,"h":288,"u":"images/","p":"img_52.jpg","e":0},{"id":"image_53","w":512,"h":288,"u":"images/","p":"img_53.jpg","e":0},{"id":"image_54","w":512,"h":288,"u":"images/","p":"img_54.jpg","e":0},{"id":"image_55","w":512,"h":288,"u":"images/","p":"img_55.jpg","e":0},{"id":"image_56","w":512,"h":288,"u":"images/","p":"img_56.jpg","e":0},{"id":"image_57","w":512,"h":288,"u":"images/","p":"img_57.jpg","e":0},{"id":"image_58","w":512,"h":288,"u":"images/","p":"img_58.jpg","e":0},{"id":"image_59","w":512,"h":288,"u":"images/","p":"img_59.jpg","e":0},{"id":"image_60","w":512,"h":288,"u":"images/","p":"img_60.jpg","e":0},{"id":"image_61","w":512,"h":288,"u":"images/","p":"img_61.jpg","e":0},{"id":"image_62","w":512,"h":288,"u":"images/","p":"img_62.jpg","e":0},{"id":"image_63","w":512,"h":288,"u":"images/","p":"img_63.jpg","e":0},{"id":"image_64","w":512,"h":288,"u":"images/","p":"img_64.jpg","e":0},{"id":"image_65","w":512,"h":288,"u":"images/","p":"img_65.jpg","e":0},{"id":"image_66","w":512,"h":288,"u":"images/","p":"img_66.jpg","e":0},{"id":"image_67","w":512,"h":288,"u":"images/","p":"img_67.jpg","e":0},{"id":"image_68","w":512,"h":288,"u":"images/","p":"img_68.jpg","e":0},{"id":"image_69","w":512,"h":288,"u":"images/","p":"img_69.jpg","e":0},{"id":"image_70","w":512,"h":288,"u":"images/","p":"img_70.jpg","e":0},{"id":"image_71","w":512,"h":288,"u":"images/","p":"img_71.jpg","e":0},{"id":"image_72","w":512,"h":288,"u":"images/","p":"img_72.jpg","e":0},{"id":"image_73","w":512,"h":288,"u":"images/","p":"img_73.jpg","e":0},{"id":"image_74","w":512,"h":288,"u":"images/","p":"img_74.jpg","e":0},{"id":"image_75","w":512,"h":288,"u":"images/","p":"img_75.jpg","e":0},{"id":"image_76","w":512,"h":288,"u":"images/","p":"img_76.jpg","e":0},{"id":"image_77","w":512,"h":288,"u":"images/","p":"img_77.jpg","e":0},{"id":"image_78","w":512,"h":288,"u":"images/","p":"img_78.jpg","e":0},{"id":"image_79","w":512,"h":288,"u":"images/","p":"img_79.jpg","e":0},{"id":"image_80","w":512,"h":288,"u":"images/","p":"img_80.jpg","e":0},{"id":"image_81","w":512,"h":288,"u":"images/","p":"img_81.jpg","e":0},{"id":"image_82","w":512,"h":288,"u":"images/","p":"img_82.jpg","e":0},{"id":"image_83","w":512,"h":288,"u":"images/","p":"img_83.jpg","e":0},{"id":"image_84","w":512,"h":288,"u":"images/","p":"img_84.jpg","e":0},{"id":"image_85","w":512,"h":288,"u":"images/","p":"img_85.jpg","e":0},{"id":"image_86","w":512,"h":288,"u":"images/","p":"img_86.jpg","e":0},{"id":"image_87","w":512,"h":288,"u":"images/","p":"img_87.jpg","e":0},{"id":"image_88","w":512,"h":288,"u":"images/","p":"img_88.jpg","e":0},{"id":"image_89","w":512,"h":288,"u":"images/","p":"img_89.jpg","e":0},{"id":"image_90","w":512,"h":288,"u":"images/","p":"img_90.jpg","e":0},{"id":"image_91","w":512,"h":288,"u":"images/","p":"img_91.jpg","e":0},{"id":"image_92","w":512,"h":288,"u":"images/","p":"img_92.jpg","e":0},{"id":"image_93","w":512,"h":288,"u":"images/","p":"img_93.jpg","e":0},{"id":"image_94","w":512,"h":288,"u":"images/","p":"img_94.jpg","e":0},{"id":"image_95","w":512,"h":288,"u":"images/","p":"img_95.jpg","e":0},{"id":"image_96","w":512,"h":288,"u":"images/","p":"img_96.jpg","e":0},{"id":"image_97","w":512,"h":288,"u":"images/","p":"img_97.jpg","e":0},{"id":"image_98","w":512,"h":288,"u":"images/","p":"img_98.jpg","e":0},{"id":"image_99","w":512,"h":288,"u":"images/","p":"img_99.jpg","e":0},{"id":"image_100","w":512,"h":288,"u":"images/","p":"img_100.jpg","e":0},{"id":"image_101","w":512,"h":288,"u":"images/","p":"img_101.jpg","e":0},{"id":"image_102","w":512,"h":288,"u":"images/","p":"img_102.jpg","e":0},{"id":"image_103","w":512,"h":288,"u":"images/","p":"img_103.jpg","e":0},{"id":"image_104","w":512,"h":288,"u":"images/","p":"img_104.jpg","e":0},{"id":"image_105","w":512,"h":288,"u":"images/","p":"img_105.jpg","e":0},{"id":"image_106","w":512,"h":288,"u":"images/","p":"img_106.jpg","e":0},{"id":"image_107","w":512,"h":288,"u":"images/","p":"img_107.jpg","e":0},{"id":"image_108","w":512,"h":288,"u":"images/","p":"img_108.jpg","e":0},{"id":"image_109","w":512,"h":288,"u":"images/","p":"img_109.jpg","e":0},{"id":"image_110","w":512,"h":288,"u":"images/","p":"img_110.jpg","e":0},{"id":"image_111","w":512,"h":288,"u":"images/","p":"img_111.jpg","e":0},{"id":"image_112","w":512,"h":288,"u":"images/","p":"img_112.jpg","e":0},{"id":"image_113","w":512,"h":288,"u":"images/","p":"img_113.jpg","e":0},{"id":"image_114","w":512,"h":288,"u":"images/","p":"img_114.jpg","e":0},{"id":"image_115","w":512,"h":288,"u":"images/","p":"img_115.jpg","e":0},{"id":"image_116","w":512,"h":288,"u":"images/","p":"img_116.jpg","e":0},{"id":"image_117","w":512,"h":288,"u":"images/","p":"img_117.jpg","e":0},{"id":"image_118","w":512,"h":288,"u":"images/","p":"img_118.jpg","e":0},{"id":"image_119","w":512,"h":288,"u":"images/","p":"img_119.jpg","e":0},{"id":"image_120","w":512,"h":288,"u":"images/","p":"img_120.jpg","e":0},{"id":"image_121","w":512,"h":288,"u":"images/","p":"img_121.jpg","e":0},{"id":"image_122","w":512,"h":288,"u":"images/","p":"img_122.jpg","e":0},{"id":"image_123","w":512,"h":288,"u":"images/","p":"img_123.jpg","e":0},{"id":"image_124","w":512,"h":288,"u":"images/","p":"img_124.jpg","e":0},{"id":"image_125","w":512,"h":288,"u":"images/","p":"img_125.jpg","e":0},{"id":"image_126","w":512,"h":288,"u":"images/","p":"img_126.jpg","e":0},{"id":"image_127","w":512,"h":288,"u":"images/","p":"img_127.jpg","e":0},{"id":"image_128","w":512,"h":288,"u":"images/","p":"img_128.jpg","e":0},{"id":"image_129","w":512,"h":288,"u":"images/","p":"img_129.jpg","e":0},{"id":"image_130","w":512,"h":288,"u":"images/","p":"img_130.jpg","e":0},{"id":"image_131","w":512,"h":288,"u":"images/","p":"img_131.jpg","e":0},{"id":"image_132","w":512,"h":288,"u":"images/","p":"img_132.jpg","e":0},{"id":"image_133","w":512,"h":288,"u":"images/","p":"img_133.jpg","e":0},{"id":"image_134","w":512,"h":288,"u":"images/","p":"img_134.jpg","e":0},{"id":"image_135","w":512,"h":288,"u":"images/","p":"img_135.jpg","e":0},{"id":"image_136","w":512,"h":288,"u":"images/","p":"img_136.jpg","e":0},{"id":"image_137","w":512,"h":288,"u":"images/","p":"img_137.jpg","e":0},{"id":"image_138","w":512,"h":288,"u":"images/","p":"img_138.jpg","e":0},{"id":"image_139","w":512,"h":288,"u":"images/","p":"img_139.jpg","e":0},{"id":"image_140","w":512,"h":288,"u":"images/","p":"img_140.jpg","e":0},{"id":"image_141","w":512,"h":288,"u":"images/","p":"img_141.jpg","e":0},{"id":"image_142","w":512,"h":288,"u":"images/","p":"img_142.jpg","e":0},{"id":"image_143","w":512,"h":288,"u":"images/","p":"img_143.jpg","e":0},{"id":"image_144","w":512,"h":288,"u":"images/","p":"img_144.jpg","e":0},{"id":"image_145","w":512,"h":288,"u":"images/","p":"img_145.jpg","e":0},{"id":"image_146","w":512,"h":288,"u":"images/","p":"img_146.jpg","e":0},{"id":"image_147","w":512,"h":288,"u":"images/","p":"img_147.jpg","e":0},{"id":"image_148","w":512,"h":288,"u":"images/","p":"img_148.jpg","e":0},{"id":"image_149","w":512,"h":288,"u":"images/","p":"img_149.jpg","e":0},{"id":"image_150","w":512,"h":288,"u":"images/","p":"img_150.jpg","e":0},{"id":"image_151","w":512,"h":288,"u":"images/","p":"img_151.jpg","e":0},{"id":"image_152","w":512,"h":288,"u":"images/","p":"img_152.jpg","e":0},{"id":"image_153","w":512,"h":288,"u":"images/","p":"img_153.jpg","e":0},{"id":"image_154","w":512,"h":288,"u":"images/","p":"img_154.jpg","e":0},{"id":"image_155","w":512,"h":288,"u":"images/","p":"img_155.jpg","e":0},{"id":"image_156","w":512,"h":288,"u":"images/","p":"img_156.jpg","e":0},{"id":"image_157","w":512,"h":288,"u":"images/","p":"img_157.jpg","e":0},{"id":"image_158","w":512,"h":288,"u":"images/","p":"img_158.jpg","e":0},{"id":"image_159","w":512,"h":288,"u":"images/","p":"img_159.jpg","e":0},{"id":"image_160","w":512,"h":288,"u":"images/","p":"img_160.jpg","e":0},{"id":"image_161","w":512,"h":288,"u":"images/","p":"img_161.jpg","e":0},{"id":"image_162","w":512,"h":288,"u":"images/","p":"img_162.jpg","e":0},{"id":"image_163","w":512,"h":288,"u":"images/","p":"img_163.jpg","e":0},{"id":"image_164","w":512,"h":288,"u":"images/","p":"img_164.jpg","e":0},{"id":"image_165","w":512,"h":288,"u":"images/","p":"img_165.jpg","e":0},{"id":"image_166","w":512,"h":288,"u":"images/","p":"img_166.jpg","e":0},{"id":"image_167","w":512,"h":288,"u":"images/","p":"img_167.jpg","e":0},{"id":"image_168","w":512,"h":288,"u":"images/","p":"img_168.jpg","e":0},{"id":"image_169","w":512,"h":288,"u":"images/","p":"img_169.jpg","e":0},{"id":"image_170","w":512,"h":288,"u":"images/","p":"img_170.jpg","e":0},{"id":"image_171","w":512,"h":288,"u":"images/","p":"img_171.jpg","e":0},{"id":"image_172","w":512,"h":288,"u":"images/","p":"img_172.jpg","e":0},{"id":"image_173","w":512,"h":288,"u":"images/","p":"img_173.jpg","e":0},{"id":"image_174","w":512,"h":288,"u":"images/","p":"img_174.jpg","e":0},{"id":"image_175","w":512,"h":288,"u":"images/","p":"img_175.jpg","e":0},{"id":"image_176","w":512,"h":288,"u":"images/","p":"img_176.jpg","e":0},{"id":"image_177","w":512,"h":288,"u":"images/","p":"img_177.jpg","e":0},{"id":"image_178","w":512,"h":288,"u":"images/","p":"img_178.jpg","e":0},{"id":"image_179","w":512,"h":288,"u":"images/","p":"img_179.jpg","e":0},{"id":"image_180","w":512,"h":288,"u":"images/","p":"img_180.jpg","e":0},{"id":"image_181","w":512,"h":288,"u":"images/","p":"img_181.jpg","e":0},{"id":"image_182","w":512,"h":288,"u":"images/","p":"img_182.jpg","e":0},{"id":"image_183","w":512,"h":288,"u":"images/","p":"img_183.jpg","e":0},{"id":"image_184","w":512,"h":288,"u":"images/","p":"img_184.jpg","e":0},{"id":"image_185","w":512,"h":288,"u":"images/","p":"img_185.jpg","e":0},{"id":"image_186","w":512,"h":288,"u":"images/","p":"img_186.jpg","e":0},{"id":"image_187","w":512,"h":288,"u":"images/","p":"img_187.jpg","e":0},{"id":"image_188","w":512,"h":288,"u":"images/","p":"img_188.jpg","e":0},{"id":"image_189","w":512,"h":288,"u":"images/","p":"img_189.jpg","e":0},{"id":"image_190","w":512,"h":288,"u":"images/","p":"img_190.jpg","e":0},{"id":"image_191","w":512,"h":288,"u":"images/","p":"img_191.jpg","e":0},{"id":"image_192","w":512,"h":288,"u":"images/","p":"img_192.jpg","e":0},{"id":"image_193","w":512,"h":288,"u":"images/","p":"img_193.jpg","e":0},{"id":"image_194","w":512,"h":288,"u":"images/","p":"img_194.jpg","e":0},{"id":"image_195","w":512,"h":288,"u":"images/","p":"img_195.jpg","e":0},{"id":"image_196","w":512,"h":288,"u":"images/","p":"img_196.jpg","e":0},{"id":"image_197","w":512,"h":288,"u":"images/","p":"img_197.jpg","e":0},{"id":"image_198","w":512,"h":288,"u":"images/","p":"img_198.jpg","e":0},{"id":"image_199","w":512,"h":288,"u":"images/","p":"img_199.jpg","e":0},{"id":"image_200","w":512,"h":288,"u":"images/","p":"img_200.jpg","e":0},{"id":"image_201","w":512,"h":288,"u":"images/","p":"img_201.jpg","e":0},{"id":"image_202","w":512,"h":288,"u":"images/","p":"img_202.jpg","e":0},{"id":"image_203","w":512,"h":288,"u":"images/","p":"img_203.jpg","e":0},{"id":"image_204","w":512,"h":288,"u":"images/","p":"img_204.jpg","e":0},{"id":"image_205","w":512,"h":288,"u":"images/","p":"img_205.jpg","e":0},{"id":"image_206","w":512,"h":288,"u":"images/","p":"img_206.jpg","e":0},{"id":"image_207","w":512,"h":288,"u":"images/","p":"img_207.jpg","e":0},{"id":"image_208","w":512,"h":288,"u":"images/","p":"img_208.jpg","e":0},{"id":"image_209","w":512,"h":288,"u":"images/","p":"img_209.jpg","e":0},{"id":"image_210","w":512,"h":288,"u":"images/","p":"img_210.jpg","e":0},{"id":"comp_0","layers":[{"ddd":0,"ind":1,"ty":2,"nm":"1000.png","cl":"png","refId":"image_0","sr":1,"ks":{"o":{"a":0,"k":100,"ix":11},"r":{"a":0,"k":0,"ix":10},"p":{"a":0,"k":[256,144,0],"ix":2},"a":{"a":0,"k":[256,144,0],"ix":1},"s":{"a":0,"k":[100,100,100],"ix":6}},"ao":0,"ip":0,"op":6,"st":0,"bm":0},{"ddd":0,"ind":2,"ty":2,"nm":"1001.png","cl":"png","refId":"image_1","sr":1,"ks":{"o":{"a":0,"k":100,"ix":11},"r":{"a":0,"k":0,"ix":10},"p":{"a":0,"k":[256,144,0],"ix":2},"a":{"a":0,"k":[256,144,0],"ix":1},"s":{"a":0,"k":[100,100,100],"ix":6}},"ao":0,"ip":6,"op":12,"st":6,"bm":0},{"ddd":0,"ind":3,"ty":2,"nm":"1002.png","cl":"png","refId":"image_2","sr":1,"ks":{"o":{"a":0,"k":100,"ix":11},"r":{"a":0,"k":0,"ix":10},"p":{"a":0,"k":[256,144,0],"ix":2},"a":{"a":0,"k":[256,144,0],"ix":1},"s":{"a":0,"k":[100,100,100],"ix":6}},"ao":0,"ip":12,"op":18,"st":12,"bm":0},{"ddd":0,"ind":4,"ty":2,"nm":"1003.png","cl":"png","refId":"image_3","sr":1,"ks":{"o":{"a":0,"k":100,"ix":11},"r":{"a":0,"k":0,"ix":10},"p":{"a":0,"k":[256,144,0],"ix":2},"a":{"a":0,"k":[256,144,0],"ix":1},"s":{"a":0,"k":[100,100,100],"ix":6}},"ao":0,"ip":18,"op":24,"st":18,"bm":0},{"ddd":0,"ind":5,"ty":2,"nm":"1004.png","cl":"png","refId":"image_4","sr":1,"ks":{"o":{"a":0,"k":100,"ix":11},"r":{"a":0,"k":0,"ix":10},"p":{"a":0,"k":[256,144,0],"ix":2},"a":{"a":0,"k":[256,144,0],"ix":1},"s":{"a":0,"k":[100,100,100],"ix":6}},"ao":0,"ip":24,"op":30,"st":24,"bm":0},{"ddd":0,"ind":6,"ty":2,"nm":"1005.png","cl":"png","refId":"image_5","sr":1,"ks":{"o":{"a":0,"k":100,"ix":11},"r":{"a":0,"k":0,"ix":10},"p":{"a":0,"k":[256,144,0],"ix":2},"a":{"a":0,"k":[256,144,0],"ix":1},"s":{"a":0,"k":[100,100,100],"ix":6}},"ao":0,"ip":30,"op":36,"st":30,"bm":0},{"ddd":0,"ind":7,"ty":2,"nm":"1006.png","cl":"png","refId":"image_6","sr":1,"ks":{"o":{"a":0,"k":100,"ix":11},"r":{"a":0,"k":0,"ix":10},"p":{"a":0,"k":[256,144,0],"ix":2},"a":{"a":0,"k":[256,144,0],"ix":1},"s":{"a":0,"k":[100,100,100],"ix":6}},"ao":0,"ip":36,"op":42,"st":36,"bm":0},{"ddd":0,"ind":8,"ty":2,"nm":"1007.png","cl":"png","refId":"image_7","sr":1,"ks":{"o":{"a":0,"k":100,"ix":11},"r":{"a":0,"k":0,"ix":10},"p":{"a":0,"k":[256,144,0],"ix":2},"a":{"a":0,"k":[256,144,0],"ix":1},"s":{"a":0,"k":[100,100,100],"ix":6}},"ao":0,"ip":42,"op":48,"st":42,"bm":0},{"ddd":0,"ind":9,"ty":2,"nm":"1008.png","cl":"png","refId":"image_8","sr":1,"ks":{"o":{"a":0,"k":100,"ix":11},"r":{"a":0,"k":0,"ix":10},"p":{"a":0,"k":[256,144,0],"ix":2},"a":{"a":0,"k":[256,144,0],"ix":1},"s":{"a":0,"k":[100,100,100],"ix":6}},"ao":0,"ip":48,"op":54,"st":48,"bm":0},{"ddd":0,"ind":10,"ty":2,"nm":"1009.png","cl":"png","refId":"image_9","sr":1,"ks":{"o":{"a":0,"k":100,"ix":11},"r":{"a":0,"k":0,"ix":10},"p":{"a":0,"k":[256,144,0],"ix":2},"a":{"a":0,"k":[256,144,0],"ix":1},"s":{"a":0,"k":[100,100,100],"ix":6}},"ao":0,"ip":54,"op":60,"st":54,"bm":0},{"ddd":0,"ind":11,"ty":2,"nm":"1010.png","cl":"png","refId":"image_10","sr":1,"ks":{"o":{"a":0,"k":100,"ix":11},"r":{"a":0,"k":0,"ix":10},"p":{"a":0,"k":[256,144,0],"ix":2},"a":{"a":0,"k":[256,144,0],"ix":1},"s":{"a":0,"k":[100,100,100],"ix":6}},"ao":0,"ip":60,"op":66,"st":60,"bm":0},{"ddd":0,"ind":12,"ty":2,"nm":"1011.png","cl":"png","refId":"image_11","sr":1,"ks":{"o":{"a":0,"k":100,"ix":11},"r":{"a":0,"k":0,"ix":10},"p":{"a":0,"k":[256,144,0],"ix":2},"a":{"a":0,"k":[256,144,0],"ix":1},"s":{"a":0,"k":[100,100,100],"ix":6}},"ao":0,"ip":66,"op":72,"st":66,"bm":0},{"ddd":0,"ind":13,"ty":2,"nm":"1012.png","cl":"png","refId":"image_12","sr":1,"ks":{"o":{"a":0,"k":100,"ix":11},"r":{"a":0,"k":0,"ix":10},"p":{"a":0,"k":[256,144,0],"ix":2},"a":{"a":0,"k":[256,144,0],"ix":1},"s":{"a":0,"k":[100,100,100],"ix":6}},"ao":0,"ip":72,"op":78,"st":72,"bm":0},{"ddd":0,"ind":14,"ty":2,"nm":"1013.png","cl":"png","refId":"image_13","sr":1,"ks":{"o":{"a":0,"k":100,"ix":11},"r":{"a":0,"k":0,"ix":10},"p":{"a":0,"k":[256,144,0],"ix":2},"a":{"a":0,"k":[256,144,0],"ix":1},"s":{"a":0,"k":[100,100,100],"ix":6}},"ao":0,"ip":78,"op":84,"st":78,"bm":0},{"ddd":0,"ind":15,"ty":2,"nm":"1014.png","cl":"png","refId":"image_14","sr":1,"ks":{"o":{"a":0,"k":100,"ix":11},"r":{"a":0,"k":0,"ix":10},"p":{"a":0,"k":[256,144,0],"ix":2},"a":{"a":0,"k":[256,144,0],"ix":1},"s":{"a":0,"k":[100,100,100],"ix":6}},"ao":0,"ip":84,"op":90,"st":84,"bm":0},{"ddd":0,"ind":16,"ty":2,"nm":"1015.png","cl":"png","refId":"image_15","sr":1,"ks":{"o":{"a":0,"k":100,"ix":11},"r":{"a":0,"k":0,"ix":10},"p":{"a":0,"k":[256,144,0],"ix":2},"a":{"a":0,"k":[256,144,0],"ix":1},"s":{"a":0,"k":[100,100,100],"ix":6}},"ao":0,"ip":90,"op":96,"st":90,"bm":0},{"ddd":0,"ind":17,"ty":2,"nm":"1016.png","cl":"png","refId":"image_16","sr":1,"ks":{"o":{"a":0,"k":100,"ix":11},"r":{"a":0,"k":0,"ix":10},"p":{"a":0,"k":[256,144,0],"ix":2},"a":{"a":0,"k":[256,144,0],"ix":1},"s":{"a":0,"k":[100,100,100],"ix":6}},"ao":0,"ip":96,"op":102,"st":96,"bm":0},{"ddd":0,"ind":18,"ty":2,"nm":"1017.png","cl":"png","refId":"image_17","sr":1,"ks":{"o":{"a":0,"k":100,"ix":11},"r":{"a":0,"k":0,"ix":10},"p":{"a":0,"k":[256,144,0],"ix":2},"a":{"a":0,"k":[256,144,0],"ix":1},"s":{"a":0,"k":[100,100,100],"ix":6}},"ao":0,"ip":102,"op":108,"st":102,"bm":0},{"ddd":0,"ind":19,"ty":2,"nm":"1018.png","cl":"png","refId":"image_18","sr":1,"ks":{"o":{"a":0,"k":100,"ix":11},"r":{"a":0,"k":0,"ix":10},"p":{"a":0,"k":[256,144,0],"ix":2},"a":{"a":0,"k":[256,144,0],"ix":1},"s":{"a":0,"k":[100,100,100],"ix":6}},"ao":0,"ip":108,"op":114,"st":108,"bm":0},{"ddd":0,"ind":20,"ty":2,"nm":"1019.png","cl":"png","refId":"image_19","sr":1,"ks":{"o":{"a":0,"k":100,"ix":11},"r":{"a":0,"k":0,"ix":10},"p":{"a":0,"k":[256,144,0],"ix":2},"a":{"a":0,"k":[256,144,0],"ix":1},"s":{"a":0,"k":[100,100,100],"ix":6}},"ao":0,"ip":114,"op":120,"st":114,"bm":0},{"ddd":0,"ind":21,"ty":2,"nm":"1020.png","cl":"png","refId":"image_20","sr":1,"ks":{"o":{"a":0,"k":100,"ix":11},"r":{"a":0,"k":0,"ix":10},"p":{"a":0,"k":[256,144,0],"ix":2},"a":{"a":0,"k":[256,144,0],"ix":1},"s":{"a":0,"k":[100,100,100],"ix":6}},"ao":0,"ip":120,"op":126,"st":120,"bm":0},{"ddd":0,"ind":22,"ty":2,"nm":"1021.png","cl":"png","refId":"image_21","sr":1,"ks":{"o":{"a":0,"k":100,"ix":11},"r":{"a":0,"k":0,"ix":10},"p":{"a":0,"k":[256,144,0],"ix":2},"a":{"a":0,"k":[256,144,0],"ix":1},"s":{"a":0,"k":[100,100,100],"ix":6}},"ao":0,"ip":126,"op":132,"st":126,"bm":0},{"ddd":0,"ind":23,"ty":2,"nm":"1022.png","cl":"png","refId":"image_22","sr":1,"ks":{"o":{"a":0,"k":100,"ix":11},"r":{"a":0,"k":0,"ix":10},"p":{"a":0,"k":[256,144,0],"ix":2},"a":{"a":0,"k":[256,144,0],"ix":1},"s":{"a":0,"k":[100,100,100],"ix":6}},"ao":0,"ip":132,"op":138,"st":132,"bm":0},{"ddd":0,"ind":24,"ty":2,"nm":"1023.png","cl":"png","refId":"image_23","sr":1,"ks":{"o":{"a":0,"k":100,"ix":11},"r":{"a":0,"k":0,"ix":10},"p":{"a":0,"k":[256,144,0],"ix":2},"a":{"a":0,"k":[256,144,0],"ix":1},"s":{"a":0,"k":[100,100,100],"ix":6}},"ao":0,"ip":138,"op":144,"st":138,"bm":0},{"ddd":0,"ind":25,"ty":2,"nm":"1024.png","cl":"png","refId":"image_24","sr":1,"ks":{"o":{"a":0,"k":100,"ix":11},"r":{"a":0,"k":0,"ix":10},"p":{"a":0,"k":[256,144,0],"ix":2},"a":{"a":0,"k":[256,144,0],"ix":1},"s":{"a":0,"k":[100,100,100],"ix":6}},"ao":0,"ip":144,"op":150,"st":144,"bm":0},{"ddd":0,"ind":26,"ty":2,"nm":"1025.png","cl":"png","refId":"image_25","sr":1,"ks":{"o":{"a":0,"k":100,"ix":11},"r":{"a":0,"k":0,"ix":10},"p":{"a":0,"k":[256,144,0],"ix":2},"a":{"a":0,"k":[256,144,0],"ix":1},"s":{"a":0,"k":[100,100,100],"ix":6}},"ao":0,"ip":150,"op":156,"st":150,"bm":0},{"ddd":0,"ind":27,"ty":2,"nm":"1026.png","cl":"png","refId":"image_26","sr":1,"ks":{"o":{"a":0,"k":100,"ix":11},"r":{"a":0,"k":0,"ix":10},"p":{"a":0,"k":[256,144,0],"ix":2},"a":{"a":0,"k":[256,144,0],"ix":1},"s":{"a":0,"k":[100,100,100],"ix":6}},"ao":0,"ip":156,"op":162,"st":156,"bm":0},{"ddd":0,"ind":28,"ty":2,"nm":"1027.png","cl":"png","refId":"image_27","sr":1,"ks":{"o":{"a":0,"k":100,"ix":11},"r":{"a":0,"k":0,"ix":10},"p":{"a":0,"k":[256,144,0],"ix":2},"a":{"a":0,"k":[256,144,0],"ix":1},"s":{"a":0,"k":[100,100,100],"ix":6}},"ao":0,"ip":162,"op":168,"st":162,"bm":0},{"ddd":0,"ind":29,"ty":2,"nm":"1028.png","cl":"png","refId":"image_28","sr":1,"ks":{"o":{"a":0,"k":100,"ix":11},"r":{"a":0,"k":0,"ix":10},"p":{"a":0,"k":[256,144,0],"ix":2},"a":{"a":0,"k":[256,144,0],"ix":1},"s":{"a":0,"k":[100,100,100],"ix":6}},"ao":0,"ip":168,"op":174,"st":168,"bm":0},{"ddd":0,"ind":30,"ty":2,"nm":"1029.png","cl":"png","refId":"image_29","sr":1,"ks":{"o":{"a":0,"k":100,"ix":11},"r":{"a":0,"k":0,"ix":10},"p":{"a":0,"k":[256,144,0],"ix":2},"a":{"a":0,"k":[256,144,0],"ix":1},"s":{"a":0,"k":[100,100,100],"ix":6}},"ao":0,"ip":174,"op":180,"st":174,"bm":0},{"ddd":0,"ind":31,"ty":2,"nm":"1030.png","cl":"png","refId":"image_30","sr":1,"ks":{"o":{"a":0,"k":100,"ix":11},"r":{"a":0,"k":0,"ix":10},"p":{"a":0,"k":[256,144,0],"ix":2},"a":{"a":0,"k":[256,144,0],"ix":1},"s":{"a":0,"k":[100,100,100],"ix":6}},"ao":0,"ip":180,"op":186,"st":180,"bm":0},{"ddd":0,"ind":32,"ty":2,"nm":"1031.png","cl":"png","refId":"image_31","sr":1,"ks":{"o":{"a":0,"k":100,"ix":11},"r":{"a":0,"k":0,"ix":10},"p":{"a":0,"k":[256,144,0],"ix":2},"a":{"a":0,"k":[256,144,0],"ix":1},"s":{"a":0,"k":[100,100,100],"ix":6}},"ao":0,"ip":186,"op":192,"st":186,"bm":0},{"ddd":0,"ind":33,"ty":2,"nm":"1032.png","cl":"png","refId":"image_32","sr":1,"ks":{"o":{"a":0,"k":100,"ix":11},"r":{"a":0,"k":0,"ix":10},"p":{"a":0,"k":[256,144,0],"ix":2},"a":{"a":0,"k":[256,144,0],"ix":1},"s":{"a":0,"k":[100,100,100],"ix":6}},"ao":0,"ip":192,"op":198,"st":192,"bm":0},{"ddd":0,"ind":34,"ty":2,"nm":"1033.png","cl":"png","refId":"image_33","sr":1,"ks":{"o":{"a":0,"k":100,"ix":11},"r":{"a":0,"k":0,"ix":10},"p":{"a":0,"k":[256,144,0],"ix":2},"a":{"a":0,"k":[256,144,0],"ix":1},"s":{"a":0,"k":[100,100,100],"ix":6}},"ao":0,"ip":198,"op":204,"st":198,"bm":0},{"ddd":0,"ind":35,"ty":2,"nm":"1034.png","cl":"png","refId":"image_34","sr":1,"ks":{"o":{"a":0,"k":100,"ix":11},"r":{"a":0,"k":0,"ix":10},"p":{"a":0,"k":[256,144,0],"ix":2},"a":{"a":0,"k":[256,144,0],"ix":1},"s":{"a":0,"k":[100,100,100],"ix":6}},"ao":0,"ip":204,"op":210,"st":204,"bm":0},{"ddd":0,"ind":36,"ty":2,"nm":"1035.png","cl":"png","refId":"image_35","sr":1,"ks":{"o":{"a":0,"k":100,"ix":11},"r":{"a":0,"k":0,"ix":10},"p":{"a":0,"k":[256,144,0],"ix":2},"a":{"a":0,"k":[256,144,0],"ix":1},"s":{"a":0,"k":[100,100,100],"ix":6}},"ao":0,"ip":210,"op":216,"st":210,"bm":0},{"ddd":0,"ind":37,"ty":2,"nm":"1036.png","cl":"png","refId":"image_36","sr":1,"ks":{"o":{"a":0,"k":100,"ix":11},"r":{"a":0,"k":0,"ix":10},"p":{"a":0,"k":[256,144,0],"ix":2},"a":{"a":0,"k":[256,144,0],"ix":1},"s":{"a":0,"k":[100,100,100],"ix":6}},"ao":0,"ip":216,"op":222,"st":216,"bm":0},{"ddd":0,"ind":38,"ty":2,"nm":"1037.png","cl":"png","refId":"image_37","sr":1,"ks":{"o":{"a":0,"k":100,"ix":11},"r":{"a":0,"k":0,"ix":10},"p":{"a":0,"k":[256,144,0],"ix":2},"a":{"a":0,"k":[256,144,0],"ix":1},"s":{"a":0,"k":[100,100,100],"ix":6}},"ao":0,"ip":222,"op":228,"st":222,"bm":0},{"ddd":0,"ind":39,"ty":2,"nm":"1038.png","cl":"png","refId":"image_38","sr":1,"ks":{"o":{"a":0,"k":100,"ix":11},"r":{"a":0,"k":0,"ix":10},"p":{"a":0,"k":[256,144,0],"ix":2},"a":{"a":0,"k":[256,144,0],"ix":1},"s":{"a":0,"k":[100,100,100],"ix":6}},"ao":0,"ip":228,"op":234,"st":228,"bm":0},{"ddd":0,"ind":40,"ty":2,"nm":"1039.png","cl":"png","refId":"image_39","sr":1,"ks":{"o":{"a":0,"k":100,"ix":11},"r":{"a":0,"k":0,"ix":10},"p":{"a":0,"k":[256,144,0],"ix":2},"a":{"a":0,"k":[256,144,0],"ix":1},"s":{"a":0,"k":[100,100,100],"ix":6}},"ao":0,"ip":234,"op":240,"st":234,"bm":0},{"ddd":0,"ind":41,"ty":2,"nm":"1040.png","cl":"png","refId":"image_40","sr":1,"ks":{"o":{"a":0,"k":100,"ix":11},"r":{"a":0,"k":0,"ix":10},"p":{"a":0,"k":[256,144,0],"ix":2},"a":{"a":0,"k":[256,144,0],"ix":1},"s":{"a":0,"k":[100,100,100],"ix":6}},"ao":0,"ip":240,"op":246,"st":240,"bm":0},{"ddd":0,"ind":42,"ty":2,"nm":"1041.png","cl":"png","refId":"image_41","sr":1,"ks":{"o":{"a":0,"k":100,"ix":11},"r":{"a":0,"k":0,"ix":10},"p":{"a":0,"k":[256,144,0],"ix":2},"a":{"a":0,"k":[256,144,0],"ix":1},"s":{"a":0,"k":[100,100,100],"ix":6}},"ao":0,"ip":246,"op":252,"st":246,"bm":0},{"ddd":0,"ind":43,"ty":2,"nm":"1042.png","cl":"png","refId":"image_42","sr":1,"ks":{"o":{"a":0,"k":100,"ix":11},"r":{"a":0,"k":0,"ix":10},"p":{"a":0,"k":[256,144,0],"ix":2},"a":{"a":0,"k":[256,144,0],"ix":1},"s":{"a":0,"k":[100,100,100],"ix":6}},"ao":0,"ip":252,"op":258,"st":252,"bm":0},{"ddd":0,"ind":44,"ty":2,"nm":"1043.png","cl":"png","refId":"image_43","sr":1,"ks":{"o":{"a":0,"k":100,"ix":11},"r":{"a":0,"k":0,"ix":10},"p":{"a":0,"k":[256,144,0],"ix":2},"a":{"a":0,"k":[256,144,0],"ix":1},"s":{"a":0,"k":[100,100,100],"ix":6}},"ao":0,"ip":258,"op":264,"st":258,"bm":0},{"ddd":0,"ind":45,"ty":2,"nm":"1044.png","cl":"png","refId":"image_44","sr":1,"ks":{"o":{"a":0,"k":100,"ix":11},"r":{"a":0,"k":0,"ix":10},"p":{"a":0,"k":[256,144,0],"ix":2},"a":{"a":0,"k":[256,144,0],"ix":1},"s":{"a":0,"k":[100,100,100],"ix":6}},"ao":0,"ip":264,"op":270,"st":264,"bm":0},{"ddd":0,"ind":46,"ty":2,"nm":"1045.png","cl":"png","refId":"image_45","sr":1,"ks":{"o":{"a":0,"k":100,"ix":11},"r":{"a":0,"k":0,"ix":10},"p":{"a":0,"k":[256,144,0],"ix":2},"a":{"a":0,"k":[256,144,0],"ix":1},"s":{"a":0,"k":[100,100,100],"ix":6}},"ao":0,"ip":270,"op":276,"st":270,"bm":0},{"ddd":0,"ind":47,"ty":2,"nm":"1046.png","cl":"png","refId":"image_46","sr":1,"ks":{"o":{"a":0,"k":100,"ix":11},"r":{"a":0,"k":0,"ix":10},"p":{"a":0,"k":[256,144,0],"ix":2},"a":{"a":0,"k":[256,144,0],"ix":1},"s":{"a":0,"k":[100,100,100],"ix":6}},"ao":0,"ip":276,"op":282,"st":276,"bm":0},{"ddd":0,"ind":48,"ty":2,"nm":"1047.png","cl":"png","refId":"image_47","sr":1,"ks":{"o":{"a":0,"k":100,"ix":11},"r":{"a":0,"k":0,"ix":10},"p":{"a":0,"k":[256,144,0],"ix":2},"a":{"a":0,"k":[256,144,0],"ix":1},"s":{"a":0,"k":[100,100,100],"ix":6}},"ao":0,"ip":282,"op":288,"st":282,"bm":0},{"ddd":0,"ind":49,"ty":2,"nm":"1048.png","cl":"png","refId":"image_48","sr":1,"ks":{"o":{"a":0,"k":100,"ix":11},"r":{"a":0,"k":0,"ix":10},"p":{"a":0,"k":[256,144,0],"ix":2},"a":{"a":0,"k":[256,144,0],"ix":1},"s":{"a":0,"k":[100,100,100],"ix":6}},"ao":0,"ip":288,"op":294,"st":288,"bm":0},{"ddd":0,"ind":50,"ty":2,"nm":"1049.png","cl":"png","refId":"image_49","sr":1,"ks":{"o":{"a":0,"k":100,"ix":11},"r":{"a":0,"k":0,"ix":10},"p":{"a":0,"k":[256,144,0],"ix":2},"a":{"a":0,"k":[256,144,0],"ix":1},"s":{"a":0,"k":[100,100,100],"ix":6}},"ao":0,"ip":294,"op":300,"st":294,"bm":0},{"ddd":0,"ind":51,"ty":2,"nm":"1050.png","cl":"png","refId":"image_50","sr":1,"ks":{"o":{"a":0,"k":100,"ix":11},"r":{"a":0,"k":0,"ix":10},"p":{"a":0,"k":[256,144,0],"ix":2},"a":{"a":0,"k":[256,144,0],"ix":1},"s":{"a":0,"k":[100,100,100],"ix":6}},"ao":0,"ip":300,"op":306,"st":300,"bm":0},{"ddd":0,"ind":52,"ty":2,"nm":"1051.png","cl":"png","refId":"image_51","sr":1,"ks":{"o":{"a":0,"k":100,"ix":11},"r":{"a":0,"k":0,"ix":10},"p":{"a":0,"k":[256,144,0],"ix":2},"a":{"a":0,"k":[256,144,0],"ix":1},"s":{"a":0,"k":[100,100,100],"ix":6}},"ao":0,"ip":306,"op":312,"st":306,"bm":0},{"ddd":0,"ind":53,"ty":2,"nm":"1052.png","cl":"png","refId":"image_52","sr":1,"ks":{"o":{"a":0,"k":100,"ix":11},"r":{"a":0,"k":0,"ix":10},"p":{"a":0,"k":[256,144,0],"ix":2},"a":{"a":0,"k":[256,144,0],"ix":1},"s":{"a":0,"k":[100,100,100],"ix":6}},"ao":0,"ip":312,"op":318,"st":312,"bm":0},{"ddd":0,"ind":54,"ty":2,"nm":"1053.png","cl":"png","refId":"image_53","sr":1,"ks":{"o":{"a":0,"k":100,"ix":11},"r":{"a":0,"k":0,"ix":10},"p":{"a":0,"k":[256,144,0],"ix":2},"a":{"a":0,"k":[256,144,0],"ix":1},"s":{"a":0,"k":[100,100,100],"ix":6}},"ao":0,"ip":318,"op":324,"st":318,"bm":0},{"ddd":0,"ind":55,"ty":2,"nm":"1054.png","cl":"png","refId":"image_54","sr":1,"ks":{"o":{"a":0,"k":100,"ix":11},"r":{"a":0,"k":0,"ix":10},"p":{"a":0,"k":[256,144,0],"ix":2},"a":{"a":0,"k":[256,144,0],"ix":1},"s":{"a":0,"k":[100,100,100],"ix":6}},"ao":0,"ip":324,"op":330,"st":324,"bm":0},{"ddd":0,"ind":56,"ty":2,"nm":"1055.png","cl":"png","refId":"image_55","sr":1,"ks":{"o":{"a":0,"k":100,"ix":11},"r":{"a":0,"k":0,"ix":10},"p":{"a":0,"k":[256,144,0],"ix":2},"a":{"a":0,"k":[256,144,0],"ix":1},"s":{"a":0,"k":[100,100,100],"ix":6}},"ao":0,"ip":330,"op":336,"st":330,"bm":0},{"ddd":0,"ind":57,"ty":2,"nm":"1056.png","cl":"png","refId":"image_56","sr":1,"ks":{"o":{"a":0,"k":100,"ix":11},"r":{"a":0,"k":0,"ix":10},"p":{"a":0,"k":[256,144,0],"ix":2},"a":{"a":0,"k":[256,144,0],"ix":1},"s":{"a":0,"k":[100,100,100],"ix":6}},"ao":0,"ip":336,"op":342,"st":336,"bm":0},{"ddd":0,"ind":58,"ty":2,"nm":"1057.png","cl":"png","refId":"image_57","sr":1,"ks":{"o":{"a":0,"k":100,"ix":11},"r":{"a":0,"k":0,"ix":10},"p":{"a":0,"k":[256,144,0],"ix":2},"a":{"a":0,"k":[256,144,0],"ix":1},"s":{"a":0,"k":[100,100,100],"ix":6}},"ao":0,"ip":342,"op":348,"st":342,"bm":0},{"ddd":0,"ind":59,"ty":2,"nm":"1058.png","cl":"png","refId":"image_58","sr":1,"ks":{"o":{"a":0,"k":100,"ix":11},"r":{"a":0,"k":0,"ix":10},"p":{"a":0,"k":[256,144,0],"ix":2},"a":{"a":0,"k":[256,144,0],"ix":1},"s":{"a":0,"k":[100,100,100],"ix":6}},"ao":0,"ip":348,"op":354,"st":348,"bm":0},{"ddd":0,"ind":60,"ty":2,"nm":"1059.png","cl":"png","refId":"image_59","sr":1,"ks":{"o":{"a":0,"k":100,"ix":11},"r":{"a":0,"k":0,"ix":10},"p":{"a":0,"k":[256,144,0],"ix":2},"a":{"a":0,"k":[256,144,0],"ix":1},"s":{"a":0,"k":[100,100,100],"ix":6}},"ao":0,"ip":354,"op":360,"st":354,"bm":0},{"ddd":0,"ind":61,"ty":2,"nm":"1060.png","cl":"png","refId":"image_60","sr":1,"ks":{"o":{"a":0,"k":100,"ix":11},"r":{"a":0,"k":0,"ix":10},"p":{"a":0,"k":[256,144,0],"ix":2},"a":{"a":0,"k":[256,144,0],"ix":1},"s":{"a":0,"k":[100,100,100],"ix":6}},"ao":0,"ip":360,"op":366,"st":360,"bm":0},{"ddd":0,"ind":62,"ty":2,"nm":"1061.png","cl":"png","refId":"image_61","sr":1,"ks":{"o":{"a":0,"k":100,"ix":11},"r":{"a":0,"k":0,"ix":10},"p":{"a":0,"k":[256,144,0],"ix":2},"a":{"a":0,"k":[256,144,0],"ix":1},"s":{"a":0,"k":[100,100,100],"ix":6}},"ao":0,"ip":366,"op":372,"st":366,"bm":0},{"ddd":0,"ind":63,"ty":2,"nm":"1062.png","cl":"png","refId":"image_62","sr":1,"ks":{"o":{"a":0,"k":100,"ix":11},"r":{"a":0,"k":0,"ix":10},"p":{"a":0,"k":[256,144,0],"ix":2},"a":{"a":0,"k":[256,144,0],"ix":1},"s":{"a":0,"k":[100,100,100],"ix":6}},"ao":0,"ip":372,"op":378,"st":372,"bm":0},{"ddd":0,"ind":64,"ty":2,"nm":"1063.png","cl":"png","refId":"image_63","sr":1,"ks":{"o":{"a":0,"k":100,"ix":11},"r":{"a":0,"k":0,"ix":10},"p":{"a":0,"k":[256,144,0],"ix":2},"a":{"a":0,"k":[256,144,0],"ix":1},"s":{"a":0,"k":[100,100,100],"ix":6}},"ao":0,"ip":378,"op":384,"st":378,"bm":0},{"ddd":0,"ind":65,"ty":2,"nm":"1064.png","cl":"png","refId":"image_64","sr":1,"ks":{"o":{"a":0,"k":100,"ix":11},"r":{"a":0,"k":0,"ix":10},"p":{"a":0,"k":[256,144,0],"ix":2},"a":{"a":0,"k":[256,144,0],"ix":1},"s":{"a":0,"k":[100,100,100],"ix":6}},"ao":0,"ip":384,"op":390,"st":384,"bm":0},{"ddd":0,"ind":66,"ty":2,"nm":"1065.png","cl":"png","refId":"image_65","sr":1,"ks":{"o":{"a":0,"k":100,"ix":11},"r":{"a":0,"k":0,"ix":10},"p":{"a":0,"k":[256,144,0],"ix":2},"a":{"a":0,"k":[256,144,0],"ix":1},"s":{"a":0,"k":[100,100,100],"ix":6}},"ao":0,"ip":390,"op":396,"st":390,"bm":0},{"ddd":0,"ind":67,"ty":2,"nm":"1066.png","cl":"png","refId":"image_66","sr":1,"ks":{"o":{"a":0,"k":100,"ix":11},"r":{"a":0,"k":0,"ix":10},"p":{"a":0,"k":[256,144,0],"ix":2},"a":{"a":0,"k":[256,144,0],"ix":1},"s":{"a":0,"k":[100,100,100],"ix":6}},"ao":0,"ip":396,"op":402,"st":396,"bm":0},{"ddd":0,"ind":68,"ty":2,"nm":"1067.png","cl":"png","refId":"image_67","sr":1,"ks":{"o":{"a":0,"k":100,"ix":11},"r":{"a":0,"k":0,"ix":10},"p":{"a":0,"k":[256,144,0],"ix":2},"a":{"a":0,"k":[256,144,0],"ix":1},"s":{"a":0,"k":[100,100,100],"ix":6}},"ao":0,"ip":402,"op":408,"st":402,"bm":0},{"ddd":0,"ind":69,"ty":2,"nm":"1068.png","cl":"png","refId":"image_68","sr":1,"ks":{"o":{"a":0,"k":100,"ix":11},"r":{"a":0,"k":0,"ix":10},"p":{"a":0,"k":[256,144,0],"ix":2},"a":{"a":0,"k":[256,144,0],"ix":1},"s":{"a":0,"k":[100,100,100],"ix":6}},"ao":0,"ip":408,"op":414,"st":408,"bm":0},{"ddd":0,"ind":70,"ty":2,"nm":"1069.png","cl":"png","refId":"image_69","sr":1,"ks":{"o":{"a":0,"k":100,"ix":11},"r":{"a":0,"k":0,"ix":10},"p":{"a":0,"k":[256,144,0],"ix":2},"a":{"a":0,"k":[256,144,0],"ix":1},"s":{"a":0,"k":[100,100,100],"ix":6}},"ao":0,"ip":414,"op":420,"st":414,"bm":0},{"ddd":0,"ind":71,"ty":2,"nm":"1070.png","cl":"png","refId":"image_70","sr":1,"ks":{"o":{"a":0,"k":100,"ix":11},"r":{"a":0,"k":0,"ix":10},"p":{"a":0,"k":[256,144,0],"ix":2},"a":{"a":0,"k":[256,144,0],"ix":1},"s":{"a":0,"k":[100,100,100],"ix":6}},"ao":0,"ip":420,"op":426,"st":420,"bm":0},{"ddd":0,"ind":72,"ty":2,"nm":"1071.png","cl":"png","refId":"image_71","sr":1,"ks":{"o":{"a":0,"k":100,"ix":11},"r":{"a":0,"k":0,"ix":10},"p":{"a":0,"k":[256,144,0],"ix":2},"a":{"a":0,"k":[256,144,0],"ix":1},"s":{"a":0,"k":[100,100,100],"ix":6}},"ao":0,"ip":426,"op":432,"st":426,"bm":0},{"ddd":0,"ind":73,"ty":2,"nm":"1072.png","cl":"png","refId":"image_72","sr":1,"ks":{"o":{"a":0,"k":100,"ix":11},"r":{"a":0,"k":0,"ix":10},"p":{"a":0,"k":[256,144,0],"ix":2},"a":{"a":0,"k":[256,144,0],"ix":1},"s":{"a":0,"k":[100,100,100],"ix":6}},"ao":0,"ip":432,"op":438,"st":432,"bm":0},{"ddd":0,"ind":74,"ty":2,"nm":"1073.png","cl":"png","refId":"image_73","sr":1,"ks":{"o":{"a":0,"k":100,"ix":11},"r":{"a":0,"k":0,"ix":10},"p":{"a":0,"k":[256,144,0],"ix":2},"a":{"a":0,"k":[256,144,0],"ix":1},"s":{"a":0,"k":[100,100,100],"ix":6}},"ao":0,"ip":438,"op":444,"st":438,"bm":0},{"ddd":0,"ind":75,"ty":2,"nm":"1074.png","cl":"png","refId":"image_74","sr":1,"ks":{"o":{"a":0,"k":100,"ix":11},"r":{"a":0,"k":0,"ix":10},"p":{"a":0,"k":[256,144,0],"ix":2},"a":{"a":0,"k":[256,144,0],"ix":1},"s":{"a":0,"k":[100,100,100],"ix":6}},"ao":0,"ip":444,"op":450,"st":444,"bm":0},{"ddd":0,"ind":76,"ty":2,"nm":"1075.png","cl":"png","refId":"image_75","sr":1,"ks":{"o":{"a":0,"k":100,"ix":11},"r":{"a":0,"k":0,"ix":10},"p":{"a":0,"k":[256,144,0],"ix":2},"a":{"a":0,"k":[256,144,0],"ix":1},"s":{"a":0,"k":[100,100,100],"ix":6}},"ao":0,"ip":450,"op":456,"st":450,"bm":0},{"ddd":0,"ind":77,"ty":2,"nm":"1076.png","cl":"png","refId":"image_76","sr":1,"ks":{"o":{"a":0,"k":100,"ix":11},"r":{"a":0,"k":0,"ix":10},"p":{"a":0,"k":[256,144,0],"ix":2},"a":{"a":0,"k":[256,144,0],"ix":1},"s":{"a":0,"k":[100,100,100],"ix":6}},"ao":0,"ip":456,"op":462,"st":456,"bm":0},{"ddd":0,"ind":78,"ty":2,"nm":"1077.png","cl":"png","refId":"image_77","sr":1,"ks":{"o":{"a":0,"k":100,"ix":11},"r":{"a":0,"k":0,"ix":10},"p":{"a":0,"k":[256,144,0],"ix":2},"a":{"a":0,"k":[256,144,0],"ix":1},"s":{"a":0,"k":[100,100,100],"ix":6}},"ao":0,"ip":462,"op":468,"st":462,"bm":0},{"ddd":0,"ind":79,"ty":2,"nm":"1078.png","cl":"png","refId":"image_78","sr":1,"ks":{"o":{"a":0,"k":100,"ix":11},"r":{"a":0,"k":0,"ix":10},"p":{"a":0,"k":[256,144,0],"ix":2},"a":{"a":0,"k":[256,144,0],"ix":1},"s":{"a":0,"k":[100,100,100],"ix":6}},"ao":0,"ip":468,"op":474,"st":468,"bm":0},{"ddd":0,"ind":80,"ty":2,"nm":"1079.png","cl":"png","refId":"image_79","sr":1,"ks":{"o":{"a":0,"k":100,"ix":11},"r":{"a":0,"k":0,"ix":10},"p":{"a":0,"k":[256,144,0],"ix":2},"a":{"a":0,"k":[256,144,0],"ix":1},"s":{"a":0,"k":[100,100,100],"ix":6}},"ao":0,"ip":474,"op":480,"st":474,"bm":0},{"ddd":0,"ind":81,"ty":2,"nm":"1080.png","cl":"png","refId":"image_80","sr":1,"ks":{"o":{"a":0,"k":100,"ix":11},"r":{"a":0,"k":0,"ix":10},"p":{"a":0,"k":[256,144,0],"ix":2},"a":{"a":0,"k":[256,144,0],"ix":1},"s":{"a":0,"k":[100,100,100],"ix":6}},"ao":0,"ip":480,"op":486,"st":480,"bm":0},{"ddd":0,"ind":82,"ty":2,"nm":"1081.png","cl":"png","refId":"image_81","sr":1,"ks":{"o":{"a":0,"k":100,"ix":11},"r":{"a":0,"k":0,"ix":10},"p":{"a":0,"k":[256,144,0],"ix":2},"a":{"a":0,"k":[256,144,0],"ix":1},"s":{"a":0,"k":[100,100,100],"ix":6}},"ao":0,"ip":486,"op":492,"st":486,"bm":0},{"ddd":0,"ind":83,"ty":2,"nm":"1082.png","cl":"png","refId":"image_82","sr":1,"ks":{"o":{"a":0,"k":100,"ix":11},"r":{"a":0,"k":0,"ix":10},"p":{"a":0,"k":[256,144,0],"ix":2},"a":{"a":0,"k":[256,144,0],"ix":1},"s":{"a":0,"k":[100,100,100],"ix":6}},"ao":0,"ip":492,"op":498,"st":492,"bm":0},{"ddd":0,"ind":84,"ty":2,"nm":"1083.png","cl":"png","refId":"image_83","sr":1,"ks":{"o":{"a":0,"k":100,"ix":11},"r":{"a":0,"k":0,"ix":10},"p":{"a":0,"k":[256,144,0],"ix":2},"a":{"a":0,"k":[256,144,0],"ix":1},"s":{"a":0,"k":[100,100,100],"ix":6}},"ao":0,"ip":498,"op":504,"st":498,"bm":0},{"ddd":0,"ind":85,"ty":2,"nm":"1084.png","cl":"png","refId":"image_84","sr":1,"ks":{"o":{"a":0,"k":100,"ix":11},"r":{"a":0,"k":0,"ix":10},"p":{"a":0,"k":[256,144,0],"ix":2},"a":{"a":0,"k":[256,144,0],"ix":1},"s":{"a":0,"k":[100,100,100],"ix":6}},"ao":0,"ip":504,"op":510,"st":504,"bm":0},{"ddd":0,"ind":86,"ty":2,"nm":"1085.png","cl":"png","refId":"image_85","sr":1,"ks":{"o":{"a":0,"k":100,"ix":11},"r":{"a":0,"k":0,"ix":10},"p":{"a":0,"k":[256,144,0],"ix":2},"a":{"a":0,"k":[256,144,0],"ix":1},"s":{"a":0,"k":[100,100,100],"ix":6}},"ao":0,"ip":510,"op":516,"st":510,"bm":0},{"ddd":0,"ind":87,"ty":2,"nm":"1086.png","cl":"png","refId":"image_86","sr":1,"ks":{"o":{"a":0,"k":100,"ix":11},"r":{"a":0,"k":0,"ix":10},"p":{"a":0,"k":[256,144,0],"ix":2},"a":{"a":0,"k":[256,144,0],"ix":1},"s":{"a":0,"k":[100,100,100],"ix":6}},"ao":0,"ip":516,"op":522,"st":516,"bm":0},{"ddd":0,"ind":88,"ty":2,"nm":"1087.png","cl":"png","refId":"image_87","sr":1,"ks":{"o":{"a":0,"k":100,"ix":11},"r":{"a":0,"k":0,"ix":10},"p":{"a":0,"k":[256,144,0],"ix":2},"a":{"a":0,"k":[256,144,0],"ix":1},"s":{"a":0,"k":[100,100,100],"ix":6}},"ao":0,"ip":522,"op":528,"st":522,"bm":0},{"ddd":0,"ind":89,"ty":2,"nm":"1088.png","cl":"png","refId":"image_88","sr":1,"ks":{"o":{"a":0,"k":100,"ix":11},"r":{"a":0,"k":0,"ix":10},"p":{"a":0,"k":[256,144,0],"ix":2},"a":{"a":0,"k":[256,144,0],"ix":1},"s":{"a":0,"k":[100,100,100],"ix":6}},"ao":0,"ip":528,"op":534,"st":528,"bm":0},{"ddd":0,"ind":90,"ty":2,"nm":"1089.png","cl":"png","refId":"image_89","sr":1,"ks":{"o":{"a":0,"k":100,"ix":11},"r":{"a":0,"k":0,"ix":10},"p":{"a":0,"k":[256,144,0],"ix":2},"a":{"a":0,"k":[256,144,0],"ix":1},"s":{"a":0,"k":[100,100,100],"ix":6}},"ao":0,"ip":534,"op":540,"st":534,"bm":0},{"ddd":0,"ind":91,"ty":2,"nm":"1090.png","cl":"png","refId":"image_90","sr":1,"ks":{"o":{"a":0,"k":100,"ix":11},"r":{"a":0,"k":0,"ix":10},"p":{"a":0,"k":[256,144,0],"ix":2},"a":{"a":0,"k":[256,144,0],"ix":1},"s":{"a":0,"k":[100,100,100],"ix":6}},"ao":0,"ip":540,"op":546,"st":540,"bm":0},{"ddd":0,"ind":92,"ty":2,"nm":"1091.png","cl":"png","refId":"image_91","sr":1,"ks":{"o":{"a":0,"k":100,"ix":11},"r":{"a":0,"k":0,"ix":10},"p":{"a":0,"k":[256,144,0],"ix":2},"a":{"a":0,"k":[256,144,0],"ix":1},"s":{"a":0,"k":[100,100,100],"ix":6}},"ao":0,"ip":546,"op":552,"st":546,"bm":0},{"ddd":0,"ind":93,"ty":2,"nm":"1092.png","cl":"png","refId":"image_92","sr":1,"ks":{"o":{"a":0,"k":100,"ix":11},"r":{"a":0,"k":0,"ix":10},"p":{"a":0,"k":[256,144,0],"ix":2},"a":{"a":0,"k":[256,144,0],"ix":1},"s":{"a":0,"k":[100,100,100],"ix":6}},"ao":0,"ip":552,"op":558,"st":552,"bm":0},{"ddd":0,"ind":94,"ty":2,"nm":"1093.png","cl":"png","refId":"image_93","sr":1,"ks":{"o":{"a":0,"k":100,"ix":11},"r":{"a":0,"k":0,"ix":10},"p":{"a":0,"k":[256,144,0],"ix":2},"a":{"a":0,"k":[256,144,0],"ix":1},"s":{"a":0,"k":[100,100,100],"ix":6}},"ao":0,"ip":558,"op":564,"st":558,"bm":0},{"ddd":0,"ind":95,"ty":2,"nm":"1094.png","cl":"png","refId":"image_94","sr":1,"ks":{"o":{"a":0,"k":100,"ix":11},"r":{"a":0,"k":0,"ix":10},"p":{"a":0,"k":[256,144,0],"ix":2},"a":{"a":0,"k":[256,144,0],"ix":1},"s":{"a":0,"k":[100,100,100],"ix":6}},"ao":0,"ip":564,"op":570,"st":564,"bm":0},{"ddd":0,"ind":96,"ty":2,"nm":"1095.png","cl":"png","refId":"image_95","sr":1,"ks":{"o":{"a":0,"k":100,"ix":11},"r":{"a":0,"k":0,"ix":10},"p":{"a":0,"k":[256,144,0],"ix":2},"a":{"a":0,"k":[256,144,0],"ix":1},"s":{"a":0,"k":[100,100,100],"ix":6}},"ao":0,"ip":570,"op":576,"st":570,"bm":0},{"ddd":0,"ind":97,"ty":2,"nm":"1096.png","cl":"png","refId":"image_96","sr":1,"ks":{"o":{"a":0,"k":100,"ix":11},"r":{"a":0,"k":0,"ix":10},"p":{"a":0,"k":[256,144,0],"ix":2},"a":{"a":0,"k":[256,144,0],"ix":1},"s":{"a":0,"k":[100,100,100],"ix":6}},"ao":0,"ip":576,"op":582,"st":576,"bm":0},{"ddd":0,"ind":98,"ty":2,"nm":"1097.png","cl":"png","refId":"image_97","sr":1,"ks":{"o":{"a":0,"k":100,"ix":11},"r":{"a":0,"k":0,"ix":10},"p":{"a":0,"k":[256,144,0],"ix":2},"a":{"a":0,"k":[256,144,0],"ix":1},"s":{"a":0,"k":[100,100,100],"ix":6}},"ao":0,"ip":582,"op":588,"st":582,"bm":0},{"ddd":0,"ind":99,"ty":2,"nm":"1098.png","cl":"png","refId":"image_98","sr":1,"ks":{"o":{"a":0,"k":100,"ix":11},"r":{"a":0,"k":0,"ix":10},"p":{"a":0,"k":[256,144,0],"ix":2},"a":{"a":0,"k":[256,144,0],"ix":1},"s":{"a":0,"k":[100,100,100],"ix":6}},"ao":0,"ip":588,"op":594,"st":588,"bm":0},{"ddd":0,"ind":100,"ty":2,"nm":"1099.png","cl":"png","refId":"image_99","sr":1,"ks":{"o":{"a":0,"k":100,"ix":11},"r":{"a":0,"k":0,"ix":10},"p":{"a":0,"k":[256,144,0],"ix":2},"a":{"a":0,"k":[256,144,0],"ix":1},"s":{"a":0,"k":[100,100,100],"ix":6}},"ao":0,"ip":594,"op":600,"st":594,"bm":0},{"ddd":0,"ind":101,"ty":2,"nm":"1100.png","cl":"png","refId":"image_100","sr":1,"ks":{"o":{"a":0,"k":100,"ix":11},"r":{"a":0,"k":0,"ix":10},"p":{"a":0,"k":[256,144,0],"ix":2},"a":{"a":0,"k":[256,144,0],"ix":1},"s":{"a":0,"k":[100,100,100],"ix":6}},"ao":0,"ip":600,"op":606,"st":600,"bm":0},{"ddd":0,"ind":102,"ty":2,"nm":"1101.png","cl":"png","refId":"image_101","sr":1,"ks":{"o":{"a":0,"k":100,"ix":11},"r":{"a":0,"k":0,"ix":10},"p":{"a":0,"k":[256,144,0],"ix":2},"a":{"a":0,"k":[256,144,0],"ix":1},"s":{"a":0,"k":[100,100,100],"ix":6}},"ao":0,"ip":606,"op":612,"st":606,"bm":0},{"ddd":0,"ind":103,"ty":2,"nm":"1102.png","cl":"png","refId":"image_102","sr":1,"ks":{"o":{"a":0,"k":100,"ix":11},"r":{"a":0,"k":0,"ix":10},"p":{"a":0,"k":[256,144,0],"ix":2},"a":{"a":0,"k":[256,144,0],"ix":1},"s":{"a":0,"k":[100,100,100],"ix":6}},"ao":0,"ip":612,"op":618,"st":612,"bm":0},{"ddd":0,"ind":104,"ty":2,"nm":"1103.png","cl":"png","refId":"image_103","sr":1,"ks":{"o":{"a":0,"k":100,"ix":11},"r":{"a":0,"k":0,"ix":10},"p":{"a":0,"k":[256,144,0],"ix":2},"a":{"a":0,"k":[256,144,0],"ix":1},"s":{"a":0,"k":[100,100,100],"ix":6}},"ao":0,"ip":618,"op":624,"st":618,"bm":0},{"ddd":0,"ind":105,"ty":2,"nm":"1104.png","cl":"png","refId":"image_104","sr":1,"ks":{"o":{"a":0,"k":100,"ix":11},"r":{"a":0,"k":0,"ix":10},"p":{"a":0,"k":[256,144,0],"ix":2},"a":{"a":0,"k":[256,144,0],"ix":1},"s":{"a":0,"k":[100,100,100],"ix":6}},"ao":0,"ip":624,"op":630,"st":624,"bm":0},{"ddd":0,"ind":106,"ty":2,"nm":"1105.png","cl":"png","refId":"image_105","sr":1,"ks":{"o":{"a":0,"k":100,"ix":11},"r":{"a":0,"k":0,"ix":10},"p":{"a":0,"k":[256,144,0],"ix":2},"a":{"a":0,"k":[256,144,0],"ix":1},"s":{"a":0,"k":[100,100,100],"ix":6}},"ao":0,"ip":630,"op":636,"st":630,"bm":0},{"ddd":0,"ind":107,"ty":2,"nm":"1106.png","cl":"png","refId":"image_106","sr":1,"ks":{"o":{"a":0,"k":100,"ix":11},"r":{"a":0,"k":0,"ix":10},"p":{"a":0,"k":[256,144,0],"ix":2},"a":{"a":0,"k":[256,144,0],"ix":1},"s":{"a":0,"k":[100,100,100],"ix":6}},"ao":0,"ip":636,"op":642,"st":636,"bm":0},{"ddd":0,"ind":108,"ty":2,"nm":"1107.png","cl":"png","refId":"image_107","sr":1,"ks":{"o":{"a":0,"k":100,"ix":11},"r":{"a":0,"k":0,"ix":10},"p":{"a":0,"k":[256,144,0],"ix":2},"a":{"a":0,"k":[256,144,0],"ix":1},"s":{"a":0,"k":[100,100,100],"ix":6}},"ao":0,"ip":642,"op":648,"st":642,"bm":0},{"ddd":0,"ind":109,"ty":2,"nm":"1108.png","cl":"png","refId":"image_108","sr":1,"ks":{"o":{"a":0,"k":100,"ix":11},"r":{"a":0,"k":0,"ix":10},"p":{"a":0,"k":[256,144,0],"ix":2},"a":{"a":0,"k":[256,144,0],"ix":1},"s":{"a":0,"k":[100,100,100],"ix":6}},"ao":0,"ip":648,"op":654,"st":648,"bm":0},{"ddd":0,"ind":110,"ty":2,"nm":"1109.png","cl":"png","refId":"image_109","sr":1,"ks":{"o":{"a":0,"k":100,"ix":11},"r":{"a":0,"k":0,"ix":10},"p":{"a":0,"k":[256,144,0],"ix":2},"a":{"a":0,"k":[256,144,0],"ix":1},"s":{"a":0,"k":[100,100,100],"ix":6}},"ao":0,"ip":654,"op":660,"st":654,"bm":0},{"ddd":0,"ind":111,"ty":2,"nm":"1110.png","cl":"png","refId":"image_110","sr":1,"ks":{"o":{"a":0,"k":100,"ix":11},"r":{"a":0,"k":0,"ix":10},"p":{"a":0,"k":[256,144,0],"ix":2},"a":{"a":0,"k":[256,144,0],"ix":1},"s":{"a":0,"k":[100,100,100],"ix":6}},"ao":0,"ip":660,"op":666,"st":660,"bm":0},{"ddd":0,"ind":112,"ty":2,"nm":"1111.png","cl":"png","refId":"image_111","sr":1,"ks":{"o":{"a":0,"k":100,"ix":11},"r":{"a":0,"k":0,"ix":10},"p":{"a":0,"k":[256,144,0],"ix":2},"a":{"a":0,"k":[256,144,0],"ix":1},"s":{"a":0,"k":[100,100,100],"ix":6}},"ao":0,"ip":666,"op":672,"st":666,"bm":0},{"ddd":0,"ind":113,"ty":2,"nm":"1112.png","cl":"png","refId":"image_112","sr":1,"ks":{"o":{"a":0,"k":100,"ix":11},"r":{"a":0,"k":0,"ix":10},"p":{"a":0,"k":[256,144,0],"ix":2},"a":{"a":0,"k":[256,144,0],"ix":1},"s":{"a":0,"k":[100,100,100],"ix":6}},"ao":0,"ip":672,"op":678,"st":672,"bm":0},{"ddd":0,"ind":114,"ty":2,"nm":"1113.png","cl":"png","refId":"image_113","sr":1,"ks":{"o":{"a":0,"k":100,"ix":11},"r":{"a":0,"k":0,"ix":10},"p":{"a":0,"k":[256,144,0],"ix":2},"a":{"a":0,"k":[256,144,0],"ix":1},"s":{"a":0,"k":[100,100,100],"ix":6}},"ao":0,"ip":678,"op":684,"st":678,"bm":0},{"ddd":0,"ind":115,"ty":2,"nm":"1114.png","cl":"png","refId":"image_114","sr":1,"ks":{"o":{"a":0,"k":100,"ix":11},"r":{"a":0,"k":0,"ix":10},"p":{"a":0,"k":[256,144,0],"ix":2},"a":{"a":0,"k":[256,144,0],"ix":1},"s":{"a":0,"k":[100,100,100],"ix":6}},"ao":0,"ip":684,"op":690,"st":684,"bm":0},{"ddd":0,"ind":116,"ty":2,"nm":"1115.png","cl":"png","refId":"image_115","sr":1,"ks":{"o":{"a":0,"k":100,"ix":11},"r":{"a":0,"k":0,"ix":10},"p":{"a":0,"k":[256,144,0],"ix":2},"a":{"a":0,"k":[256,144,0],"ix":1},"s":{"a":0,"k":[100,100,100],"ix":6}},"ao":0,"ip":690,"op":696,"st":690,"bm":0},{"ddd":0,"ind":117,"ty":2,"nm":"1116.png","cl":"png","refId":"image_116","sr":1,"ks":{"o":{"a":0,"k":100,"ix":11},"r":{"a":0,"k":0,"ix":10},"p":{"a":0,"k":[256,144,0],"ix":2},"a":{"a":0,"k":[256,144,0],"ix":1},"s":{"a":0,"k":[100,100,100],"ix":6}},"ao":0,"ip":696,"op":702,"st":696,"bm":0},{"ddd":0,"ind":118,"ty":2,"nm":"1117.png","cl":"png","refId":"image_117","sr":1,"ks":{"o":{"a":0,"k":100,"ix":11},"r":{"a":0,"k":0,"ix":10},"p":{"a":0,"k":[256,144,0],"ix":2},"a":{"a":0,"k":[256,144,0],"ix":1},"s":{"a":0,"k":[100,100,100],"ix":6}},"ao":0,"ip":702,"op":708,"st":702,"bm":0},{"ddd":0,"ind":119,"ty":2,"nm":"1118.png","cl":"png","refId":"image_118","sr":1,"ks":{"o":{"a":0,"k":100,"ix":11},"r":{"a":0,"k":0,"ix":10},"p":{"a":0,"k":[256,144,0],"ix":2},"a":{"a":0,"k":[256,144,0],"ix":1},"s":{"a":0,"k":[100,100,100],"ix":6}},"ao":0,"ip":708,"op":714,"st":708,"bm":0},{"ddd":0,"ind":120,"ty":2,"nm":"1119.png","cl":"png","refId":"image_119","sr":1,"ks":{"o":{"a":0,"k":100,"ix":11},"r":{"a":0,"k":0,"ix":10},"p":{"a":0,"k":[256,144,0],"ix":2},"a":{"a":0,"k":[256,144,0],"ix":1},"s":{"a":0,"k":[100,100,100],"ix":6}},"ao":0,"ip":714,"op":720,"st":714,"bm":0},{"ddd":0,"ind":121,"ty":2,"nm":"1120.png","cl":"png","refId":"image_120","sr":1,"ks":{"o":{"a":0,"k":100,"ix":11},"r":{"a":0,"k":0,"ix":10},"p":{"a":0,"k":[256,144,0],"ix":2},"a":{"a":0,"k":[256,144,0],"ix":1},"s":{"a":0,"k":[100,100,100],"ix":6}},"ao":0,"ip":720,"op":726,"st":720,"bm":0},{"ddd":0,"ind":122,"ty":2,"nm":"1121.png","cl":"png","refId":"image_121","sr":1,"ks":{"o":{"a":0,"k":100,"ix":11},"r":{"a":0,"k":0,"ix":10},"p":{"a":0,"k":[256,144,0],"ix":2},"a":{"a":0,"k":[256,144,0],"ix":1},"s":{"a":0,"k":[100,100,100],"ix":6}},"ao":0,"ip":726,"op":732,"st":726,"bm":0},{"ddd":0,"ind":123,"ty":2,"nm":"1122.png","cl":"png","refId":"image_122","sr":1,"ks":{"o":{"a":0,"k":100,"ix":11},"r":{"a":0,"k":0,"ix":10},"p":{"a":0,"k":[256,144,0],"ix":2},"a":{"a":0,"k":[256,144,0],"ix":1},"s":{"a":0,"k":[100,100,100],"ix":6}},"ao":0,"ip":732,"op":738,"st":732,"bm":0},{"ddd":0,"ind":124,"ty":2,"nm":"1123.png","cl":"png","refId":"image_123","sr":1,"ks":{"o":{"a":0,"k":100,"ix":11},"r":{"a":0,"k":0,"ix":10},"p":{"a":0,"k":[256,144,0],"ix":2},"a":{"a":0,"k":[256,144,0],"ix":1},"s":{"a":0,"k":[100,100,100],"ix":6}},"ao":0,"ip":738,"op":744,"st":738,"bm":0},{"ddd":0,"ind":125,"ty":2,"nm":"1124.png","cl":"png","refId":"image_124","sr":1,"ks":{"o":{"a":0,"k":100,"ix":11},"r":{"a":0,"k":0,"ix":10},"p":{"a":0,"k":[256,144,0],"ix":2},"a":{"a":0,"k":[256,144,0],"ix":1},"s":{"a":0,"k":[100,100,100],"ix":6}},"ao":0,"ip":744,"op":750,"st":744,"bm":0},{"ddd":0,"ind":126,"ty":2,"nm":"1125.png","cl":"png","refId":"image_125","sr":1,"ks":{"o":{"a":0,"k":100,"ix":11},"r":{"a":0,"k":0,"ix":10},"p":{"a":0,"k":[256,144,0],"ix":2},"a":{"a":0,"k":[256,144,0],"ix":1},"s":{"a":0,"k":[100,100,100],"ix":6}},"ao":0,"ip":750,"op":756,"st":750,"bm":0},{"ddd":0,"ind":127,"ty":2,"nm":"1126.png","cl":"png","refId":"image_126","sr":1,"ks":{"o":{"a":0,"k":100,"ix":11},"r":{"a":0,"k":0,"ix":10},"p":{"a":0,"k":[256,144,0],"ix":2},"a":{"a":0,"k":[256,144,0],"ix":1},"s":{"a":0,"k":[100,100,100],"ix":6}},"ao":0,"ip":756,"op":762,"st":756,"bm":0},{"ddd":0,"ind":128,"ty":2,"nm":"1127.png","cl":"png","refId":"image_127","sr":1,"ks":{"o":{"a":0,"k":100,"ix":11},"r":{"a":0,"k":0,"ix":10},"p":{"a":0,"k":[256,144,0],"ix":2},"a":{"a":0,"k":[256,144,0],"ix":1},"s":{"a":0,"k":[100,100,100],"ix":6}},"ao":0,"ip":762,"op":768,"st":762,"bm":0},{"ddd":0,"ind":129,"ty":2,"nm":"1128.png","cl":"png","refId":"image_128","sr":1,"ks":{"o":{"a":0,"k":100,"ix":11},"r":{"a":0,"k":0,"ix":10},"p":{"a":0,"k":[256,144,0],"ix":2},"a":{"a":0,"k":[256,144,0],"ix":1},"s":{"a":0,"k":[100,100,100],"ix":6}},"ao":0,"ip":768,"op":774,"st":768,"bm":0},{"ddd":0,"ind":130,"ty":2,"nm":"1129.png","cl":"png","refId":"image_129","sr":1,"ks":{"o":{"a":0,"k":100,"ix":11},"r":{"a":0,"k":0,"ix":10},"p":{"a":0,"k":[256,144,0],"ix":2},"a":{"a":0,"k":[256,144,0],"ix":1},"s":{"a":0,"k":[100,100,100],"ix":6}},"ao":0,"ip":774,"op":780,"st":774,"bm":0},{"ddd":0,"ind":131,"ty":2,"nm":"1130.png","cl":"png","refId":"image_130","sr":1,"ks":{"o":{"a":0,"k":100,"ix":11},"r":{"a":0,"k":0,"ix":10},"p":{"a":0,"k":[256,144,0],"ix":2},"a":{"a":0,"k":[256,144,0],"ix":1},"s":{"a":0,"k":[100,100,100],"ix":6}},"ao":0,"ip":780,"op":786,"st":780,"bm":0},{"ddd":0,"ind":132,"ty":2,"nm":"1131.png","cl":"png","refId":"image_131","sr":1,"ks":{"o":{"a":0,"k":100,"ix":11},"r":{"a":0,"k":0,"ix":10},"p":{"a":0,"k":[256,144,0],"ix":2},"a":{"a":0,"k":[256,144,0],"ix":1},"s":{"a":0,"k":[100,100,100],"ix":6}},"ao":0,"ip":786,"op":792,"st":786,"bm":0},{"ddd":0,"ind":133,"ty":2,"nm":"1132.png","cl":"png","refId":"image_132","sr":1,"ks":{"o":{"a":0,"k":100,"ix":11},"r":{"a":0,"k":0,"ix":10},"p":{"a":0,"k":[256,144,0],"ix":2},"a":{"a":0,"k":[256,144,0],"ix":1},"s":{"a":0,"k":[100,100,100],"ix":6}},"ao":0,"ip":792,"op":798,"st":792,"bm":0},{"ddd":0,"ind":134,"ty":2,"nm":"1133.png","cl":"png","refId":"image_133","sr":1,"ks":{"o":{"a":0,"k":100,"ix":11},"r":{"a":0,"k":0,"ix":10},"p":{"a":0,"k":[256,144,0],"ix":2},"a":{"a":0,"k":[256,144,0],"ix":1},"s":{"a":0,"k":[100,100,100],"ix":6}},"ao":0,"ip":798,"op":804,"st":798,"bm":0},{"ddd":0,"ind":135,"ty":2,"nm":"1134.png","cl":"png","refId":"image_134","sr":1,"ks":{"o":{"a":0,"k":100,"ix":11},"r":{"a":0,"k":0,"ix":10},"p":{"a":0,"k":[256,144,0],"ix":2},"a":{"a":0,"k":[256,144,0],"ix":1},"s":{"a":0,"k":[100,100,100],"ix":6}},"ao":0,"ip":804,"op":810,"st":804,"bm":0},{"ddd":0,"ind":136,"ty":2,"nm":"1135.png","cl":"png","refId":"image_135","sr":1,"ks":{"o":{"a":0,"k":100,"ix":11},"r":{"a":0,"k":0,"ix":10},"p":{"a":0,"k":[256,144,0],"ix":2},"a":{"a":0,"k":[256,144,0],"ix":1},"s":{"a":0,"k":[100,100,100],"ix":6}},"ao":0,"ip":810,"op":816,"st":810,"bm":0},{"ddd":0,"ind":137,"ty":2,"nm":"1136.png","cl":"png","refId":"image_136","sr":1,"ks":{"o":{"a":0,"k":100,"ix":11},"r":{"a":0,"k":0,"ix":10},"p":{"a":0,"k":[256,144,0],"ix":2},"a":{"a":0,"k":[256,144,0],"ix":1},"s":{"a":0,"k":[100,100,100],"ix":6}},"ao":0,"ip":816,"op":822,"st":816,"bm":0},{"ddd":0,"ind":138,"ty":2,"nm":"1137.png","cl":"png","refId":"image_137","sr":1,"ks":{"o":{"a":0,"k":100,"ix":11},"r":{"a":0,"k":0,"ix":10},"p":{"a":0,"k":[256,144,0],"ix":2},"a":{"a":0,"k":[256,144,0],"ix":1},"s":{"a":0,"k":[100,100,100],"ix":6}},"ao":0,"ip":822,"op":828,"st":822,"bm":0},{"ddd":0,"ind":139,"ty":2,"nm":"1138.png","cl":"png","refId":"image_138","sr":1,"ks":{"o":{"a":0,"k":100,"ix":11},"r":{"a":0,"k":0,"ix":10},"p":{"a":0,"k":[256,144,0],"ix":2},"a":{"a":0,"k":[256,144,0],"ix":1},"s":{"a":0,"k":[100,100,100],"ix":6}},"ao":0,"ip":828,"op":834,"st":828,"bm":0},{"ddd":0,"ind":140,"ty":2,"nm":"1139.png","cl":"png","refId":"image_139","sr":1,"ks":{"o":{"a":0,"k":100,"ix":11},"r":{"a":0,"k":0,"ix":10},"p":{"a":0,"k":[256,144,0],"ix":2},"a":{"a":0,"k":[256,144,0],"ix":1},"s":{"a":0,"k":[100,100,100],"ix":6}},"ao":0,"ip":834,"op":840,"st":834,"bm":0},{"ddd":0,"ind":141,"ty":2,"nm":"1140.png","cl":"png","refId":"image_140","sr":1,"ks":{"o":{"a":0,"k":100,"ix":11},"r":{"a":0,"k":0,"ix":10},"p":{"a":0,"k":[256,144,0],"ix":2},"a":{"a":0,"k":[256,144,0],"ix":1},"s":{"a":0,"k":[100,100,100],"ix":6}},"ao":0,"ip":840,"op":846,"st":840,"bm":0},{"ddd":0,"ind":142,"ty":2,"nm":"1141.png","cl":"png","refId":"image_141","sr":1,"ks":{"o":{"a":0,"k":100,"ix":11},"r":{"a":0,"k":0,"ix":10},"p":{"a":0,"k":[256,144,0],"ix":2},"a":{"a":0,"k":[256,144,0],"ix":1},"s":{"a":0,"k":[100,100,100],"ix":6}},"ao":0,"ip":846,"op":852,"st":846,"bm":0},{"ddd":0,"ind":143,"ty":2,"nm":"1142.png","cl":"png","refId":"image_142","sr":1,"ks":{"o":{"a":0,"k":100,"ix":11},"r":{"a":0,"k":0,"ix":10},"p":{"a":0,"k":[256,144,0],"ix":2},"a":{"a":0,"k":[256,144,0],"ix":1},"s":{"a":0,"k":[100,100,100],"ix":6}},"ao":0,"ip":852,"op":858,"st":852,"bm":0},{"ddd":0,"ind":144,"ty":2,"nm":"1143.png","cl":"png","refId":"image_143","sr":1,"ks":{"o":{"a":0,"k":100,"ix":11},"r":{"a":0,"k":0,"ix":10},"p":{"a":0,"k":[256,144,0],"ix":2},"a":{"a":0,"k":[256,144,0],"ix":1},"s":{"a":0,"k":[100,100,100],"ix":6}},"ao":0,"ip":858,"op":864,"st":858,"bm":0},{"ddd":0,"ind":145,"ty":2,"nm":"1144.png","cl":"png","refId":"image_144","sr":1,"ks":{"o":{"a":0,"k":100,"ix":11},"r":{"a":0,"k":0,"ix":10},"p":{"a":0,"k":[256,144,0],"ix":2},"a":{"a":0,"k":[256,144,0],"ix":1},"s":{"a":0,"k":[100,100,100],"ix":6}},"ao":0,"ip":864,"op":870,"st":864,"bm":0},{"ddd":0,"ind":146,"ty":2,"nm":"1145.png","cl":"png","refId":"image_145","sr":1,"ks":{"o":{"a":0,"k":100,"ix":11},"r":{"a":0,"k":0,"ix":10},"p":{"a":0,"k":[256,144,0],"ix":2},"a":{"a":0,"k":[256,144,0],"ix":1},"s":{"a":0,"k":[100,100,100],"ix":6}},"ao":0,"ip":870,"op":876,"st":870,"bm":0},{"ddd":0,"ind":147,"ty":2,"nm":"1146.png","cl":"png","refId":"image_146","sr":1,"ks":{"o":{"a":0,"k":100,"ix":11},"r":{"a":0,"k":0,"ix":10},"p":{"a":0,"k":[256,144,0],"ix":2},"a":{"a":0,"k":[256,144,0],"ix":1},"s":{"a":0,"k":[100,100,100],"ix":6}},"ao":0,"ip":876,"op":882,"st":876,"bm":0},{"ddd":0,"ind":148,"ty":2,"nm":"1147.png","cl":"png","refId":"image_147","sr":1,"ks":{"o":{"a":0,"k":100,"ix":11},"r":{"a":0,"k":0,"ix":10},"p":{"a":0,"k":[256,144,0],"ix":2},"a":{"a":0,"k":[256,144,0],"ix":1},"s":{"a":0,"k":[100,100,100],"ix":6}},"ao":0,"ip":882,"op":888,"st":882,"bm":0},{"ddd":0,"ind":149,"ty":2,"nm":"1148.png","cl":"png","refId":"image_148","sr":1,"ks":{"o":{"a":0,"k":100,"ix":11},"r":{"a":0,"k":0,"ix":10},"p":{"a":0,"k":[256,144,0],"ix":2},"a":{"a":0,"k":[256,144,0],"ix":1},"s":{"a":0,"k":[100,100,100],"ix":6}},"ao":0,"ip":888,"op":894,"st":888,"bm":0},{"ddd":0,"ind":150,"ty":2,"nm":"1149.png","cl":"png","refId":"image_149","sr":1,"ks":{"o":{"a":0,"k":100,"ix":11},"r":{"a":0,"k":0,"ix":10},"p":{"a":0,"k":[256,144,0],"ix":2},"a":{"a":0,"k":[256,144,0],"ix":1},"s":{"a":0,"k":[100,100,100],"ix":6}},"ao":0,"ip":894,"op":900,"st":894,"bm":0},{"ddd":0,"ind":151,"ty":2,"nm":"1150.png","cl":"png","refId":"image_150","sr":1,"ks":{"o":{"a":0,"k":100,"ix":11},"r":{"a":0,"k":0,"ix":10},"p":{"a":0,"k":[256,144,0],"ix":2},"a":{"a":0,"k":[256,144,0],"ix":1},"s":{"a":0,"k":[100,100,100],"ix":6}},"ao":0,"ip":900,"op":906,"st":900,"bm":0},{"ddd":0,"ind":152,"ty":2,"nm":"1151.png","cl":"png","refId":"image_151","sr":1,"ks":{"o":{"a":0,"k":100,"ix":11},"r":{"a":0,"k":0,"ix":10},"p":{"a":0,"k":[256,144,0],"ix":2},"a":{"a":0,"k":[256,144,0],"ix":1},"s":{"a":0,"k":[100,100,100],"ix":6}},"ao":0,"ip":906,"op":912,"st":906,"bm":0},{"ddd":0,"ind":153,"ty":2,"nm":"1152.png","cl":"png","refId":"image_152","sr":1,"ks":{"o":{"a":0,"k":100,"ix":11},"r":{"a":0,"k":0,"ix":10},"p":{"a":0,"k":[256,144,0],"ix":2},"a":{"a":0,"k":[256,144,0],"ix":1},"s":{"a":0,"k":[100,100,100],"ix":6}},"ao":0,"ip":912,"op":918,"st":912,"bm":0},{"ddd":0,"ind":154,"ty":2,"nm":"1153.png","cl":"png","refId":"image_153","sr":1,"ks":{"o":{"a":0,"k":100,"ix":11},"r":{"a":0,"k":0,"ix":10},"p":{"a":0,"k":[256,144,0],"ix":2},"a":{"a":0,"k":[256,144,0],"ix":1},"s":{"a":0,"k":[100,100,100],"ix":6}},"ao":0,"ip":918,"op":924,"st":918,"bm":0},{"ddd":0,"ind":155,"ty":2,"nm":"1154.png","cl":"png","refId":"image_154","sr":1,"ks":{"o":{"a":0,"k":100,"ix":11},"r":{"a":0,"k":0,"ix":10},"p":{"a":0,"k":[256,144,0],"ix":2},"a":{"a":0,"k":[256,144,0],"ix":1},"s":{"a":0,"k":[100,100,100],"ix":6}},"ao":0,"ip":924,"op":930,"st":924,"bm":0},{"ddd":0,"ind":156,"ty":2,"nm":"1155.png","cl":"png","refId":"image_155","sr":1,"ks":{"o":{"a":0,"k":100,"ix":11},"r":{"a":0,"k":0,"ix":10},"p":{"a":0,"k":[256,144,0],"ix":2},"a":{"a":0,"k":[256,144,0],"ix":1},"s":{"a":0,"k":[100,100,100],"ix":6}},"ao":0,"ip":930,"op":936,"st":930,"bm":0},{"ddd":0,"ind":157,"ty":2,"nm":"1156.png","cl":"png","refId":"image_156","sr":1,"ks":{"o":{"a":0,"k":100,"ix":11},"r":{"a":0,"k":0,"ix":10},"p":{"a":0,"k":[256,144,0],"ix":2},"a":{"a":0,"k":[256,144,0],"ix":1},"s":{"a":0,"k":[100,100,100],"ix":6}},"ao":0,"ip":936,"op":942,"st":936,"bm":0},{"ddd":0,"ind":158,"ty":2,"nm":"1157.png","cl":"png","refId":"image_157","sr":1,"ks":{"o":{"a":0,"k":100,"ix":11},"r":{"a":0,"k":0,"ix":10},"p":{"a":0,"k":[256,144,0],"ix":2},"a":{"a":0,"k":[256,144,0],"ix":1},"s":{"a":0,"k":[100,100,100],"ix":6}},"ao":0,"ip":942,"op":948,"st":942,"bm":0},{"ddd":0,"ind":159,"ty":2,"nm":"1158.png","cl":"png","refId":"image_158","sr":1,"ks":{"o":{"a":0,"k":100,"ix":11},"r":{"a":0,"k":0,"ix":10},"p":{"a":0,"k":[256,144,0],"ix":2},"a":{"a":0,"k":[256,144,0],"ix":1},"s":{"a":0,"k":[100,100,100],"ix":6}},"ao":0,"ip":948,"op":954,"st":948,"bm":0},{"ddd":0,"ind":160,"ty":2,"nm":"1159.png","cl":"png","refId":"image_159","sr":1,"ks":{"o":{"a":0,"k":100,"ix":11},"r":{"a":0,"k":0,"ix":10},"p":{"a":0,"k":[256,144,0],"ix":2},"a":{"a":0,"k":[256,144,0],"ix":1},"s":{"a":0,"k":[100,100,100],"ix":6}},"ao":0,"ip":954,"op":960,"st":954,"bm":0},{"ddd":0,"ind":161,"ty":2,"nm":"1160.png","cl":"png","refId":"image_160","sr":1,"ks":{"o":{"a":0,"k":100,"ix":11},"r":{"a":0,"k":0,"ix":10},"p":{"a":0,"k":[256,144,0],"ix":2},"a":{"a":0,"k":[256,144,0],"ix":1},"s":{"a":0,"k":[100,100,100],"ix":6}},"ao":0,"ip":960,"op":966,"st":960,"bm":0},{"ddd":0,"ind":162,"ty":2,"nm":"1161.png","cl":"png","refId":"image_161","sr":1,"ks":{"o":{"a":0,"k":100,"ix":11},"r":{"a":0,"k":0,"ix":10},"p":{"a":0,"k":[256,144,0],"ix":2},"a":{"a":0,"k":[256,144,0],"ix":1},"s":{"a":0,"k":[100,100,100],"ix":6}},"ao":0,"ip":966,"op":972,"st":966,"bm":0},{"ddd":0,"ind":163,"ty":2,"nm":"1162.png","cl":"png","refId":"image_162","sr":1,"ks":{"o":{"a":0,"k":100,"ix":11},"r":{"a":0,"k":0,"ix":10},"p":{"a":0,"k":[256,144,0],"ix":2},"a":{"a":0,"k":[256,144,0],"ix":1},"s":{"a":0,"k":[100,100,100],"ix":6}},"ao":0,"ip":972,"op":978,"st":972,"bm":0},{"ddd":0,"ind":164,"ty":2,"nm":"1163.png","cl":"png","refId":"image_163","sr":1,"ks":{"o":{"a":0,"k":100,"ix":11},"r":{"a":0,"k":0,"ix":10},"p":{"a":0,"k":[256,144,0],"ix":2},"a":{"a":0,"k":[256,144,0],"ix":1},"s":{"a":0,"k":[100,100,100],"ix":6}},"ao":0,"ip":978,"op":984,"st":978,"bm":0},{"ddd":0,"ind":165,"ty":2,"nm":"1164.png","cl":"png","refId":"image_164","sr":1,"ks":{"o":{"a":0,"k":100,"ix":11},"r":{"a":0,"k":0,"ix":10},"p":{"a":0,"k":[256,144,0],"ix":2},"a":{"a":0,"k":[256,144,0],"ix":1},"s":{"a":0,"k":[100,100,100],"ix":6}},"ao":0,"ip":984,"op":990,"st":984,"bm":0},{"ddd":0,"ind":166,"ty":2,"nm":"1165.png","cl":"png","refId":"image_165","sr":1,"ks":{"o":{"a":0,"k":100,"ix":11},"r":{"a":0,"k":0,"ix":10},"p":{"a":0,"k":[256,144,0],"ix":2},"a":{"a":0,"k":[256,144,0],"ix":1},"s":{"a":0,"k":[100,100,100],"ix":6}},"ao":0,"ip":990,"op":996,"st":990,"bm":0},{"ddd":0,"ind":167,"ty":2,"nm":"1166.png","cl":"png","refId":"image_166","sr":1,"ks":{"o":{"a":0,"k":100,"ix":11},"r":{"a":0,"k":0,"ix":10},"p":{"a":0,"k":[256,144,0],"ix":2},"a":{"a":0,"k":[256,144,0],"ix":1},"s":{"a":0,"k":[100,100,100],"ix":6}},"ao":0,"ip":996,"op":1002,"st":996,"bm":0},{"ddd":0,"ind":168,"ty":2,"nm":"1167.png","cl":"png","refId":"image_167","sr":1,"ks":{"o":{"a":0,"k":100,"ix":11},"r":{"a":0,"k":0,"ix":10},"p":{"a":0,"k":[256,144,0],"ix":2},"a":{"a":0,"k":[256,144,0],"ix":1},"s":{"a":0,"k":[100,100,100],"ix":6}},"ao":0,"ip":1002,"op":1008,"st":1002,"bm":0},{"ddd":0,"ind":169,"ty":2,"nm":"1168.png","cl":"png","refId":"image_168","sr":1,"ks":{"o":{"a":0,"k":100,"ix":11},"r":{"a":0,"k":0,"ix":10},"p":{"a":0,"k":[256,144,0],"ix":2},"a":{"a":0,"k":[256,144,0],"ix":1},"s":{"a":0,"k":[100,100,100],"ix":6}},"ao":0,"ip":1008,"op":1014,"st":1008,"bm":0},{"ddd":0,"ind":170,"ty":2,"nm":"1169.png","cl":"png","refId":"image_169","sr":1,"ks":{"o":{"a":0,"k":100,"ix":11},"r":{"a":0,"k":0,"ix":10},"p":{"a":0,"k":[256,144,0],"ix":2},"a":{"a":0,"k":[256,144,0],"ix":1},"s":{"a":0,"k":[100,100,100],"ix":6}},"ao":0,"ip":1014,"op":1020,"st":1014,"bm":0},{"ddd":0,"ind":171,"ty":2,"nm":"1170.png","cl":"png","refId":"image_170","sr":1,"ks":{"o":{"a":0,"k":100,"ix":11},"r":{"a":0,"k":0,"ix":10},"p":{"a":0,"k":[256,144,0],"ix":2},"a":{"a":0,"k":[256,144,0],"ix":1},"s":{"a":0,"k":[100,100,100],"ix":6}},"ao":0,"ip":1020,"op":1026,"st":1020,"bm":0},{"ddd":0,"ind":172,"ty":2,"nm":"1171.png","cl":"png","refId":"image_171","sr":1,"ks":{"o":{"a":0,"k":100,"ix":11},"r":{"a":0,"k":0,"ix":10},"p":{"a":0,"k":[256,144,0],"ix":2},"a":{"a":0,"k":[256,144,0],"ix":1},"s":{"a":0,"k":[100,100,100],"ix":6}},"ao":0,"ip":1026,"op":1032,"st":1026,"bm":0},{"ddd":0,"ind":173,"ty":2,"nm":"1172.png","cl":"png","refId":"image_172","sr":1,"ks":{"o":{"a":0,"k":100,"ix":11},"r":{"a":0,"k":0,"ix":10},"p":{"a":0,"k":[256,144,0],"ix":2},"a":{"a":0,"k":[256,144,0],"ix":1},"s":{"a":0,"k":[100,100,100],"ix":6}},"ao":0,"ip":1032,"op":1038,"st":1032,"bm":0},{"ddd":0,"ind":174,"ty":2,"nm":"1173.png","cl":"png","refId":"image_173","sr":1,"ks":{"o":{"a":0,"k":100,"ix":11},"r":{"a":0,"k":0,"ix":10},"p":{"a":0,"k":[256,144,0],"ix":2},"a":{"a":0,"k":[256,144,0],"ix":1},"s":{"a":0,"k":[100,100,100],"ix":6}},"ao":0,"ip":1038,"op":1044,"st":1038,"bm":0},{"ddd":0,"ind":175,"ty":2,"nm":"1174.png","cl":"png","refId":"image_174","sr":1,"ks":{"o":{"a":0,"k":100,"ix":11},"r":{"a":0,"k":0,"ix":10},"p":{"a":0,"k":[256,144,0],"ix":2},"a":{"a":0,"k":[256,144,0],"ix":1},"s":{"a":0,"k":[100,100,100],"ix":6}},"ao":0,"ip":1044,"op":1050,"st":1044,"bm":0},{"ddd":0,"ind":176,"ty":2,"nm":"1175.png","cl":"png","refId":"image_175","sr":1,"ks":{"o":{"a":0,"k":100,"ix":11},"r":{"a":0,"k":0,"ix":10},"p":{"a":0,"k":[256,144,0],"ix":2},"a":{"a":0,"k":[256,144,0],"ix":1},"s":{"a":0,"k":[100,100,100],"ix":6}},"ao":0,"ip":1050,"op":1056,"st":1050,"bm":0},{"ddd":0,"ind":177,"ty":2,"nm":"1176.png","cl":"png","refId":"image_176","sr":1,"ks":{"o":{"a":0,"k":100,"ix":11},"r":{"a":0,"k":0,"ix":10},"p":{"a":0,"k":[256,144,0],"ix":2},"a":{"a":0,"k":[256,144,0],"ix":1},"s":{"a":0,"k":[100,100,100],"ix":6}},"ao":0,"ip":1056,"op":1062,"st":1056,"bm":0},{"ddd":0,"ind":178,"ty":2,"nm":"1177.png","cl":"png","refId":"image_177","sr":1,"ks":{"o":{"a":0,"k":100,"ix":11},"r":{"a":0,"k":0,"ix":10},"p":{"a":0,"k":[256,144,0],"ix":2},"a":{"a":0,"k":[256,144,0],"ix":1},"s":{"a":0,"k":[100,100,100],"ix":6}},"ao":0,"ip":1062,"op":1068,"st":1062,"bm":0},{"ddd":0,"ind":179,"ty":2,"nm":"1178.png","cl":"png","refId":"image_178","sr":1,"ks":{"o":{"a":0,"k":100,"ix":11},"r":{"a":0,"k":0,"ix":10},"p":{"a":0,"k":[256,144,0],"ix":2},"a":{"a":0,"k":[256,144,0],"ix":1},"s":{"a":0,"k":[100,100,100],"ix":6}},"ao":0,"ip":1068,"op":1074,"st":1068,"bm":0},{"ddd":0,"ind":180,"ty":2,"nm":"1179.png","cl":"png","refId":"image_179","sr":1,"ks":{"o":{"a":0,"k":100,"ix":11},"r":{"a":0,"k":0,"ix":10},"p":{"a":0,"k":[256,144,0],"ix":2},"a":{"a":0,"k":[256,144,0],"ix":1},"s":{"a":0,"k":[100,100,100],"ix":6}},"ao":0,"ip":1074,"op":1080,"st":1074,"bm":0},{"ddd":0,"ind":181,"ty":2,"nm":"1180.png","cl":"png","refId":"image_180","sr":1,"ks":{"o":{"a":0,"k":100,"ix":11},"r":{"a":0,"k":0,"ix":10},"p":{"a":0,"k":[256,144,0],"ix":2},"a":{"a":0,"k":[256,144,0],"ix":1},"s":{"a":0,"k":[100,100,100],"ix":6}},"ao":0,"ip":1080,"op":1086,"st":1080,"bm":0},{"ddd":0,"ind":182,"ty":2,"nm":"1181.png","cl":"png","refId":"image_181","sr":1,"ks":{"o":{"a":0,"k":100,"ix":11},"r":{"a":0,"k":0,"ix":10},"p":{"a":0,"k":[256,144,0],"ix":2},"a":{"a":0,"k":[256,144,0],"ix":1},"s":{"a":0,"k":[100,100,100],"ix":6}},"ao":0,"ip":1086,"op":1092,"st":1086,"bm":0},{"ddd":0,"ind":183,"ty":2,"nm":"1182.png","cl":"png","refId":"image_182","sr":1,"ks":{"o":{"a":0,"k":100,"ix":11},"r":{"a":0,"k":0,"ix":10},"p":{"a":0,"k":[256,144,0],"ix":2},"a":{"a":0,"k":[256,144,0],"ix":1},"s":{"a":0,"k":[100,100,100],"ix":6}},"ao":0,"ip":1092,"op":1098,"st":1092,"bm":0},{"ddd":0,"ind":184,"ty":2,"nm":"1183.png","cl":"png","refId":"image_183","sr":1,"ks":{"o":{"a":0,"k":100,"ix":11},"r":{"a":0,"k":0,"ix":10},"p":{"a":0,"k":[256,144,0],"ix":2},"a":{"a":0,"k":[256,144,0],"ix":1},"s":{"a":0,"k":[100,100,100],"ix":6}},"ao":0,"ip":1098,"op":1104,"st":1098,"bm":0},{"ddd":0,"ind":185,"ty":2,"nm":"1184.png","cl":"png","refId":"image_184","sr":1,"ks":{"o":{"a":0,"k":100,"ix":11},"r":{"a":0,"k":0,"ix":10},"p":{"a":0,"k":[256,144,0],"ix":2},"a":{"a":0,"k":[256,144,0],"ix":1},"s":{"a":0,"k":[100,100,100],"ix":6}},"ao":0,"ip":1104,"op":1110,"st":1104,"bm":0},{"ddd":0,"ind":186,"ty":2,"nm":"1185.png","cl":"png","refId":"image_185","sr":1,"ks":{"o":{"a":0,"k":100,"ix":11},"r":{"a":0,"k":0,"ix":10},"p":{"a":0,"k":[256,144,0],"ix":2},"a":{"a":0,"k":[256,144,0],"ix":1},"s":{"a":0,"k":[100,100,100],"ix":6}},"ao":0,"ip":1110,"op":1116,"st":1110,"bm":0},{"ddd":0,"ind":187,"ty":2,"nm":"1186.png","cl":"png","refId":"image_186","sr":1,"ks":{"o":{"a":0,"k":100,"ix":11},"r":{"a":0,"k":0,"ix":10},"p":{"a":0,"k":[256,144,0],"ix":2},"a":{"a":0,"k":[256,144,0],"ix":1},"s":{"a":0,"k":[100,100,100],"ix":6}},"ao":0,"ip":1116,"op":1122,"st":1116,"bm":0},{"ddd":0,"ind":188,"ty":2,"nm":"1187.png","cl":"png","refId":"image_187","sr":1,"ks":{"o":{"a":0,"k":100,"ix":11},"r":{"a":0,"k":0,"ix":10},"p":{"a":0,"k":[256,144,0],"ix":2},"a":{"a":0,"k":[256,144,0],"ix":1},"s":{"a":0,"k":[100,100,100],"ix":6}},"ao":0,"ip":1122,"op":1128,"st":1122,"bm":0},{"ddd":0,"ind":189,"ty":2,"nm":"1188.png","cl":"png","refId":"image_188","sr":1,"ks":{"o":{"a":0,"k":100,"ix":11},"r":{"a":0,"k":0,"ix":10},"p":{"a":0,"k":[256,144,0],"ix":2},"a":{"a":0,"k":[256,144,0],"ix":1},"s":{"a":0,"k":[100,100,100],"ix":6}},"ao":0,"ip":1128,"op":1134,"st":1128,"bm":0},{"ddd":0,"ind":190,"ty":2,"nm":"1189.png","cl":"png","refId":"image_189","sr":1,"ks":{"o":{"a":0,"k":100,"ix":11},"r":{"a":0,"k":0,"ix":10},"p":{"a":0,"k":[256,144,0],"ix":2},"a":{"a":0,"k":[256,144,0],"ix":1},"s":{"a":0,"k":[100,100,100],"ix":6}},"ao":0,"ip":1134,"op":1140,"st":1134,"bm":0},{"ddd":0,"ind":191,"ty":2,"nm":"1190.png","cl":"png","refId":"image_190","sr":1,"ks":{"o":{"a":0,"k":100,"ix":11},"r":{"a":0,"k":0,"ix":10},"p":{"a":0,"k":[256,144,0],"ix":2},"a":{"a":0,"k":[256,144,0],"ix":1},"s":{"a":0,"k":[100,100,100],"ix":6}},"ao":0,"ip":1140,"op":1146,"st":1140,"bm":0},{"ddd":0,"ind":192,"ty":2,"nm":"1191.png","cl":"png","refId":"image_191","sr":1,"ks":{"o":{"a":0,"k":100,"ix":11},"r":{"a":0,"k":0,"ix":10},"p":{"a":0,"k":[256,144,0],"ix":2},"a":{"a":0,"k":[256,144,0],"ix":1},"s":{"a":0,"k":[100,100,100],"ix":6}},"ao":0,"ip":1146,"op":1152,"st":1146,"bm":0},{"ddd":0,"ind":193,"ty":2,"nm":"1192.png","cl":"png","refId":"image_192","sr":1,"ks":{"o":{"a":0,"k":100,"ix":11},"r":{"a":0,"k":0,"ix":10},"p":{"a":0,"k":[256,144,0],"ix":2},"a":{"a":0,"k":[256,144,0],"ix":1},"s":{"a":0,"k":[100,100,100],"ix":6}},"ao":0,"ip":1152,"op":1158,"st":1152,"bm":0},{"ddd":0,"ind":194,"ty":2,"nm":"1193.png","cl":"png","refId":"image_193","sr":1,"ks":{"o":{"a":0,"k":100,"ix":11},"r":{"a":0,"k":0,"ix":10},"p":{"a":0,"k":[256,144,0],"ix":2},"a":{"a":0,"k":[256,144,0],"ix":1},"s":{"a":0,"k":[100,100,100],"ix":6}},"ao":0,"ip":1158,"op":1164,"st":1158,"bm":0},{"ddd":0,"ind":195,"ty":2,"nm":"1194.png","cl":"png","refId":"image_194","sr":1,"ks":{"o":{"a":0,"k":100,"ix":11},"r":{"a":0,"k":0,"ix":10},"p":{"a":0,"k":[256,144,0],"ix":2},"a":{"a":0,"k":[256,144,0],"ix":1},"s":{"a":0,"k":[100,100,100],"ix":6}},"ao":0,"ip":1164,"op":1170,"st":1164,"bm":0},{"ddd":0,"ind":196,"ty":2,"nm":"1195.png","cl":"png","refId":"image_195","sr":1,"ks":{"o":{"a":0,"k":100,"ix":11},"r":{"a":0,"k":0,"ix":10},"p":{"a":0,"k":[256,144,0],"ix":2},"a":{"a":0,"k":[256,144,0],"ix":1},"s":{"a":0,"k":[100,100,100],"ix":6}},"ao":0,"ip":1170,"op":1176,"st":1170,"bm":0},{"ddd":0,"ind":197,"ty":2,"nm":"1196.png","cl":"png","refId":"image_196","sr":1,"ks":{"o":{"a":0,"k":100,"ix":11},"r":{"a":0,"k":0,"ix":10},"p":{"a":0,"k":[256,144,0],"ix":2},"a":{"a":0,"k":[256,144,0],"ix":1},"s":{"a":0,"k":[100,100,100],"ix":6}},"ao":0,"ip":1176,"op":1182,"st":1176,"bm":0},{"ddd":0,"ind":198,"ty":2,"nm":"1197.png","cl":"png","refId":"image_197","sr":1,"ks":{"o":{"a":0,"k":100,"ix":11},"r":{"a":0,"k":0,"ix":10},"p":{"a":0,"k":[256,144,0],"ix":2},"a":{"a":0,"k":[256,144,0],"ix":1},"s":{"a":0,"k":[100,100,100],"ix":6}},"ao":0,"ip":1182,"op":1188,"st":1182,"bm":0},{"ddd":0,"ind":199,"ty":2,"nm":"1198.png","cl":"png","refId":"image_198","sr":1,"ks":{"o":{"a":0,"k":100,"ix":11},"r":{"a":0,"k":0,"ix":10},"p":{"a":0,"k":[256,144,0],"ix":2},"a":{"a":0,"k":[256,144,0],"ix":1},"s":{"a":0,"k":[100,100,100],"ix":6}},"ao":0,"ip":1188,"op":1194,"st":1188,"bm":0},{"ddd":0,"ind":200,"ty":2,"nm":"1199.png","cl":"png","refId":"image_199","sr":1,"ks":{"o":{"a":0,"k":100,"ix":11},"r":{"a":0,"k":0,"ix":10},"p":{"a":0,"k":[256,144,0],"ix":2},"a":{"a":0,"k":[256,144,0],"ix":1},"s":{"a":0,"k":[100,100,100],"ix":6}},"ao":0,"ip":1194,"op":1200,"st":1194,"bm":0},{"ddd":0,"ind":201,"ty":2,"nm":"1200.png","cl":"png","refId":"image_200","sr":1,"ks":{"o":{"a":0,"k":100,"ix":11},"r":{"a":0,"k":0,"ix":10},"p":{"a":0,"k":[256,144,0],"ix":2},"a":{"a":0,"k":[256,144,0],"ix":1},"s":{"a":0,"k":[100,100,100],"ix":6}},"ao":0,"ip":1200,"op":1206,"st":1200,"bm":0},{"ddd":0,"ind":202,"ty":2,"nm":"1201.png","cl":"png","refId":"image_201","sr":1,"ks":{"o":{"a":0,"k":100,"ix":11},"r":{"a":0,"k":0,"ix":10},"p":{"a":0,"k":[256,144,0],"ix":2},"a":{"a":0,"k":[256,144,0],"ix":1},"s":{"a":0,"k":[100,100,100],"ix":6}},"ao":0,"ip":1206,"op":1212,"st":1206,"bm":0},{"ddd":0,"ind":203,"ty":2,"nm":"1202.png","cl":"png","refId":"image_202","sr":1,"ks":{"o":{"a":0,"k":100,"ix":11},"r":{"a":0,"k":0,"ix":10},"p":{"a":0,"k":[256,144,0],"ix":2},"a":{"a":0,"k":[256,144,0],"ix":1},"s":{"a":0,"k":[100,100,100],"ix":6}},"ao":0,"ip":1212,"op":1218,"st":1212,"bm":0},{"ddd":0,"ind":204,"ty":2,"nm":"1203.png","cl":"png","refId":"image_203","sr":1,"ks":{"o":{"a":0,"k":100,"ix":11},"r":{"a":0,"k":0,"ix":10},"p":{"a":0,"k":[256,144,0],"ix":2},"a":{"a":0,"k":[256,144,0],"ix":1},"s":{"a":0,"k":[100,100,100],"ix":6}},"ao":0,"ip":1218,"op":1224,"st":1218,"bm":0},{"ddd":0,"ind":205,"ty":2,"nm":"1204.png","cl":"png","refId":"image_204","sr":1,"ks":{"o":{"a":0,"k":100,"ix":11},"r":{"a":0,"k":0,"ix":10},"p":{"a":0,"k":[256,144,0],"ix":2},"a":{"a":0,"k":[256,144,0],"ix":1},"s":{"a":0,"k":[100,100,100],"ix":6}},"ao":0,"ip":1224,"op":1230,"st":1224,"bm":0},{"ddd":0,"ind":206,"ty":2,"nm":"1205.png","cl":"png","refId":"image_205","sr":1,"ks":{"o":{"a":0,"k":100,"ix":11},"r":{"a":0,"k":0,"ix":10},"p":{"a":0,"k":[256,144,0],"ix":2},"a":{"a":0,"k":[256,144,0],"ix":1},"s":{"a":0,"k":[100,100,100],"ix":6}},"ao":0,"ip":1230,"op":1236,"st":1230,"bm":0},{"ddd":0,"ind":207,"ty":2,"nm":"1206.png","cl":"png","refId":"image_206","sr":1,"ks":{"o":{"a":0,"k":100,"ix":11},"r":{"a":0,"k":0,"ix":10},"p":{"a":0,"k":[256,144,0],"ix":2},"a":{"a":0,"k":[256,144,0],"ix":1},"s":{"a":0,"k":[100,100,100],"ix":6}},"ao":0,"ip":1236,"op":1242,"st":1236,"bm":0},{"ddd":0,"ind":208,"ty":2,"nm":"1207.png","cl":"png","refId":"image_207","sr":1,"ks":{"o":{"a":0,"k":100,"ix":11},"r":{"a":0,"k":0,"ix":10},"p":{"a":0,"k":[256,144,0],"ix":2},"a":{"a":0,"k":[256,144,0],"ix":1},"s":{"a":0,"k":[100,100,100],"ix":6}},"ao":0,"ip":1242,"op":1248,"st":1242,"bm":0},{"ddd":0,"ind":209,"ty":2,"nm":"1208.png","cl":"png","refId":"image_208","sr":1,"ks":{"o":{"a":0,"k":100,"ix":11},"r":{"a":0,"k":0,"ix":10},"p":{"a":0,"k":[256,144,0],"ix":2},"a":{"a":0,"k":[256,144,0],"ix":1},"s":{"a":0,"k":[100,100,100],"ix":6}},"ao":0,"ip":1248,"op":1254,"st":1248,"bm":0},{"ddd":0,"ind":210,"ty":2,"nm":"1209.png","cl":"png","refId":"image_209","sr":1,"ks":{"o":{"a":0,"k":100,"ix":11},"r":{"a":0,"k":0,"ix":10},"p":{"a":0,"k":[256,144,0],"ix":2},"a":{"a":0,"k":[256,144,0],"ix":1},"s":{"a":0,"k":[100,100,100],"ix":6}},"ao":0,"ip":1254,"op":1260,"st":1254,"bm":0},{"ddd":0,"ind":211,"ty":2,"nm":"1210.png","cl":"png","refId":"image_210","sr":1,"ks":{"o":{"a":0,"k":100,"ix":11},"r":{"a":0,"k":0,"ix":10},"p":{"a":0,"k":[256,144,0],"ix":2},"a":{"a":0,"k":[256,144,0],"ix":1},"s":{"a":0,"k":[100,100,100],"ix":6}},"ao":0,"ip":1260,"op":1266,"st":1260,"bm":0}]}],"layers":[{"ddd":0,"ind":1,"ty":0,"nm":"1000","refId":"comp_0","sr":1,"ks":{"o":{"a":0,"k":100,"ix":11},"r":{"a":0,"k":0,"ix":10},"p":{"a":0,"k":[540,296,0],"ix":2},"a":{"a":0,"k":[256,144,0],"ix":1},"s":{"a":0,"k":[204.687,204.688,100],"ix":6}},"ao":0,"w":512,"h":288,"ip":0,"op":1266,"st":0,"bm":0},{"ddd":0,"ind":2,"ty":0,"nm":"1000","refId":"comp_0","sr":1,"ks":{"o":{"a":0,"k":100,"ix":11},"r":{"a":0,"k":0,"ix":10},"p":{"a":0,"k":[540,1576,0],"ix":2},"a":{"a":0,"k":[256,144,0],"ix":1},"s":{"a":0,"k":[204.687,204.688,100],"ix":6}},"ao":0,"w":512,"h":288,"ip":38,"op":1304,"st":38,"bm":0},{"ddd":0,"ind":3,"ty":0,"nm":"1000","refId":"comp_0","sr":1,"ks":{"o":{"a":0,"k":100,"ix":11},"r":{"a":0,"k":0,"ix":10},"p":{"a":0,"k":[540,936,0],"ix":2},"a":{"a":0,"k":[256,144,0],"ix":1},"s":{"a":0,"k":[204.687,204.688,100],"ix":6}},"ao":0,"w":512,"h":288,"ip":68,"op":1334,"st":68,"bm":0}],"markers":[]}